cost_ratio_fn_to_fp,dataset,method,mean_normalized_cost,sd_across_repeats,n_repeats
1.0,1year.arff,PBMSBAINGO-HGBKELM(MCC-guarded),0.03067804646752012,0.00649768070567977,10
1.0,1year.arff,HistGB,0.03252726410621146,0.009167606792059883,10
1.0,1year.arff,PBMSBAINGO-HGBKELM(F2-mode),0.03262209577999049,0.006885008826963541,10
1.0,1year.arff,PBMSBAINGO-HGBKELM(Triad-mode),0.033333333333333305,0.012697552307731797,10
1.0,1year.arff,PBMSBAINGO-HGBKELM(Sensitivity-mode),0.06306306306306302,0.025140828833216416,10
1.0,1year.arff,EasyEnsemble,0.07833096254148879,0.020398976615714985,10
1.0,1year.arff,BalancedRF,0.1355618776671408,0.04799938577933124,10
1.0,1year.arff,TIS_NGO-KELM,0.18018018018018017,0.044739270345559225,10
1.0,2year.arff,PBMSBAINGO-HGBKELM(Triad-mode),0.06572739187418089,0.02973948157505572,10
1.0,2year.arff,PBMSBAINGO-HGBKELM(MCC-guarded),0.07919397116644823,0.030961732824146396,10
1.0,2year.arff,HistGB,0.0886959370904325,0.05945273531141097,10
1.0,2year.arff,PBMSBAINGO-HGBKELM(F2-mode),0.08925294888597639,0.04964536557564911,10
1.0,2year.arff,PBMSBAINGO-HGBKELM(Sensitivity-mode),0.0981979030144168,0.04553409591236028,10
1.0,2year.arff,EasyEnsemble,0.15828964613368282,0.0720534988337182,10
1.0,2year.arff,TIS_NGO-KELM,0.16530144167758848,0.07800631330607691,10
1.0,2year.arff,BalancedRF,0.19456094364351245,0.04887082604208768,10
1.0,3year.arff,PBMSBAINGO-HGBKELM(MCC-guarded),0.07829260552205647,0.023904032610892512,10
1.0,3year.arff,PBMSBAINGO-HGBKELM(Triad-mode),0.08013329101872424,0.020258740567388415,10
1.0,3year.arff,HistGB,0.08711520152332594,0.03674989392258246,10
1.0,3year.arff,PBMSBAINGO-HGBKELM(F2-mode),0.09638210092034273,0.04350670582287766,10
1.0,3year.arff,PBMSBAINGO-HGBKELM(Sensitivity-mode),0.11478895588701998,0.02629175001564741,10
1.0,3year.arff,EasyEnsemble,0.14452554744525548,0.05032219412384209,10
1.0,3year.arff,TIS_NGO-KELM,0.1999047921294827,0.042800408747535254,10
1.0,3year.arff,BalancedRF,0.20568073627419867,0.04132597597480015,10
1.0,4year.arff,PBMSBAINGO-HGBKELM(MCC-guarded),0.07093260721579309,0.016770143273330162,10
1.0,4year.arff,HistGB,0.07770592239618787,0.030662085289091708,10
1.0,4year.arff,PBMSBAINGO-HGBKELM(F2-mode),0.08240299523485364,0.03982363915493424,10
1.0,4year.arff,PBMSBAINGO-HGBKELM(Triad-mode),0.08515997277059226,0.017649444770482713,10
1.0,4year.arff,PBMSBAINGO-HGBKELM(Sensitivity-mode),0.10258679373723625,0.025872515011030786,10
1.0,4year.arff,EasyEnsemble,0.16021102791014297,0.05202766106515081,10
1.0,4year.arff,BalancedRF,0.16095983662355345,0.038063876493580395,10
1.0,4year.arff,TIS_NGO-KELM,0.17072838665759021,0.05792923623258097,10
1.0,5year.arff,HistGB,0.05425831923293849,0.00965915353872637,10
1.0,5year.arff,PBMSBAINGO-HGBKELM(MCC-guarded),0.055555555555555546,0.01025361475617478,10
1.0,5year.arff,PBMSBAINGO-HGBKELM(F2-mode),0.05854483925549914,0.013073600029486633,10
1.0,5year.arff,PBMSBAINGO-HGBKELM(Triad-mode),0.0623237450648618,0.018470979011633193,10
1.0,5year.arff,PBMSBAINGO-HGBKELM(Sensitivity-mode),0.06869712351945853,0.01903185377091978,10
1.0,5year.arff,EasyEnsemble,0.0763113367174281,0.0140666387947932,10
1.0,5year.arff,TIS_NGO-KELM,0.08730964467005076,0.011527651276538455,10
1.0,5year.arff,BalancedRF,0.08888888888888889,0.011867287816123511,10
2.0,1year.arff,PBMSBAINGO-HGBKELM(Triad-mode),0.04520547945205477,0.009990160780165548,10
2.0,1year.arff,PBMSBAINGO-HGBKELM(MCC-guarded),0.04817351598173513,0.005463574153971864,10
2.0,1year.arff,PBMSBAINGO-HGBKELM(F2-mode),0.04958904109589039,0.004642687810848441,10
2.0,1year.arff,HistGB,0.04990867579908675,0.007274316405994059,10
2.0,1year.arff,PBMSBAINGO-HGBKELM(Sensitivity-mode),0.07342465753424654,0.022801401347351362,10
2.0,1year.arff,EasyEnsemble,0.09392694063926935,0.01658295106953523,10
2.0,1year.arff,BalancedRF,0.14794520547945203,0.04361202064503625,10
2.0,1year.arff,TIS_NGO-KELM,0.1919634703196347,0.04076034160163079,10
2.0,2year.arff,PBMSBAINGO-HGBKELM(Triad-mode),0.07941361916771754,0.02702837963902203,10
2.0,2year.arff,PBMSBAINGO-HGBKELM(MCC-guarded),0.09564943253467843,0.027771076014271763,10
2.0,2year.arff,HistGB,0.10412988650693569,0.05341067039339785,10
2.0,2year.arff,PBMSBAINGO-HGBKELM(F2-mode),0.10457124842370742,0.04498916806236647,10
2.0,2year.arff,PBMSBAINGO-HGBKELM(Sensitivity-mode),0.11257881462799497,0.04103462243370343,10
2.0,2year.arff,EasyEnsemble,0.17099621689785624,0.0655365756056137,10
2.0,2year.arff,TIS_NGO-KELM,0.1845208070617907,0.06947810140950934,10
2.0,2year.arff,BalancedRF,0.20633669609079447,0.04509488679660591,10
2.0,3year.arff,PBMSBAINGO-HGBKELM(Triad-mode),0.09521212121212123,0.01863290050218629,10
2.0,3year.arff,PBMSBAINGO-HGBKELM(MCC-guarded),0.09878787878787877,0.01865544723832895,10
2.0,3year.arff,HistGB,0.10706060606060608,0.031137680508251313,10
2.0,3year.arff,PBMSBAINGO-HGBKELM(F2-mode),0.11481818181818179,0.036900207917471374,10
2.0,3year.arff,PBMSBAINGO-HGBKELM(Sensitivity-mode),0.12999999999999998,0.022496017627596055,10
2.0,3year.arff,EasyEnsemble,0.1598787878787879,0.04285024213103941,10
2.0,3year.arff,BalancedRF,0.2161212121212121,0.0363048908198198,10
2.0,3year.arff,TIS_NGO-KELM,0.21745454545454543,0.03675218899020686,10
2.0,4year.arff,PBMSBAINGO-HGBKELM(MCC-guarded),0.0931134820562561,0.01568862195070832,10
2.0,4year.arff,PBMSBAINGO-HGBKELM(Triad-mode),0.09696087940510834,0.013851263377701109,10
2.0,4year.arff,HistGB,0.09867442612350467,0.025982149535789943,10
2.0,4year.arff,PBMSBAINGO-HGBKELM(F2-mode),0.10274814096346589,0.034112913727888945,10
2.0,4year.arff,PBMSBAINGO-HGBKELM(Sensitivity-mode),0.11736178467507277,0.021764785066263354,10
2.0,4year.arff,EasyEnsemble,0.17287423213708375,0.04438696029944329,10
2.0,4year.arff,BalancedRF,0.17824118978338183,0.030927259471691476,10
2.0,4year.arff,TIS_NGO-KELM,0.189815712900097,0.04845454463259274,10
2.0,5year.arff,HistGB,0.07716244725738393,0.010200088014039554,10
2.0,5year.arff,PBMSBAINGO-HGBKELM(Triad-mode),0.07790084388185653,0.013291999652159847,10
2.0,5year.arff,PBMSBAINGO-HGBKELM(MCC-guarded),0.07821729957805906,0.010260513814466502,10
2.0,5year.arff,PBMSBAINGO-HGBKELM(F2-mode),0.07937763713080168,0.011825668716942121,10
2.0,5year.arff,PBMSBAINGO-HGBKELM(Sensitivity-mode),0.08428270042194091,0.016986798296462508,10
2.0,5year.arff,EasyEnsemble,0.10421940928270043,0.010017086571347074,10
2.0,5year.arff,BalancedRF,0.11577004219409284,0.007871245219945042,10
2.0,5year.arff,TIS_NGO-KELM,0.1204113924050633,0.00886762871948218,10
5.0,1year.arff,PBMSBAINGO-HGBKELM(Triad-mode),0.07607891491985201,0.007143865242718274,10
5.0,1year.arff,PBMSBAINGO-HGBKELM(MCC-guarded),0.09367036580353472,0.011216774951595565,10
5.0,1year.arff,PBMSBAINGO-HGBKELM(F2-mode),0.09371146732429099,0.011849156492911189,10
5.0,1year.arff,HistGB,0.0951089190300041,0.011590013447730406,10
5.0,1year.arff,PBMSBAINGO-HGBKELM(Sensitivity-mode),0.10036991368680637,0.017774579578930857,10
5.0,1year.arff,EasyEnsemble,0.13448417591450879,0.009114287327243674,10
5.0,1year.arff,BalancedRF,0.18014796547472253,0.03361404784111651,10
5.0,1year.arff,TIS_NGO-KELM,0.2226058364159474,0.031069777481949345,10
5.0,2year.arff,PBMSBAINGO-HGBKELM(Triad-mode),0.1148924122310306,0.02052343518603983,10
5.0,2year.arff,PBMSBAINGO-HGBKELM(MCC-guarded),0.13830690826727066,0.021021435031651717,10
5.0,2year.arff,HistGB,0.1441392978482446,0.03905822640548695,10
5.0,2year.arff,PBMSBAINGO-HGBKELM(F2-mode),0.14428086070215174,0.03385249053261685,10
5.0,2year.arff,PBMSBAINGO-HGBKELM(Sensitivity-mode),0.14985843714609287,0.03022102248730352,10
5.0,2year.arff,EasyEnsemble,0.20393544733861835,0.049004662735385715,10
5.0,2year.arff,TIS_NGO-KELM,0.23434314835787093,0.049167242648054825,10
5.0,2year.arff,BalancedRF,0.2368629671574179,0.03638265105157559,10
5.0,3year.arff,PBMSBAINGO-HGBKELM(Triad-mode),0.13325326928209236,0.015803898708260933,10
5.0,3year.arff,PBMSBAINGO-HGBKELM(MCC-guarded),0.15049372831598612,0.008612555706295157,10
5.0,3year.arff,HistGB,0.15737923672271154,0.018474178902662636,10
5.0,3year.arff,PBMSBAINGO-HGBKELM(F2-mode),0.16132906325060045,0.021620862925433883,10
5.0,3year.arff,PBMSBAINGO-HGBKELM(Sensitivity-mode),0.16837469975980784,0.01590841136749372,10
5.0,3year.arff,EasyEnsemble,0.1986122231118228,0.02486200438197537,10
5.0,3year.arff,BalancedRF,0.2424606351748065,0.025282269759192687,10
5.0,3year.arff,TIS_NGO-KELM,0.2617293835068054,0.022759539992497073,10
5.0,4year.arff,PBMSBAINGO-HGBKELM(Triad-mode),0.12619449128724006,0.006702285786966444,10
5.0,4year.arff,PBMSBAINGO-HGBKELM(MCC-guarded),0.14806070826306916,0.01428808161992186,10
5.0,4year.arff,HistGB,0.15061832490163013,0.0157989854305308,10
5.0,4year.arff,PBMSBAINGO-HGBKELM(F2-mode),0.15314783586284428,0.02137200174022877,10
5.0,4year.arff,PBMSBAINGO-HGBKELM(Sensitivity-mode),0.15396290050590222,0.01378089251875003,10
5.0,4year.arff,EasyEnsemble,0.20424395727937045,0.02648239954915474,10
5.0,4year.arff,BalancedRF,0.22105115233277123,0.01518934980106393,10
5.0,4year.arff,TIS_NGO-KELM,0.23709949409780778,0.02647383076735541,10
5.0,5year.arff,PBMSBAINGO-HGBKELM(Triad-mode),0.1144812362030905,0.014435953417180602,10
5.0,5year.arff,PBMSBAINGO-HGBKELM(Sensitivity-mode),0.1208830022075055,0.02172476554410798,10
5.0,5year.arff,PBMSBAINGO-HGBKELM(F2-mode),0.12830022075055186,0.017640656515109886,10
5.0,5year.arff,HistGB,0.1309492273730684,0.01749023090423387,10
5.0,5year.arff,PBMSBAINGO-HGBKELM(MCC-guarded),0.13143487858719646,0.022159319185268773,10
5.0,5year.arff,EasyEnsemble,0.16975717439293597,0.012136150721403761,10
5.0,5year.arff,BalancedRF,0.1788962472406181,0.014678095051921693,10
5.0,5year.arff,TIS_NGO-KELM,0.1981456953642384,0.022013945339497017,10
10.0,1year.arff,PBMSBAINGO-HGBKELM(Triad-mode),0.1157857646229739,0.014965267196784971,10
10.0,1year.arff,PBMSBAINGO-HGBKELM(Sensitivity-mode),0.13502466525722337,0.015486782384997596,10
10.0,1year.arff,PBMSBAINGO-HGBKELM(F2-mode),0.15045806906272022,0.02623714811332944,10
10.0,1year.arff,PBMSBAINGO-HGBKELM(MCC-guarded),0.152184637068358,0.022832842009493523,10
10.0,1year.arff,HistGB,0.1532417195207893,0.024162607631683704,10
10.0,1year.arff,EasyEnsemble,0.186645525017618,0.014422470648938979,10
10.0,1year.arff,BalancedRF,0.22156448202959828,0.026774682352780785,10
10.0,1year.arff,TIS_NGO-KELM,0.26201550387596895,0.021693779562696035,10
10.0,2year.arff,PBMSBAINGO-HGBKELM(Triad-mode),0.1602855759922556,0.014632449752410827,10
10.0,2year.arff,PBMSBAINGO-HGBKELM(MCC-guarded),0.1928848015488867,0.01870319261521441,10
10.0,2year.arff,PBMSBAINGO-HGBKELM(F2-mode),0.1950871248789932,0.024055830625438868,10
10.0,2year.arff,HistGB,0.19532913843175218,0.02747382696303593,10
10.0,2year.arff,PBMSBAINGO-HGBKELM(Sensitivity-mode),0.19755566311713457,0.02075776324936906,10
10.0,2year.arff,EasyEnsemble,0.24607938044530497,0.029756362132091162,10
10.0,2year.arff,BalancedRF,0.27591965150048403,0.029279183739703136,10
10.0,2year.arff,TIS_NGO-KELM,0.29808809293320426,0.03353633185350461,10
10.0,3year.arff,PBMSBAINGO-HGBKELM(Triad-mode),0.17983081032947462,0.015861972068128682,10
10.0,3year.arff,PBMSBAINGO-HGBKELM(MCC-guarded),0.21380231522707033,0.017432629471130417,10
10.0,3year.arff,PBMSBAINGO-HGBKELM(Sensitivity-mode),0.21536064113980408,0.019002299570858517,10
10.0,3year.arff,PBMSBAINGO-HGBKELM(F2-mode),0.21827693677649154,0.015572389458456968,10
10.0,3year.arff,HistGB,0.2189893143365984,0.014880124820907035,10
10.0,3year.arff,EasyEnsemble,0.2460373998219056,0.01329335745205257,10
10.0,3year.arff,BalancedRF,0.27471059661620656,0.02004880671479812,10
10.0,3year.arff,TIS_NGO-KELM,0.3159394479073909,0.015549228556186317,10
10.0,4year.arff,PBMSBAINGO-HGBKELM(Triad-mode),0.16097392107085162,0.012144186610675102,10
10.0,4year.arff,PBMSBAINGO-HGBKELM(Sensitivity-mode),0.19750750057696748,0.015007977365656226,10
10.0,4year.arff,HistGB,0.2124163397184399,0.013136715505733079,10
10.0,4year.arff,PBMSBAINGO-HGBKELM(F2-mode),0.21310870066928228,0.01565091987176222,10
10.0,4year.arff,PBMSBAINGO-HGBKELM(MCC-guarded),0.21343180244634205,0.01541684689454307,10
10.0,4year.arff,EasyEnsemble,0.24156473574890377,0.014955538672003173,10
10.0,4year.arff,BalancedRF,0.2719824601892453,0.016850171957007342,10
10.0,4year.arff,TIS_NGO-KELM,0.29335333487191323,0.01785762080889117,10
10.0,5year.arff,PBMSBAINGO-HGBKELM(Triad-mode),0.15461805555555555,0.030295810443050276,10
10.0,5year.arff,PBMSBAINGO-HGBKELM(Sensitivity-mode),0.16104166666666667,0.035332522289589025,10
10.0,5year.arff,PBMSBAINGO-HGBKELM(F2-mode),0.18197916666666664,0.029891354373334955,10
10.0,5year.arff,PBMSBAINGO-HGBKELM(MCC-guarded),0.18982638888888886,0.03919599104161761,10
10.0,5year.arff,HistGB,0.18996527777777775,0.028503939162048658,10
10.0,5year.arff,EasyEnsemble,0.2416666666666667,0.0253807595651559,10
10.0,5year.arff,BalancedRF,0.2481597222222222,0.03050424019441922,10
10.0,5year.arff,TIS_NGO-KELM,0.2834375,0.04231873069752675,10
20.0,1year.arff,PBMSBAINGO-HGBKELM(Triad-mode),0.16875,0.029450367750491195,10
20.0,1year.arff,PBMSBAINGO-HGBKELM(Sensitivity-mode),0.18124999999999997,0.0215522441118704,10
20.0,1year.arff,PBMSBAINGO-HGBKELM(F2-mode),0.22615131578947367,0.045949538837217564,10
20.0,1year.arff,PBMSBAINGO-HGBKELM(MCC-guarded),0.2302357456140351,0.03905722558522631,10
20.0,1year.arff,HistGB,0.23078399122807017,0.042276268432315744,10
20.0,1year.arff,EasyEnsemble,0.2562225877192982,0.032027704505599046,10
20.0,1year.arff,BalancedRF,0.27680921052631574,0.03437659816245054,10
20.0,1year.arff,TIS_NGO-KELM,0.3145833333333333,0.022631766653421665,10
20.0,2year.arff,PBMSBAINGO-HGBKELM(Triad-mode),0.220423855963991,0.016305928850118473,10
20.0,2year.arff,PBMSBAINGO-HGBKELM(Sensitivity-mode),0.2607464366091523,0.02573079037908025,10
20.0,2year.arff,PBMSBAINGO-HGBKELM(F2-mode),0.26239684921230305,0.028079533408595987,10
20.0,2year.arff,HistGB,0.2631470367591898,0.036562446079356825,10
20.0,2year.arff,PBMSBAINGO-HGBKELM(MCC-guarded),0.2651912978244561,0.028232019253679668,10
20.0,2year.arff,EasyEnsemble,0.30191297824456115,0.021083584692584867,10
20.0,2year.arff,BalancedRF,0.32766316579144783,0.031671734280071896,10
20.0,2year.arff,TIS_NGO-KELM,0.3825393848462116,0.05007373486545124,10
20.0,3year.arff,PBMSBAINGO-HGBKELM(Triad-mode),0.23818121029755934,0.02102524034396654,10
20.0,3year.arff,PBMSBAINGO-HGBKELM(Sensitivity-mode),0.274222668004012,0.03384348881337696,10
20.0,3year.arff,PBMSBAINGO-HGBKELM(F2-mode),0.28961885656970915,0.03622056339092018,10
20.0,3year.arff,PBMSBAINGO-HGBKELM(MCC-guarded),0.2931126713473754,0.03833279528730563,10
20.0,3year.arff,HistGB,0.2961718488799733,0.03286309223831944,10
20.0,3year.arff,EasyEnsemble,0.30544968238047476,0.03542245818462475,10
20.0,3year.arff,BalancedRF,0.31511200267469075,0.03205321028355883,10
20.0,3year.arff,TIS_NGO-KELM,0.38385155466399196,0.03241173908927285,10
20.0,4year.arff,PBMSBAINGO-HGBKELM(Triad-mode),0.20304266530681625,0.025967576434246454,10
20.0,4year.arff,PBMSBAINGO-HGBKELM(Sensitivity-mode),0.2501784803671596,0.028452543429229416,10
20.0,4year.arff,PBMSBAINGO-HGBKELM(F2-mode),0.2856365799762026,0.0300409538853578,10
20.0,4year.arff,EasyEnsemble,0.2867074621791603,0.033829368243162884,10
20.0,4year.arff,HistGB,0.2871664116947136,0.026505845508314946,10
20.0,4year.arff,PBMSBAINGO-HGBKELM(MCC-guarded),0.29250382457929625,0.01998640891691491,10
20.0,4year.arff,BalancedRF,0.3335883052864185,0.04098067488191957,10
20.0,4year.arff,TIS_NGO-KELM,0.3613972463029067,0.046341338981197064,10
20.0,5year.arff,PBMSBAINGO-HGBKELM(Triad-mode),0.19885644768856447,0.05017543840402641,10
20.0,5year.arff,PBMSBAINGO-HGBKELM(Sensitivity-mode),0.20530413625304136,0.05292811907813557,10
20.0,5year.arff,PBMSBAINGO-HGBKELM(F2-mode),0.24114355231143553,0.044869453663883306,10
20.0,5year.arff,PBMSBAINGO-HGBKELM(MCC-guarded),0.25418491484184913,0.0586725196128949,10
20.0,5year.arff,HistGB,0.2550121654501216,0.04142917995825803,10
20.0,5year.arff,EasyEnsemble,0.32092457420924575,0.041614454729811845,10
20.0,5year.arff,BalancedRF,0.3245012165450122,0.04879854401481109,10
20.0,5year.arff,TIS_NGO-KELM,0.37744525547445257,0.06537667066638322,10
50.0,1year.arff,PBMSBAINGO-HGBKELM(Triad-mode),0.24294175715695956,0.0506140585693493,10
50.0,1year.arff,PBMSBAINGO-HGBKELM(Sensitivity-mode),0.2460019743336624,0.0374979687124491,10
50.0,1year.arff,PBMSBAINGO-HGBKELM(F2-mode),0.33218163869693984,0.07372077896238781,10
50.0,1year.arff,HistGB,0.3394044093451794,0.06807150903835693,10
50.0,1year.arff,PBMSBAINGO-HGBKELM(MCC-guarded),0.33956893715037845,0.062032168387704,10
50.0,1year.arff,EasyEnsemble,0.3536854228364593,0.05850443883454854,10
50.0,1year.arff,BalancedRF,0.35419545903257654,0.06152503043507174,10
50.0,1year.arff,TIS_NGO-KELM,0.388219809147746,0.0438028103801768,10
50.0,2year.arff,PBMSBAINGO-HGBKELM(Triad-mode),0.30388490819525305,0.030881291070086893,10
50.0,2year.arff,PBMSBAINGO-HGBKELM(Sensitivity-mode),0.3484437975817286,0.051249116036889884,10
50.0,2year.arff,PBMSBAINGO-HGBKELM(F2-mode),0.3558105687416032,0.053805886794645666,10
50.0,2year.arff,HistGB,0.35726600985221674,0.07191573157185058,10
50.0,2year.arff,PBMSBAINGO-HGBKELM(MCC-guarded),0.3655396327810121,0.04992707978821272,10
50.0,2year.arff,EasyEnsemble,0.3793999104343932,0.052846997046219396,10
50.0,2year.arff,BalancedRF,0.39947380206000893,0.051456841230828304,10
50.0,2year.arff,TIS_NGO-KELM,0.49974249888042993,0.1013493158186986,10
50.0,3year.arff,PBMSBAINGO-HGBKELM(Triad-mode),0.31341370072713354,0.03156684145728662,10
50.0,3year.arff,PBMSBAINGO-HGBKELM(Sensitivity-mode),0.35011481056257177,0.05676133846880253,10
50.0,3year.arff,BalancedRF,0.3672024492920015,0.05786442369836193,10
50.0,3year.arff,PBMSBAINGO-HGBKELM(F2-mode),0.381601607347876,0.07006248449626848,10
50.0,3year.arff,EasyEnsemble,0.382051282051282,0.07295117412902123,10
50.0,3year.arff,PBMSBAINGO-HGBKELM(MCC-guarded),0.3953693073096058,0.06642916213530949,10
50.0,3year.arff,HistGB,0.39568503635667823,0.06198971473328182,10
50.0,3year.arff,TIS_NGO-KELM,0.47141216991963264,0.06315640369802525,10
50.0,4year.arff,PBMSBAINGO-HGBKELM(Triad-mode),0.25496060001898796,0.043959359865770486,10
50.0,4year.arff,PBMSBAINGO-HGBKELM(Sensitivity-mode),0.3151808601538023,0.04845704530183156,10
50.0,4year.arff,EasyEnsemble,0.34241906389442706,0.06739838607311882,10
50.0,4year.arff,PBMSBAINGO-HGBKELM(F2-mode),0.37514478306275517,0.0556148884588024,10
50.0,4year.arff,HistGB,0.3794170701604481,0.04792917229721602,10
50.0,4year.arff,PBMSBAINGO-HGBKELM(MCC-guarded),0.3900882939333523,0.02796557189956445,10
50.0,4year.arff,BalancedRF,0.4096173929554733,0.07355779995275738,10
50.0,4year.arff,TIS_NGO-KELM,0.44537168897749935,0.08866601684565169,10
50.0,5year.arff,PBMSBAINGO-HGBKELM(Triad-mode),0.24785897435897436,0.07273685179587613,10
50.0,5year.arff,PBMSBAINGO-HGBKELM(Sensitivity-mode),0.25433333333333336,0.0733150964513276,10
50.0,5year.arff,PBMSBAINGO-HGBKELM(F2-mode),0.3066794871794872,0.06195730710865846,10
50.0,5year.arff,PBMSBAINGO-HGBKELM(MCC-guarded),0.32547435897435895,0.080479039359144,10
50.0,5year.arff,HistGB,0.32706410256410257,0.056041316497703914,10
50.0,5year.arff,EasyEnsemble,0.4087179487179487,0.059977958792753944,10
50.0,5year.arff,BalancedRF,0.4090641025641026,0.06927821129549969,10
50.0,5year.arff,TIS_NGO-KELM,0.48157692307692307,0.09111576233697884,10
