method,metric,tasks,mean,sd
Balanced_logistic,auc,9,0.8419472529498326,0.0742105868209143
Balanced_logistic,ap,9,0.855971607776277,0.07389961976309596
Balanced_logistic,mcc,9,0.5269967900973261,0.11982337976824953
Balanced_logistic,balanced_accuracy,9,0.7456915891090568,0.06450080380265227
Balanced_logistic,brier,9,0.1741593258442002,0.0408680515716161
Balanced_logistic,log_loss,9,0.5500720288171217,0.10487793406324475
Balanced_logistic,ece_10,9,0.12358151079807239,0.0677219068722475
Balanced_logistic,calibration_intercept,9,-0.08591436226208458,0.5141272132700189
Balanced_logistic,calibration_slope,9,2.6974312818058426,4.771771809245481
Balanced_logistic,absolute_intercept,9,0.3840195528940939,0.3266892019067305
Balanced_logistic,absolute_slope_error,9,2.14108195354457,4.5666155248992695
Full_PBMSBAINGO,auc,9,0.8403617165645498,0.07285955497040816
Full_PBMSBAINGO,ap,9,0.8297149648533406,0.07687744752484951
Full_PBMSBAINGO,mcc,9,0.4770100267988577,0.1544022406268073
Full_PBMSBAINGO,balanced_accuracy,9,0.7235278839945543,0.08349918304004764
Full_PBMSBAINGO,brier,9,0.1647690696669547,0.03844493201436558
Full_PBMSBAINGO,log_loss,9,0.5029888957738464,0.09391689196015648
Full_PBMSBAINGO,ece_10,9,0.10180675520553323,0.015157612047247195
Full_PBMSBAINGO,calibration_intercept,9,-0.0401538147531689,0.24064790511918518
Full_PBMSBAINGO,calibration_slope,9,1.0167258254619522,0.29611054619277133
Full_PBMSBAINGO,absolute_intercept,9,0.1750391728409456,0.1589236708295539
Full_PBMSBAINGO,absolute_slope_error,9,0.22347026404970588,0.17836717517493825
Full_random_search,auc,9,0.8355038019541356,0.07668105727715294
Full_random_search,ap,9,0.8272378640626653,0.08316834397687876
Full_random_search,mcc,9,0.45195890487732915,0.16657880461924945
Full_random_search,balanced_accuracy,9,0.7082674153329663,0.08829068509987574
Full_random_search,brier,9,0.16615995277188972,0.039237530058298976
Full_random_search,log_loss,9,0.5051745819835467,0.0965627989936074
Full_random_search,ece_10,9,0.09464174492714379,0.010866841664372733
Full_random_search,calibration_intercept,9,-0.028665346690905386,0.21855557122428806
Full_random_search,calibration_slope,9,1.0393659982867842,0.3249638756801928
Full_random_search,absolute_intercept,9,0.15423664372485732,0.14808238425198064
Full_random_search,absolute_slope_error,9,0.23667637177794798,0.2105403630378891
HistGB,auc,9,0.8329053539531024,0.0774822000453228
HistGB,ap,9,0.8267998215825731,0.08563205157254511
HistGB,mcc,9,0.47567270652629534,0.14920381621548265
HistGB,balanced_accuracy,9,0.7230048279414016,0.08126639287038777
HistGB,brier,9,0.17072983258423735,0.03808144328541994
HistGB,log_loss,9,0.5169184936966462,0.09297550611552119
HistGB,ece_10,9,0.09095086854614037,0.018036654073053503
HistGB,calibration_intercept,9,-0.0283482380029227,0.20841267929923418
HistGB,calibration_slope,9,1.0498267799047822,0.3311595129588831
HistGB,absolute_intercept,9,0.14300073111733477,0.1460635480798881
HistGB,absolute_slope_error,9,0.23258785886417865,0.22715725481679694
KELM_PBMSBAINGO,auc,9,0.8387220754365953,0.0770776366557474
KELM_PBMSBAINGO,ap,9,0.8427344214014546,0.07101064905747752
KELM_PBMSBAINGO,mcc,9,0.4874749862448992,0.1460120932604024
KELM_PBMSBAINGO,balanced_accuracy,9,0.7230981587921659,0.07940135586423804
KELM_PBMSBAINGO,brier,9,0.17046414192144346,0.038690858386140635
KELM_PBMSBAINGO,log_loss,9,0.5253825522024365,0.09883022730716866
KELM_PBMSBAINGO,ece_10,9,0.11420612876410215,0.03433645093762498
KELM_PBMSBAINGO,calibration_intercept,9,-0.09861939959292233,0.37592081905583435
KELM_PBMSBAINGO,calibration_slope,9,1.390559902686296,1.1269586576930182
KELM_PBMSBAINGO,absolute_intercept,9,0.2515490052256222,0.28473049825920693
KELM_PBMSBAINGO,absolute_slope_error,9,0.6591493251652834,0.9761415990827303
KELM_risk_feature,auc,9,0.8366605406182536,0.07339447025961729
KELM_risk_feature,ap,9,0.8394489458955143,0.07111043430657364
KELM_risk_feature,mcc,9,0.48258833282343133,0.11497478945180256
KELM_risk_feature,balanced_accuracy,9,0.7221839273548286,0.06214155365068369
KELM_risk_feature,brier,9,0.17050292931579503,0.03760858512875134
KELM_risk_feature,log_loss,9,0.520792721259316,0.09845954778695086
KELM_risk_feature,ece_10,9,0.11038786543011503,0.031330569474516026
KELM_risk_feature,calibration_intercept,9,-0.0481501083378689,0.25066581540006666
KELM_risk_feature,calibration_slope,9,1.3195128605275075,0.7425506895387741
KELM_risk_feature,absolute_intercept,9,0.15836879150861166,0.19293996390162924
KELM_risk_feature,absolute_slope_error,9,0.4760725420976082,0.6412919417672418
KELM_score_fusion,auc,9,0.8435467085852878,0.07392251232794257
KELM_score_fusion,ap,9,0.8444265831618288,0.06830859754186538
KELM_score_fusion,mcc,9,0.49709027247300713,0.13809286955454653
KELM_score_fusion,balanced_accuracy,9,0.728851906019597,0.07721431187266684
KELM_score_fusion,brier,9,0.16867968626499208,0.03638429349477815
KELM_score_fusion,log_loss,9,0.5164524788075684,0.09541940056618466
KELM_score_fusion,ece_10,9,0.10891704820323783,0.023016613685890842
KELM_score_fusion,calibration_intercept,9,-0.05826703841560637,0.3503183063178925
KELM_score_fusion,calibration_slope,9,1.3080810046519107,0.8509421616893587
KELM_score_fusion,absolute_intercept,9,0.25541610250128366,0.2305434576903316
KELM_score_fusion,absolute_slope_error,9,0.5098164019309359,0.7338111793975167
Uncertainty_gated_fusion,auc,9,0.8382262161460308,0.07412265012051522
Uncertainty_gated_fusion,ap,9,0.8427497395431333,0.07148077238061255
Uncertainty_gated_fusion,mcc,9,0.4805950944222507,0.11846094737475198
Uncertainty_gated_fusion,balanced_accuracy,9,0.7205648097474655,0.06547960334255677
Uncertainty_gated_fusion,brier,9,0.1690421656809983,0.03810984964767814
Uncertainty_gated_fusion,log_loss,9,0.5172174969813088,0.10054534867942784
Uncertainty_gated_fusion,ece_10,9,0.11086954898786429,0.03197396919836073
Uncertainty_gated_fusion,calibration_intercept,9,-0.044229479627782946,0.2760928507450014
Uncertainty_gated_fusion,calibration_slope,9,1.308148039197623,0.7504224157683516
Uncertainty_gated_fusion,absolute_intercept,9,0.18751897474962653,0.1971528679264371
Uncertainty_gated_fusion,absolute_slope_error,9,0.49811862745540975,0.6251567643489885
