horizon,target_region,method,auc,ap,mcc,balanced_accuracy,brier,log_loss,ece_10,calibration_intercept,calibration_slope,absolute_intercept,absolute_slope_error
1,Asia,Balanced_logistic,0.9440104166666666,0.9543744904577072,0.6798834181250946,0.8229166666666666,0.10232066833679218,0.3235760106814021,0.0858643808341293,-0.6868715380360546,1.263824887137421,0.6868715380360546,0.2638248871374209
1,Asia,Full_PBMSBAINGO,0.9421875,0.9498552395793742,0.6336803136008238,0.7895833333333334,0.10072957629778063,0.3327558695224062,0.09771927305752044,0.007439076056843079,1.044005603642717,0.007439076056843079,0.044005603642716995
1,Asia,Full_random_search,0.9394097222222223,0.9460494160257525,0.6603209328969345,0.8104166666666666,0.0997280826256991,0.3303192611071669,0.09008998138996807,-0.02464966218622388,1.0435504978211498,0.02464966218622388,0.043550497821149836
1,Asia,HistGB,0.939670138888889,0.9494823313405835,0.6460415830634638,0.8020833333333333,0.1031382988368946,0.3404948699175872,0.1013675773989248,0.0118002001395812,1.034502923305926,0.0118002001395812,0.03450292330592597
1,Asia,KELM_PBMSBAINGO,0.9276041666666668,0.9383165779862528,0.6337717474472593,0.7958333333333334,0.1176247339229927,0.37962884878732905,0.1085748517075444,-0.5239904631751295,1.334444618151802,0.5239904631751295,0.33444461815180193
1,Asia,KELM_risk_feature,0.9383680555555557,0.9461241697927434,0.606191593852985,0.775,0.09737198991871761,0.3272731910485198,0.08444188335001286,-0.14247549587916958,1.42621338323435,0.14247549587916958,0.42621338323435
1,Asia,KELM_score_fusion,0.9322048611111111,0.9412019052925444,0.6294057834581823,0.7895833333333332,0.11018593938943388,0.35483105016670236,0.09990555584684464,-0.19396899223145664,1.2039943517684222,0.19396899223145664,0.20399435176842218
1,Asia,Uncertainty_gated_fusion,0.9383680555555557,0.9461241697927434,0.606191593852985,0.775,0.09737198991871761,0.3272731910485198,0.08444188335001286,-0.14247549587916958,1.42621338323435,0.14247549587916958,0.42621338323435
1,Europe,Balanced_logistic,0.8859097127222985,0.8789238152502963,0.5035262172575005,0.7149794801641587,0.1335267507778348,0.4849476302041785,0.0689753452453872,0.1763850505203446,0.708503481494626,0.1763850505203446,0.29149651850537395
1,Europe,Full_PBMSBAINGO,0.8718194254445963,0.8380363648519247,0.5831929289220041,0.7876060191518468,0.1434730259139782,0.46985235318760754,0.09021490135443036,-0.20760078095652887,0.7661658967057804,0.20760078095652887,0.2338341032942196
1,Europe,Full_random_search,0.8717920656634748,0.8355263047731046,0.5576456903009721,0.7702872777017784,0.14305620242454387,0.4648025682108832,0.08912280538228583,-0.15830304765389747,0.7642415344415138,0.15830304765389747,0.23575846555848623
1,Europe,HistGB,0.8808481532147743,0.8607584204467822,0.5493412588939887,0.7611491108071136,0.1498404627628348,0.4779763713993825,0.0935486824258398,-0.1250236937510642,0.7323014741694593,0.1250236937510642,0.26769852583054066
1,Europe,KELM_PBMSBAINGO,0.8750478796169631,0.86676721125549,0.5692768334510204,0.7659507523939808,0.1402760474770266,0.46878086485200365,0.07321560437483408,-0.06497790526894072,0.7620050014659963,0.06497790526894072,0.23799499853400374
1,Europe,KELM_risk_feature,0.8493844049247606,0.836871383787414,0.4853417695199087,0.728467852257182,0.16150544402442918,0.49982969551312123,0.10151114983025829,-0.018524269239661887,1.1971858317096224,0.018524269239661887,0.19718583170962245
1,Europe,KELM_score_fusion,0.8821340629274965,0.8608563308425747,0.5551942903270475,0.7635020519835841,0.14966382953661617,0.4773208022739472,0.09167349024175006,-0.12637231728780077,0.7325093543390707,0.12637231728780077,0.2674906456609293
1,Europe,Uncertainty_gated_fusion,0.8493844049247606,0.836871383787414,0.4853417695199087,0.728467852257182,0.16150544402442918,0.49982969551312123,0.10151114983025829,-0.018524269239661887,1.1971858317096224,0.018524269239661887,0.19718583170962245
1,North America,Balanced_logistic,0.8811217510259917,0.9134370704739888,0.6628442637111425,0.8138166894664842,0.1361765994251453,0.4761766750967566,0.0917051679781037,-0.3812038432277311,0.6158875907588395,0.3812038432277311,0.3841124092411605
1,North America,Full_PBMSBAINGO,0.8997811217510261,0.9053299600804932,0.635538395389033,0.8166210670314638,0.1371781583196559,0.43212716432264686,0.08900043604389288,-0.2768885396647899,1.0245201990138055,0.2768885396647899,0.024520199013805533
1,North America,Full_random_search,0.9047058823529411,0.913099470580789,0.6172884514229662,0.8004514363885089,0.13677102880877232,0.43171728848291646,0.0838038697775649,-0.30596831809046854,1.0515305044607601,0.30596831809046854,0.05153050446076013
1,North America,HistGB,0.9073871409028728,0.9192924561283295,0.6397337567110021,0.8189466484268128,0.1380057893140534,0.4358467176219614,0.0852486738382041,-0.3019941550334707,1.0520519148822234,0.3019941550334707,0.05205191488222338
1,North America,KELM_PBMSBAINGO,0.8894664842681259,0.8998708650253386,0.6525373854913394,0.8181532147742818,0.1321173972229722,0.4229124910027801,0.06328378903783542,-0.08393925270737404,0.9574351220590807,0.08393925270737404,0.04256487794091934
1,North America,KELM_risk_feature,0.8601231190150479,0.8384430352125707,0.5802669422082931,0.7830506155950753,0.16412310155101145,0.49909374108255244,0.07557854370681329,-0.02473578649538627,1.004001697720326,0.02473578649538627,0.004001697720326103
1,North America,KELM_score_fusion,0.9023529411764706,0.9148929378453332,0.6584765797899582,0.8272093023255813,0.13418061081488228,0.42601256282885513,0.07786958680031383,-0.2660120317976519,0.9783573525561489,0.2660120317976519,0.021642647443851137
1,North America,Uncertainty_gated_fusion,0.8743091655266758,0.8663325626407559,0.5834119586014331,0.7853351573187415,0.1511189641579015,0.46415432777698207,0.07185525420845203,-0.13826878188456643,1.0954637802656437,0.13826878188456643,0.09546378026564373
2,Asia,Balanced_logistic,0.9144965277777775,0.9124399524683342,0.6493659782899173,0.8229166666666667,0.21907467623175186,0.6304146150301188,0.2833259752304422,0.1994753342087673,15.21592508268925,0.1994753342087673,14.21592508268925
2,Asia,Full_PBMSBAINGO,0.8551215277777778,0.8234356524261512,0.5588449438309265,0.7687499999999998,0.16279384531519422,0.5049838572182603,0.1235715014368894,-0.08360924770962601,1.5320557774850987,0.08360924770962601,0.5320557774850987
2,Asia,Full_random_search,0.8716145833333332,0.8600405059876509,0.5328929747268437,0.75,0.1540972209825401,0.48159130890854945,0.11024677376118344,0.03989350534622118,1.6405996461836725,0.03989350534622118,0.6405996461836725
2,Asia,HistGB,0.8546006944444444,0.8322420966926936,0.5843389347222367,0.78125,0.1657008508261986,0.5129137304205235,0.115476350340955,-0.0078985743333843,1.616794997651065,0.0078985743333843,0.6167949976510649
2,Asia,KELM_PBMSBAINGO,0.8792534722222222,0.8821391891440176,0.4877651412573513,0.7083333333333333,0.17890680803510714,0.5414644894805902,0.16768308126461248,-0.012357301807978515,4.04130983931111,0.012357301807978515,3.0413098393111104
2,Asia,KELM_risk_feature,0.89296875,0.8924789144985296,0.5049326487606962,0.7291666666666666,0.16372184799029754,0.508759251059662,0.18049571493144514,-0.09999867742908566,3.0314825800779883,0.09999867742908566,2.0314825800779883
2,Asia,KELM_score_fusion,0.8594618055555555,0.8535343233203134,0.5125155749883457,0.7291666666666666,0.17926932277485172,0.5427875057607997,0.14302387544361492,0.14670992871737906,3.165290171997185,0.14670992871737906,2.165290171997185
2,Asia,Uncertainty_gated_fusion,0.89296875,0.8924789144985296,0.5049326487606962,0.7291666666666666,0.16372184799029754,0.508759251059662,0.18049571493144514,-0.09999867742908566,3.0314825800779883,0.09999867742908566,2.0314825800779883
2,Europe,Balanced_logistic,0.8034199726402189,0.7869736092025974,0.4513972721892684,0.6973324213406292,0.1842761516432651,0.6119615702880244,0.1017070533224419,0.1576554542555397,0.5700643957449046,0.1576554542555397,0.42993560425509536
2,Europe,Full_PBMSBAINGO,0.7947195622435019,0.7931017101426722,0.4503280873653651,0.7052941176470588,0.19336022352345705,0.568856093918904,0.09957554680547127,0.12356467336314225,0.7681533052094668,0.12356467336314225,0.23184669479053321
2,Europe,Full_random_search,0.7744459644322845,0.7783083622663061,0.4620131774585158,0.7111354309165525,0.19894312638455378,0.5862718058988008,0.1038081274682285,0.1017235151680447,0.7282425304521802,0.1017235151680447,0.27175746954781976
2,Europe,HistGB,0.7586867305061559,0.7659263943051273,0.4333687592941463,0.6971272229822161,0.20314842789294524,0.5928567766779367,0.0666023857729545,0.0846370198775124,0.903969980012157,0.0846370198775124,0.096030019987843
2,Europe,KELM_PBMSBAINGO,0.8147742818057455,0.8057743686523852,0.4680092082082886,0.7100683994528044,0.18398757936994994,0.6006399112878164,0.1056669478415865,0.09176922723109003,0.7390638008695513,0.09176922723109003,0.26093619913044874
2,Europe,KELM_risk_feature,0.8021887824897401,0.8112900716632326,0.45693356943585856,0.7076470588235295,0.19073054483092425,0.5784695897534855,0.1099698856253449,0.13437937557083848,0.7096599736060225,0.13437937557083848,0.2903400263939775
2,Europe,KELM_score_fusion,0.8093570451436388,0.7981066063513911,0.478354775285442,0.7158823529411765,0.1869820034465181,0.608456056908896,0.10645495912553922,0.0732960344019287,0.772009093473095,0.0732960344019287,0.227990906526905
2,Europe,Uncertainty_gated_fusion,0.8021887824897401,0.8112900716632326,0.45693356943585856,0.7076470588235295,0.19073054483092425,0.5784695897534855,0.1099698856253449,0.13437937557083848,0.7096599736060225,0.13437937557083848,0.2903400263939775
2,North America,Balanced_logistic,0.8073723465289729,0.8534941456966717,0.4841527384287163,0.731425702811245,0.1786813389158996,0.5959567668017041,0.0989804324542473,0.1384002646389417,0.5605383650644322,0.1384002646389417,0.4394616349355678
2,North America,Full_PBMSBAINGO,0.8632530120481927,0.8530797381744403,0.4982070305183415,0.7327739529546757,0.15407819592907293,0.4793643083957795,0.08054502977211195,-0.035398642066841034,0.7962955403406928,0.035398642066841034,0.20370445965930717
2,North America,Full_random_search,0.8555077452667813,0.8503171333400438,0.4124784776946543,0.6734509466437177,0.1582404548730353,0.47934465428705375,0.08515943554299732,-0.026785123300496455,0.866634792311746,0.026785123300496455,0.133365207688254
2,North America,HistGB,0.8588640275387263,0.8572195571594456,0.4869825130371185,0.7427567412507171,0.1666717408440504,0.5075168862349643,0.0978362679037738,-0.05270882288582459,0.7080735692920371,0.05270882288582459,0.29192643070796287
2,North America,KELM_PBMSBAINGO,0.839443488238669,0.8312238159558257,0.41365534728573133,0.6862880091795753,0.1685589033508086,0.5093867059320932,0.10500279845823997,0.17054302518734726,0.9495914243835732,0.17054302518734726,0.050408575616426754
2,North America,KELM_risk_feature,0.8305794606999426,0.8502218309180506,0.5027723354001414,0.7316408491107286,0.1655977917723718,0.5082481087121139,0.08793827870584624,0.11778610474032422,0.9339602546676791,0.11778610474032422,0.06603974533232093
2,North America,KELM_score_fusion,0.8529546758462422,0.8489350536825919,0.44239622372043375,0.7028829604130808,0.16440914719804336,0.49546436509941083,0.1117569244536953,0.1783381143976846,0.952208118792693,0.1783381143976846,0.04779188120730704
2,North America,Uncertainty_gated_fusion,0.8305794606999426,0.8502218309180506,0.5027723354001414,0.7316408491107286,0.1655977917723718,0.5082481087121139,0.08793827870584624,0.11778610474032422,0.9339602546676791,0.11778610474032422,0.06603974533232093
3,Asia,Balanced_logistic,0.8563327032136107,0.8712030268600252,0.5597170785495562,0.7717391304347826,0.1955782765100358,0.5775951833113209,0.1824546229969273,-1.0466272369390175,3.1750868289988445,1.0466272369390175,2.1750868289988445
3,Asia,Full_PBMSBAINGO,0.8659735349716445,0.8600306259364704,0.471485582736462,0.732608695652174,0.15821423546583901,0.48923103233872334,0.12057688584960546,-0.32621839347220755,1.480300822660841,0.32621839347220755,0.48030082266084095
3,Asia,Full_random_search,0.8427221172022685,0.8454143035708223,0.4306078145086434,0.7108695652173914,0.17251277013517444,0.526209374155598,0.1067551903559594,-0.27825756529900436,1.5065100168257124,0.27825756529900436,0.5065100168257124
3,Asia,HistGB,0.833648393194707,0.8355040774194233,0.43692594732736023,0.7065217391304348,0.1763889987783558,0.5364223499824375,0.1092244544677792,-0.2456328908012478,1.5675160386211098,0.2456328908012478,0.5675160386211098
3,Asia,KELM_PBMSBAINGO,0.8870510396975426,0.8843478727066078,0.6174137452239169,0.8043478260869567,0.16043671847831448,0.48994563544925995,0.15821153122973616,-0.8904928987240275,2.347937067869195,0.8904928987240275,1.347937067869195
3,Asia,KELM_risk_feature,0.8949905482041588,0.8951088869258902,0.5949009126141176,0.7934782608695652,0.1513825557281558,0.46792976972690603,0.13201083748485024,-0.6436008202658592,1.877854424651042,0.6436008202658592,0.877854424651042
3,Asia,KELM_score_fusion,0.8876181474480151,0.8834588963829481,0.6193936622213025,0.8043478260869567,0.15948271665820818,0.4893778818614953,0.14713732224188814,-0.8252207928090958,2.293356404582551,0.8252207928090958,1.2933564045825512
3,Asia,Uncertainty_gated_fusion,0.8949905482041588,0.8951088869258902,0.5949009126141176,0.7934782608695652,0.1513825557281558,0.46792976972690603,0.13201083748485024,-0.6436008202658592,1.877854424651042,0.6436008202658592,0.877854424651042
3,Europe,Balanced_logistic,0.7091416813639035,0.7118554167414453,0.3353540843402062,0.652336860670194,0.2157679125424065,0.6611578058351401,0.094498668786478,0.0803744719031664,0.5485781441129249,0.0803744719031664,0.45142185588707506
3,Europe,Full_PBMSBAINGO,0.7037330981775426,0.6984890007578697,0.21159119907668922,0.5848765432098764,0.22570424359678332,0.6431277049438735,0.09819039110415058,-0.03865284030352204,0.8266143575184625,0.03865284030352204,0.17338564248153754
3,Europe,Full_random_search,0.6961199294532628,0.6847191114168192,0.2253928845010161,0.5897707231040563,0.22618332553690496,0.644514289860069,0.08162761806446839,-0.029095240340841384,0.8073613232087361,0.029095240340841384,0.1926386767912639
3,Europe,HistGB,0.7042915931804822,0.6782673122876944,0.22402493650936348,0.5875220458553791,0.22547528798864297,0.6429027879985254,0.0614707451019886,-0.0378122242361669,0.8352038306828387,0.0378122242361669,0.16479616931716135
3,Europe,KELM_PBMSBAINGO,0.6863168724279836,0.7196998788178595,0.2745449368675842,0.6165343915343915,0.23721007285381984,0.6760950445715913,0.1258046223894423,0.13907759358678298,0.5584049160683143,0.13907759358678298,0.4415950839316857
3,Europe,KELM_risk_feature,0.7009112286890063,0.7013104857346388,0.2592575895430033,0.6139770723104057,0.22681138302599685,0.6516614281154279,0.11178222070698089,0.0313511882727247,0.6518612046608447,0.0313511882727247,0.34813879533915526
3,Europe,KELM_score_fusion,0.6943268665490889,0.7281513101224191,0.27294557350097626,0.6132275132275131,0.23116745342067913,0.6606217833322734,0.10954699130584014,0.12437858165195051,0.6571067930833798,0.12437858165195051,0.3428932069166202
3,Europe,Uncertainty_gated_fusion,0.7009112286890063,0.7013104857346388,0.2592575895430033,0.6139770723104057,0.22681138302599685,0.6516614281154279,0.11178222070698089,0.0313511882727247,0.6518612046608447,0.0313511882727247,0.34813879533915526
3,North America,Balanced_logistic,0.7757201646090535,0.8210429428354262,0.4167300599845326,0.6837606837606838,0.2020315582146705,0.5888620021054498,0.1047219503344946,0.589182782317282,1.6184727602513447,0.589182782317282,0.6184727602513447
3,North America,Full_PBMSBAINGO,0.7666666666666668,0.7460763917306693,0.25022175975007294,0.5936372269705603,0.20739012264083095,0.606601678116417,0.11686683142572667,0.4759803619750098,0.912420926580707,0.4759803619750098,0.08757907341929305
3,North America,Full_random_search,0.7632162076606519,0.7316661686026997,0.1689897403854155,0.5580246913580247,0.2059073631757836,0.6018006869408834,0.10116190260163842,0.4234538161385178,0.9456231388755867,0.4234538161385178,0.05437686112441331
3,North America,HistGB,0.7581513137068693,0.7425057484630788,0.2802966691779787,0.6096866096866097,0.2081986360141605,0.6053359530164972,0.0877826796648437,0.4194989989977606,0.9980262905262238,0.4194989989977606,0.001973709473776175
3,North America,KELM_PBMSBAINGO,0.7495409939854385,0.7564700130693136,0.27030053097160145,0.6023741690408357,0.21505901658199975,0.6395889784584646,0.12041193257308795,0.28679337934192917,0.8248473339980424,0.28679337934192917,0.17515266600195756
3,North America,KELM_risk_feature,0.7604305159860715,0.7831917345265588,0.3526976340758778,0.6372269705603039,0.2132817050002509,0.645869716322055,0.10976227452948342,0.2124674056844551,1.0433963944196905,0.2124674056844551,0.043396394419690454
3,North America,KELM_score_fusion,0.7715099715099715,0.7707018846163434,0.3051299889653753,0.6138651471984805,0.20277615314569605,0.5932003010357352,0.09288472836965422,0.3644481292166049,1.017897401274651,0.3644481292166049,0.017897401274650893
3,North America,Uncertainty_gated_fusion,0.7603355492244381,0.7850093499269442,0.33161347207211134,0.6203703703703702,0.21313896968019033,0.6486321111255606,0.11782071604758801,0.36128605946440884,0.8496509199054124,0.36128605946440884,0.15034908009458758
