dataset,seed,method,mcc,sensitivity,specificity,precision,f2,ap,tp,fp,tn,fn
1year.arff,1,Balanced_logistic,0.2213815571048227,0.5432098765432098,0.8668639053254438,0.1401273885350318,0.3448275862068965,0.1801179605083809,44.0,270.0,1758.0,37.0
1year.arff,1,Random_forest,0.3498049933584786,0.6666666666666666,0.9092702169625246,0.226890756302521,0.4804270462633452,0.3852958053378,54.0,184.0,1844.0,27.0
1year.arff,1,Extra_trees,0.182792000066646,0.5555555555555556,0.8205128205128205,0.1100244498777506,0.3069577080491131,0.1727180866283366,45.0,364.0,1664.0,36.0
1year.arff,1,HistGB_fair,0.6479372192069001,0.6049382716049383,0.9906311637080868,0.7205882352941176,0.625,0.6905835565047866,49.0,19.0,2009.0,32.0
1year.arff,1,Balanced_forest_reference,0.2533210562880744,0.5925925925925926,0.8722879684418146,0.1563517915309446,0.3803486529318542,0.2806253723761445,48.0,259.0,1769.0,33.0
1year.arff,1,EasyEnsemble_reference,0.2663475881872745,0.5432098765432098,0.900887573964497,0.1795918367346938,0.3866432337434094,0.2766362614645073,44.0,201.0,1827.0,37.0
1year.arff,2,Balanced_logistic,0.1822942456383479,0.5061728395061729,0.8471400394477318,0.1168091168091168,0.3037037037037037,0.1106319546362196,41.0,310.0,1718.0,40.0
1year.arff,2,Random_forest,0.3300450171684482,0.6296296296296297,0.9097633136094676,0.2179487179487179,0.4569892473118279,0.357754150816826,51.0,183.0,1845.0,30.0
1year.arff,2,Extra_trees,0.1641917700297745,0.4691358024691358,0.8476331360946746,0.1095100864553314,0.2831594634873324,0.1099854964909862,38.0,309.0,1719.0,43.0
1year.arff,2,HistGB_fair,0.5950371879218808,0.6296296296296297,0.982741617357002,0.5930232558139535,0.6219512195121951,0.6636389444156626,51.0,35.0,1993.0,30.0
1year.arff,2,Balanced_forest_reference,0.2322771243597562,0.5185185185185185,0.8865877712031558,0.1544117647058823,0.3523489932885906,0.2483839784735527,42.0,230.0,1798.0,39.0
1year.arff,2,EasyEnsemble_reference,0.2871243458188186,0.5555555555555556,0.9092702169625246,0.1965065502183406,0.406871609403255,0.2068811213194652,45.0,184.0,1844.0,36.0
1year.arff,3,Balanced_logistic,0.2082996765835433,0.5555555555555556,0.8486193293885601,0.1278409090909091,0.3328402366863905,0.1602690278852862,45.0,307.0,1721.0,36.0
1year.arff,3,Random_forest,0.3694254492549065,0.6296296296296297,0.928500986193294,0.2602040816326531,0.4903846153846153,0.4380174490101902,51.0,145.0,1883.0,30.0
1year.arff,3,Extra_trees,0.1800440226464066,0.3703703703703703,0.9107495069033532,0.1421800947867298,0.2803738317757009,0.1839576414154204,30.0,181.0,1847.0,51.0
1year.arff,3,HistGB_fair,0.6205511200856395,0.5061728395061729,0.9945759368836292,0.7884615384615384,0.5452127659574468,0.6332794093530083,41.0,11.0,2017.0,40.0
1year.arff,3,Balanced_forest_reference,0.2669950061187082,0.5061728395061729,0.9142011834319528,0.1906976744186046,0.3803339517625232,0.2706547456949585,41.0,174.0,1854.0,40.0
1year.arff,3,EasyEnsemble_reference,0.3327301443799037,0.5061728395061729,0.9442800788954636,0.2662337662337662,0.4288702928870292,0.3560222685908894,41.0,113.0,1915.0,40.0
1year.arff,4,Balanced_logistic,0.2272900224899373,0.6172839506172839,0.8372781065088757,0.131578947368421,0.3551136363636363,0.2061742049964956,50.0,330.0,1698.0,31.0
1year.arff,4,Random_forest,0.3237402709965113,0.6296296296296297,0.9063116370808678,0.2116182572614107,0.4513274336283186,0.4018531191877268,51.0,190.0,1838.0,30.0
1year.arff,4,Extra_trees,0.2165630813025307,0.5802469135802469,0.8446745562130178,0.1298342541436464,0.3425655976676384,0.161652396564757,47.0,315.0,1713.0,34.0
1year.arff,4,HistGB_fair,0.7209828441794829,0.654320987654321,0.9940828402366864,0.8153846153846154,0.6812339331619537,0.7578524292603351,53.0,12.0,2016.0,28.0
1year.arff,4,Balanced_forest_reference,0.2562634587578724,0.6296296296296297,0.8589743589743589,0.1513353115727003,0.3857791225416036,0.289980267368327,51.0,286.0,1742.0,30.0
1year.arff,4,EasyEnsemble_reference,0.4029804812356179,0.5308641975308642,0.960552268244576,0.3495934959349593,0.4809843400447427,0.3785154843759455,43.0,80.0,1948.0,38.0
1year.arff,5,Balanced_logistic,0.1964668978211787,0.5432098765432098,0.8427021696252466,0.1212121212121212,0.3202328966521106,0.1385962989001157,44.0,319.0,1709.0,37.0
1year.arff,5,Random_forest,0.4102960856076142,0.4938271604938271,0.9684418145956608,0.3846153846153846,0.4672897196261681,0.4659624980073809,40.0,64.0,1964.0,41.0
1year.arff,5,Extra_trees,0.1877292793676718,0.4320987654320987,0.8890532544378699,0.1346153846153846,0.2996575342465753,0.1382241052989207,35.0,225.0,1803.0,46.0
1year.arff,5,HistGB_fair,0.694375084213982,0.6790123456790124,0.990138067061144,0.7333333333333333,0.6892230576441104,0.720220918248586,55.0,20.0,2008.0,26.0
1year.arff,5,Balanced_forest_reference,0.3119750170393794,0.5308641975308642,0.9294871794871796,0.2311827956989247,0.4215686274509804,0.3312958829146913,43.0,143.0,1885.0,38.0
1year.arff,5,EasyEnsemble_reference,0.33538914898746,0.6172839506172839,0.916173570019724,0.2272727272727272,0.4595588235294117,0.3575675145404915,50.0,170.0,1858.0,31.0
1year.arff,6,Balanced_logistic,0.1877916464282415,0.5555555555555556,0.8264299802761341,0.1133501259445843,0.3120665742024965,0.2059107951676169,45.0,352.0,1676.0,36.0
1year.arff,6,Random_forest,0.3948809771426419,0.6049382716049383,0.9437869822485208,0.3006134969325153,0.5030800821355236,0.3664114198356709,49.0,114.0,1914.0,32.0
1year.arff,6,Extra_trees,0.192559275072563,0.4567901234567901,0.8816568047337278,0.1335740072202166,0.3078202995008319,0.1608932092018525,37.0,240.0,1788.0,44.0
1year.arff,6,HistGB_fair,0.5810072948187898,0.7901234567901234,0.9625246548323472,0.4571428571428571,0.6896551724137931,0.7279955599556125,64.0,76.0,1952.0,17.0
1year.arff,6,Balanced_forest_reference,0.2955118633069686,0.5925925925925926,0.9018737672583826,0.194331983805668,0.4203152364273205,0.2609425927177876,48.0,199.0,1829.0,33.0
1year.arff,6,EasyEnsemble_reference,0.3404243132340042,0.6049382716049383,0.9220907297830376,0.2367149758454106,0.4613935969868173,0.2475912071740307,49.0,158.0,1870.0,32.0
1year.arff,7,Balanced_logistic,0.176188971230226,0.419753086419753,0.8851084812623274,0.1273408239700374,0.2876480541455161,0.1377872969320017,34.0,233.0,1795.0,47.0
1year.arff,7,Random_forest,0.3056862906746623,0.6049382716049383,0.903846153846154,0.2008196721311475,0.431338028169014,0.4202346245884651,49.0,195.0,1833.0,32.0
1year.arff,7,Extra_trees,0.1981154679656933,0.4691358024691358,0.8806706114398422,0.1357142857142857,0.314569536423841,0.1937277209906542,38.0,242.0,1786.0,43.0
1year.arff,7,HistGB_fair,0.6606247652405011,0.5925925925925926,0.992603550295858,0.7619047619047619,0.6201550387596899,0.6804796969923271,48.0,15.0,2013.0,33.0
1year.arff,7,Balanced_forest_reference,0.2208256191348535,0.5432098765432098,0.866370808678501,0.1396825396825396,0.3442879499217527,0.3138592094099791,44.0,271.0,1757.0,37.0
1year.arff,7,EasyEnsemble_reference,0.2979725370458785,0.5925925925925926,0.903353057199211,0.1967213114754098,0.4225352112676056,0.3018280928527098,48.0,196.0,1832.0,33.0
1year.arff,8,Balanced_logistic,0.2251770046869138,0.3950617283950617,0.9289940828402368,0.1818181818181818,0.32,0.1641702583245751,32.0,144.0,1884.0,49.0
1year.arff,8,Random_forest,0.3615023807958652,0.6666666666666666,0.9151873767258384,0.2389380530973451,0.4909090909090909,0.3472444578310872,54.0,172.0,1856.0,27.0
1year.arff,8,Extra_trees,0.1604614529708657,0.3209876543209876,0.9186390532544378,0.1361256544502617,0.2524271844660194,0.15447236728888,26.0,165.0,1863.0,55.0
1year.arff,8,HistGB_fair,0.59555561801479,0.6666666666666666,0.9792899408284024,0.5625,0.6428571428571429,0.6947979057111827,54.0,42.0,1986.0,27.0
1year.arff,8,Balanced_forest_reference,0.2557602483656791,0.4814814814814814,0.916173570019724,0.1866028708133971,0.3658536585365853,0.2502710208209893,39.0,170.0,1858.0,42.0
1year.arff,8,EasyEnsemble_reference,0.2916138182953962,0.5308641975308642,0.9196252465483234,0.2087378640776699,0.4056603773584906,0.2407367174616471,43.0,163.0,1865.0,38.0
1year.arff,9,Balanced_logistic,0.1903565179602549,0.4814814814814814,0.8678500986193294,0.1270358306188925,0.3090332805071316,0.1326216661156943,39.0,268.0,1760.0,42.0
1year.arff,9,Random_forest,0.3470064139642631,0.6666666666666666,0.9077909270216964,0.2240663900414937,0.4778761061946903,0.284136904319864,54.0,187.0,1841.0,27.0
1year.arff,9,Extra_trees,0.1530514351027936,0.4444444444444444,0.849112426035503,0.1052631578947368,0.2702702702702703,0.1234986907930874,36.0,306.0,1722.0,45.0
1year.arff,9,HistGB_fair,0.6575889451050304,0.5555555555555556,0.9945759368836292,0.8035714285714286,0.5921052631578949,0.7078596804446917,45.0,11.0,2017.0,36.0
1year.arff,9,Balanced_forest_reference,0.2328372848677011,0.4814814814814814,0.9018737672583826,0.1638655462184874,0.3469750889679715,0.1748378977845673,39.0,199.0,1829.0,42.0
1year.arff,9,EasyEnsemble_reference,0.267891641347581,0.5432098765432098,0.9018737672583826,0.1810699588477366,0.3880070546737214,0.2005571854327092,44.0,199.0,1829.0,37.0
1year.arff,10,Balanced_logistic,0.2374518983870442,0.6790123456790124,0.8170611439842209,0.1291079812206572,0.3666666666666666,0.2244125720994038,55.0,371.0,1657.0,26.0
1year.arff,10,Random_forest,0.3844854885545093,0.6790123456790124,0.9225838264299804,0.2594339622641509,0.5130597014925374,0.4542942969512883,55.0,157.0,1871.0,26.0
1year.arff,10,Extra_trees,0.2266243995701358,0.5555555555555556,0.8658777120315582,0.1419558359621451,0.3510140405616225,0.1809723521943596,45.0,272.0,1756.0,36.0
1year.arff,10,HistGB_fair,0.6544068240445691,0.6419753086419753,0.9886587771203156,0.6933333333333334,0.6516290726817042,0.7004229158054186,52.0,23.0,2005.0,29.0
1year.arff,10,Balanced_forest_reference,0.2941871027997923,0.5679012345679012,0.9092702169625246,0.2,0.4151624548736461,0.3768243608428297,46.0,184.0,1844.0,35.0
1year.arff,10,EasyEnsemble_reference,0.3125479470709331,0.6172839506172839,0.903846153846154,0.2040816326530612,0.4393673110720562,0.2598070400963969,50.0,195.0,1833.0,31.0
2year.arff,1,Balanced_logistic,0.1644058009565218,0.5083333333333333,0.8233287858117326,0.1053540587219343,0.2880075542965061,0.1358596169375,61.0,518.0,2414.0,59.0
2year.arff,1,Random_forest,0.2622308344657308,0.5166666666666667,0.9062073669849932,0.1839762611275964,0.379436964504284,0.2694932653852259,62.0,275.0,2657.0,58.0
2year.arff,1,Extra_trees,0.1297516173688506,0.4416666666666666,0.8202592087312415,0.0913793103448275,0.25,0.1223806857686494,53.0,527.0,2405.0,67.0
2year.arff,1,HistGB_fair,0.5302604998251996,0.4333333333333333,0.9918144611186904,0.6842105263157895,0.4676258992805755,0.5588581459230042,52.0,24.0,2908.0,68.0
2year.arff,1,Balanced_forest_reference,0.1743081514341295,0.425,0.8792633015006821,0.1259259259259259,0.288135593220339,0.1993943282468547,51.0,354.0,2578.0,69.0
2year.arff,1,EasyEnsemble_reference,0.2418470365336662,0.6083333333333333,0.8533424283765347,0.1451292246520874,0.3713123092573753,0.2439815611809176,73.0,430.0,2502.0,47.0
2year.arff,2,Balanced_logistic,0.1372272246298518,0.4666666666666667,0.8141200545702592,0.0931780366056572,0.2590194264569843,0.1219472113375975,56.0,545.0,2387.0,64.0
2year.arff,2,Random_forest,0.1873718628798744,0.4833333333333333,0.8622100954979536,0.1255411255411255,0.3078556263269639,0.1951584540876013,58.0,404.0,2528.0,62.0
2year.arff,2,Extra_trees,0.0732380847750543,0.3333333333333333,0.8148021828103683,0.0686106346483705,0.1881467544684854,0.0900954180472424,40.0,543.0,2389.0,80.0
2year.arff,2,HistGB_fair,0.3289050936276118,0.5916666666666667,0.9188267394270124,0.2297734627831715,0.4499366286438531,0.4262033830268735,71.0,238.0,2694.0,49.0
2year.arff,2,Balanced_forest_reference,0.1374374662021498,0.475,0.8090040927694406,0.0923824959481361,0.259799453053783,0.1601648058156165,57.0,560.0,2372.0,63.0
2year.arff,2,EasyEnsemble_reference,0.1703912568125874,0.4083333333333333,0.8840381991814461,0.1259640102827763,0.2819332566168009,0.1085994803254348,49.0,340.0,2592.0,71.0
2year.arff,3,Balanced_logistic,0.1467151682135608,0.3333333333333333,0.9010914051841746,0.1212121212121212,0.2469135802469136,0.136045244259894,40.0,290.0,2642.0,80.0
2year.arff,3,Random_forest,0.2704340948917444,0.525,0.9082537517053206,0.1897590361445783,0.3879310344827586,0.3456483881768323,63.0,269.0,2663.0,57.0
2year.arff,3,Extra_trees,0.1498131506247282,0.3833333333333333,0.8778990450204639,0.1138613861386138,0.2601809954751131,0.1131476249636628,46.0,358.0,2574.0,74.0
2year.arff,3,HistGB_fair,0.4760068783713105,0.55,0.9727148703956344,0.4520547945205479,0.5271565495207667,0.5549277314268108,66.0,80.0,2852.0,54.0
2year.arff,3,Balanced_forest_reference,0.2220512150009025,0.475,0.895293315143247,0.1565934065934066,0.3376777251184833,0.26357324056192,57.0,307.0,2625.0,63.0
2year.arff,3,EasyEnsemble_reference,0.2664458059973971,0.6166666666666667,0.8707366984993179,0.1633554083885209,0.3965702036441586,0.205971771149301,74.0,379.0,2553.0,46.0
2year.arff,4,Balanced_logistic,0.1623231924046665,0.5,0.8257162346521146,0.1050788091068301,0.2854424357754519,0.1164430823308475,60.0,511.0,2421.0,60.0
2year.arff,4,Random_forest,0.2416070256269435,0.5,0.8990450204638472,0.1685393258426966,0.3588516746411483,0.2028399534015899,60.0,296.0,2636.0,60.0
2year.arff,4,Extra_trees,0.1174797939890971,0.3916666666666666,0.8366302864938608,0.0893536121673003,0.2335984095427435,0.0739531505217271,47.0,479.0,2453.0,73.0
2year.arff,4,HistGB_fair,0.4718453146907717,0.5833333333333334,0.9672578444747612,0.4216867469879518,0.541795665634675,0.5409607128261,70.0,96.0,2836.0,50.0
2year.arff,4,Balanced_forest_reference,0.2017755501856262,0.5416666666666666,0.846862210095498,0.1264591439688716,0.3269617706237424,0.1314457042448475,65.0,449.0,2483.0,55.0
2year.arff,4,EasyEnsemble_reference,0.1715305256564204,0.5083333333333333,0.8318553888130968,0.1101083032490974,0.2949709864603481,0.1055105708925484,61.0,493.0,2439.0,59.0
2year.arff,5,Balanced_logistic,0.2012347984687829,0.5583333333333333,0.8376534788540245,0.1233885819521178,0.3274682306940371,0.1350527337625658,67.0,476.0,2456.0,53.0
2year.arff,5,Random_forest,0.230859225391342,0.25,0.9723738062755798,0.2702702702702703,0.2538071065989847,0.2710508276456955,30.0,81.0,2851.0,90.0
2year.arff,5,Extra_trees,0.1361320240244472,0.375,0.8686903137789904,0.1046511627906976,0.2472527472527472,0.1137353981291699,45.0,385.0,2547.0,75.0
2year.arff,5,HistGB_fair,0.5219508456794917,0.4,0.9935197817189632,0.7164179104477612,0.4387568555758683,0.5553361727418595,48.0,19.0,2913.0,72.0
2year.arff,5,Balanced_forest_reference,0.1673683877820163,0.375,0.897680763983629,0.1304347826086956,0.2727272727272727,0.185480422818708,45.0,300.0,2632.0,75.0
2year.arff,5,EasyEnsemble_reference,0.1786526913488081,0.45,0.8707366984993179,0.1247113163972286,0.2957283680175246,0.11011361021252,54.0,379.0,2553.0,66.0
2year.arff,6,Balanced_logistic,0.1381680460224554,0.4833333333333333,0.8045702592087313,0.0919175911251981,0.261026102610261,0.0994331520202092,58.0,573.0,2359.0,62.0
2year.arff,6,Random_forest,0.2391546487310321,0.6,0.854706684856753,0.144578313253012,0.3680981595092025,0.2735531257650014,72.0,426.0,2506.0,48.0
2year.arff,6,Extra_trees,0.1576538252632139,0.575,0.772169167803547,0.0936227951153324,0.2834839769926047,0.1192492260519883,69.0,668.0,2264.0,51.0
2year.arff,6,HistGB_fair,0.4538877050958938,0.4916666666666666,0.9764665757162346,0.4609375,0.4851973684210526,0.4947498374915224,59.0,69.0,2863.0,61.0
2year.arff,6,Balanced_forest_reference,0.2018426641178064,0.6,0.8158253751705321,0.1176470588235294,0.3296703296703297,0.2217546605237188,72.0,540.0,2392.0,48.0
2year.arff,6,EasyEnsemble_reference,0.2317518320319717,0.6166666666666667,0.839699863574352,0.1360294117647058,0.361328125,0.1557662989451379,74.0,470.0,2462.0,46.0
2year.arff,7,Balanced_logistic,0.1610769457914937,0.45,0.8530013642564802,0.111340206185567,0.2797927461139896,0.1267796032462762,54.0,431.0,2501.0,66.0
2year.arff,7,Random_forest,0.2466636756538036,0.475,0.9116643929058664,0.180379746835443,0.3580402010050251,0.2321943235957705,57.0,259.0,2673.0,63.0
2year.arff,7,Extra_trees,0.1370768063771693,0.4416666666666666,0.8298090040927695,0.0960144927536231,0.2567829457364341,0.100169145674474,53.0,499.0,2433.0,67.0
2year.arff,7,HistGB_fair,0.3934068758497442,0.5666666666666667,0.9502046384720328,0.3177570093457944,0.4899135446685879,0.4497613406313124,68.0,146.0,2786.0,52.0
2year.arff,7,Balanced_forest_reference,0.1964977647457968,0.45,0.8864256480218281,0.1395348837209302,0.3114186851211072,0.1610471755126298,54.0,333.0,2599.0,66.0
2year.arff,7,EasyEnsemble_reference,0.204730467596348,0.5333333333333333,0.8540245566166439,0.1300813008130081,0.3292181069958848,0.1333465200915561,64.0,428.0,2504.0,56.0
2year.arff,8,Balanced_logistic,0.098174471286065,0.275,0.888130968622101,0.0914127423822714,0.1961950059453032,0.1071032712067735,33.0,328.0,2604.0,87.0
2year.arff,8,Random_forest,0.2709224988293761,0.5583333333333333,0.8966575716234653,0.1810810810810811,0.3941176470588236,0.2777927072790709,67.0,303.0,2629.0,53.0
2year.arff,8,Extra_trees,0.1758695192643519,0.525,0.8274215552523875,0.1107205623901581,0.3002859866539561,0.0992864187001694,63.0,506.0,2426.0,57.0
2year.arff,8,HistGB_fair,0.3671972361573128,0.675,0.9140518417462484,0.2432432432432432,0.4981549815498155,0.4848270754401069,81.0,252.0,2680.0,39.0
2year.arff,8,Balanced_forest_reference,0.2491352565070512,0.5833333333333334,0.8707366984993179,0.155902004454343,0.3767491926803014,0.1958341714978274,70.0,379.0,2553.0,50.0
2year.arff,8,EasyEnsemble_reference,0.2539568832551499,0.6333333333333333,0.8530013642564802,0.1499013806706114,0.3850050658561296,0.1498302827912686,76.0,431.0,2501.0,44.0
2year.arff,9,Balanced_logistic,0.190540838367787,0.475,0.8693724420190996,0.1295454545454545,0.3097826086956521,0.15718363790301,57.0,383.0,2549.0,63.0
2year.arff,9,Random_forest,0.2609399718386238,0.5,0.9113233287858116,0.1875,0.375,0.2847950583734178,60.0,260.0,2672.0,60.0
2year.arff,9,Extra_trees,0.1847183816903805,0.5083333333333333,0.8465211459754434,0.1193737769080234,0.3077699293642785,0.1259511966592782,61.0,450.0,2482.0,59.0
2year.arff,9,HistGB_fair,0.3475977436569455,0.6333333333333333,0.9160982264665756,0.2360248447204969,0.4738154613466334,0.5424077646574094,76.0,246.0,2686.0,44.0
2year.arff,9,Balanced_forest_reference,0.1983505509836587,0.4666666666666667,0.8802864938608458,0.1375921375921376,0.3156708004509583,0.2086178759520847,56.0,351.0,2581.0,64.0
2year.arff,9,EasyEnsemble_reference,0.2504001663242294,0.5,0.904843110504775,0.1769911504424778,0.3663003663003663,0.1838957853452489,60.0,279.0,2653.0,60.0
2year.arff,10,Balanced_logistic,0.1982639645909459,0.4916666666666666,0.8683492496589359,0.1325842696629213,0.3189189189189189,0.1875333842292363,59.0,386.0,2546.0,61.0
2year.arff,10,Random_forest,0.2355726453305164,0.45,0.9140518417462484,0.1764705882352941,0.3435114503816794,0.2752967613121474,54.0,252.0,2680.0,66.0
2year.arff,10,Extra_trees,0.1258098402270701,0.45,0.8093451568894953,0.0880913539967373,0.2470265324794144,0.1250646856517851,54.0,559.0,2373.0,66.0
2year.arff,10,HistGB_fair,0.4498803489081217,0.4916666666666666,0.9757844474761256,0.4538461538461538,0.4836065573770491,0.5489965374562187,59.0,71.0,2861.0,61.0
2year.arff,10,Balanced_forest_reference,0.1887855729601326,0.4833333333333333,0.8635743519781719,0.1266375545851528,0.3091684434968016,0.1737615484427487,58.0,400.0,2532.0,62.0
2year.arff,10,EasyEnsemble_reference,0.2524547116886231,0.5333333333333333,0.8935879945429741,0.1702127659574468,0.3738317757009345,0.2436821915657076,64.0,312.0,2620.0,56.0
3year.arff,1,Balanced_logistic,0.1465553053771855,0.4563758389261745,0.8174550299800133,0.1103896103896103,0.2805280528052805,0.1007448514168693,68.0,548.0,2454.0,81.0
3year.arff,1,Random_forest,0.2743194433813274,0.5436241610738255,0.8907395069953364,0.1980440097799511,0.4029850746268656,0.2617325932856764,81.0,328.0,2674.0,68.0
3year.arff,1,Extra_trees,0.1850122122765335,0.4832214765100671,0.8447701532311792,0.1338289962825278,0.3174603174603175,0.1208486372333942,72.0,466.0,2536.0,77.0
3year.arff,1,HistGB_fair,0.3945752594264933,0.5973154362416108,0.9350433044636908,0.3133802816901408,0.5056818181818182,0.5332262283239241,89.0,195.0,2807.0,60.0
3year.arff,1,Balanced_forest_reference,0.2131850648238331,0.4295302013422818,0.8960692871419054,0.1702127659574468,0.3292181069958848,0.2151664953312236,64.0,312.0,2690.0,85.0
3year.arff,1,EasyEnsemble_reference,0.2200122057308432,0.4496644295302013,0.8920719520319786,0.1713554987212276,0.3394123606889564,0.1759234385691923,67.0,324.0,2678.0,82.0
3year.arff,2,Balanced_logistic,0.1239337825377855,0.4161073825503356,0.8154563624250499,0.1006493506493506,0.2557755775577557,0.0990302400184315,62.0,554.0,2448.0,87.0
3year.arff,2,Random_forest,0.237392562783448,0.4429530201342282,0.9067288474350432,0.1907514450867052,0.3503184713375796,0.2364561801076136,66.0,280.0,2722.0,83.0
3year.arff,2,Extra_trees,0.1285864877457519,0.4161073825503356,0.82145236508994,0.1036789297658862,0.2596314907872696,0.10219010292829,62.0,536.0,2466.0,87.0
3year.arff,2,HistGB_fair,0.3588328279292649,0.5234899328859061,0.9400399733510992,0.3023255813953488,0.4566744730679157,0.4433450191221288,78.0,180.0,2822.0,71.0
3year.arff,2,Balanced_forest_reference,0.1775615084020811,0.4228187919463087,0.8704197201865423,0.1393805309734513,0.3005725190839695,0.1836162202976102,63.0,389.0,2613.0,86.0
3year.arff,2,EasyEnsemble_reference,0.1944341154397088,0.3892617449664429,0.9007328447701533,0.1629213483146067,0.3046218487394959,0.1346395843822351,58.0,298.0,2704.0,91.0
3year.arff,3,Balanced_logistic,0.1527234642624617,0.4765100671140939,0.8121252498334444,0.1118110236220472,0.2883834281072299,0.147601922031649,71.0,564.0,2438.0,78.0
3year.arff,3,Random_forest,0.2723355788984508,0.610738255033557,0.8610926049300467,0.1791338582677165,0.4121376811594203,0.3102663808380276,91.0,417.0,2585.0,58.0
3year.arff,3,Extra_trees,0.173359142694007,0.5637583892617449,0.782145236508994,0.1138211382113821,0.3148425787106447,0.1277469439051876,84.0,654.0,2348.0,65.0
3year.arff,3,HistGB_fair,0.3746181523965909,0.6644295302013423,0.907728181212525,0.2632978723404255,0.5092592592592593,0.513814574939621,99.0,277.0,2725.0,50.0
3year.arff,3,Balanced_forest_reference,0.2129657662746895,0.5838926174496645,0.8181212524983345,0.1374407582938388,0.3539462978030919,0.2209374218477449,87.0,546.0,2456.0,62.0
3year.arff,3,EasyEnsemble_reference,0.2460118392240273,0.5906040268456376,0.8477681545636242,0.1614678899082569,0.3856266432953549,0.1759963998234004,88.0,457.0,2545.0,61.0
3year.arff,4,Balanced_logistic,0.1737239364653184,0.4630872483221476,0.8444370419720186,0.1287313432835821,0.3047703180212014,0.1647025008412052,69.0,467.0,2535.0,80.0
3year.arff,4,Random_forest,0.2647076466548206,0.5436241610738255,0.8840772818121253,0.1888111888111888,0.3951219512195122,0.2819573917493664,81.0,348.0,2654.0,68.0
3year.arff,4,Extra_trees,0.1825427839465054,0.5302013422818792,0.8147901399067289,0.1244094488188976,0.3208773354995938,0.133568146232912,79.0,556.0,2446.0,70.0
3year.arff,4,HistGB_fair,0.4626881199406197,0.4966442953020134,0.9733510992671552,0.4805194805194805,0.4933333333333333,0.4800350057763695,74.0,80.0,2922.0,75.0
3year.arff,4,Balanced_forest_reference,0.2026824522967942,0.5503355704697986,0.8257828114590273,0.1355371900826446,0.3413821815154038,0.2081153975171057,82.0,523.0,2479.0,67.0
3year.arff,4,EasyEnsemble_reference,0.2384733809418192,0.5838926174496645,0.844103930712858,0.1567567567567567,0.3779322328410077,0.1644637491753978,87.0,468.0,2534.0,62.0
3year.arff,5,Balanced_logistic,0.1845821847365285,0.4697986577181208,0.8517654896735509,0.1359223300970873,0.315031503150315,0.1779720386182568,70.0,445.0,2557.0,79.0
3year.arff,5,Random_forest,0.2475060919011812,0.5369127516778524,0.8740839440373085,0.1746724890829694,0.3795066413662239,0.2255693829453477,80.0,378.0,2624.0,69.0
3year.arff,5,Extra_trees,0.1409035111347858,0.3892617449664429,0.8530979347101932,0.1162324649298597,0.2648401826484018,0.1065912707338517,58.0,441.0,2561.0,91.0
3year.arff,5,HistGB_fair,0.4361416973468633,0.5436241610738255,0.9596935376415724,0.400990099009901,0.5075187969924811,0.5087042442903348,81.0,121.0,2881.0,68.0
3year.arff,5,Balanced_forest_reference,0.2305208480225087,0.5838926174496645,0.8364423717521652,0.1505190311418685,0.3705281090289608,0.160096848201512,87.0,491.0,2511.0,62.0
3year.arff,5,EasyEnsemble_reference,0.2065516291371839,0.436241610738255,0.8880746169220519,0.1620947630922693,0.3259779338014042,0.1604148472776413,65.0,336.0,2666.0,84.0
3year.arff,6,Balanced_logistic,0.1946238745203278,0.4496644295302013,0.8717521652231845,0.1482300884955752,0.3196564885496183,0.1543851531139048,67.0,385.0,2617.0,82.0
3year.arff,6,Random_forest,0.2552994689672341,0.4765100671140939,0.90473017988008,0.1988795518207282,0.3725078698845749,0.3061414270466113,71.0,286.0,2716.0,78.0
3year.arff,6,Extra_trees,0.1883325444132034,0.4899328859060403,0.8444370419720186,0.1351851851851851,0.3213028169014084,0.1298331901506501,73.0,467.0,2535.0,76.0
3year.arff,6,HistGB_fair,0.4271972056636752,0.5704697986577181,0.9520319786808794,0.37117903930131,0.515151515151515,0.5469937154603663,85.0,144.0,2858.0,64.0
3year.arff,6,Balanced_forest_reference,0.2268363078991064,0.4899328859060403,0.8790806129247168,0.1674311926605504,0.3536821705426357,0.2293157899146768,73.0,363.0,2639.0,76.0
3year.arff,6,EasyEnsemble_reference,0.2654114905591876,0.5906040268456376,0.8644237175216523,0.1777777777777777,0.4032997250229148,0.2147447216702964,88.0,407.0,2595.0,61.0
3year.arff,7,Balanced_logistic,0.1799455155399058,0.5234899328859061,0.8157894736842105,0.1236133122028526,0.3178484107579462,0.1349051170815881,78.0,553.0,2449.0,71.0
3year.arff,7,Random_forest,0.3303065771701567,0.5503355704697986,0.9203864090606264,0.2554517133956386,0.4471101417666303,0.3250254121947365,82.0,239.0,2763.0,67.0
3year.arff,7,Extra_trees,0.1697065486419865,0.5100671140939598,0.8117921385742838,0.1185647425897035,0.307194826192401,0.1400503278871937,76.0,565.0,2437.0,73.0
3year.arff,7,HistGB_fair,0.4077997879334287,0.738255033557047,0.9027315123251166,0.2736318407960199,0.5511022044088176,0.548490112115653,110.0,292.0,2710.0,39.0
3year.arff,7,Balanced_forest_reference,0.2516133339540926,0.5771812080536913,0.8590939373750833,0.1689587426326129,0.3891402714932127,0.2379412389403497,86.0,423.0,2579.0,63.0
3year.arff,7,EasyEnsemble_reference,0.2716808704830263,0.5637583892617449,0.8807461692205196,0.1900452488687782,0.4046242774566473,0.203786015841926,84.0,358.0,2644.0,65.0
3year.arff,8,Balanced_logistic,0.1719972543717673,0.4765100671140939,0.8347768154563624,0.1252204585537918,0.3052450558899398,0.1098000595404255,71.0,496.0,2506.0,78.0
3year.arff,8,Random_forest,0.2652817376413049,0.4899328859060403,0.9057295136575616,0.2050561797752809,0.3834033613445377,0.3226889985850708,73.0,283.0,2719.0,76.0
3year.arff,8,Extra_trees,0.1785438593580202,0.4295302013422818,0.8677548301132578,0.1388286334056399,0.3027436140018921,0.1411336552316439,64.0,397.0,2605.0,85.0
3year.arff,8,HistGB_fair,0.4335272635681387,0.4966442953020134,0.9673550966022652,0.4302325581395348,0.4817708333333333,0.5156032330814293,74.0,98.0,2904.0,75.0
3year.arff,8,Balanced_forest_reference,0.2330729563262165,0.4295302013422818,0.9093937375083276,0.1904761904761904,0.3433476394849785,0.2615593391906428,64.0,272.0,2730.0,85.0
3year.arff,8,EasyEnsemble_reference,0.2526487666945086,0.4765100671140939,0.9030646235842772,0.1961325966850828,0.3705636743215031,0.1774681026217988,71.0,291.0,2711.0,78.0
3year.arff,9,Balanced_logistic,0.1579304565642617,0.4161073825503356,0.8550966022651566,0.124748490945674,0.283623055809698,0.1151441163455633,62.0,435.0,2567.0,87.0
3year.arff,9,Random_forest,0.211670867434765,0.3892617449664429,0.9123917388407728,0.1806853582554517,0.3162486368593239,0.2173350976151713,58.0,263.0,2739.0,91.0
3year.arff,9,Extra_trees,0.1587468332132913,0.4295302013422818,0.8481012658227848,0.123076923076923,0.2867383512544803,0.1264898598617663,64.0,456.0,2546.0,85.0
3year.arff,9,HistGB_fair,0.3533604508226229,0.5637583892617449,0.9270486342438374,0.2772277227722772,0.4671857619577307,0.4984561452251331,84.0,219.0,2783.0,65.0
3year.arff,9,Balanced_forest_reference,0.1670283776403565,0.3892617449664429,0.8787475016655563,0.1374407582938388,0.2848722986247544,0.170957906919725,58.0,364.0,2638.0,91.0
3year.arff,9,EasyEnsemble_reference,0.2349061682222079,0.5234899328859061,0.8700866089273818,0.1666666666666666,0.3665413533834586,0.2033726797515754,78.0,390.0,2612.0,71.0
3year.arff,10,Balanced_logistic,0.1387833816007852,0.4697986577181208,0.7984676882078614,0.1037037037037037,0.2753737214791503,0.1204924925928166,70.0,605.0,2397.0,79.0
3year.arff,10,Random_forest,0.2352615712811853,0.5369127516778524,0.8640906062624917,0.1639344262295081,0.3690036900369003,0.2556436477054118,80.0,408.0,2594.0,69.0
3year.arff,10,Extra_trees,0.1934931903447647,0.5436241610738255,0.8194536975349767,0.1300160513643659,0.332239540607055,0.1466390150466595,81.0,542.0,2460.0,68.0
3year.arff,10,HistGB_fair,0.3880941458531628,0.6442953020134228,0.9200532978014656,0.2857142857142857,0.5150214592274678,0.5062501766612624,96.0,240.0,2762.0,53.0
3year.arff,10,Balanced_forest_reference,0.2044547175169559,0.5637583892617449,0.8201199200532978,0.1346153846153846,0.3442622950819672,0.2175282979454582,84.0,540.0,2462.0,65.0
3year.arff,10,EasyEnsemble_reference,0.269769423559609,0.5033557046979866,0.9033977348434375,0.2054794520547945,0.3902185223725286,0.1943145762394455,75.0,290.0,2712.0,74.0
4year.arff,1,Balanced_logistic,0.1803769546830426,0.4129032258064516,0.8706431908012936,0.1509433962264151,0.3065134099616857,0.1533037394628821,64.0,360.0,2423.0,91.0
4year.arff,1,Random_forest,0.29756071487528,0.4129032258064516,0.941789435860582,0.2831858407079646,0.3782505910165485,0.2770208721095651,64.0,162.0,2621.0,91.0
4year.arff,1,Extra_trees,0.2109556583442886,0.4387096774193548,0.8828602227811714,0.1725888324873096,0.3353057199211045,0.153889177483224,68.0,326.0,2457.0,87.0
4year.arff,1,HistGB_fair,0.5304025060301553,0.5419354838709678,0.97700323392023,0.5675675675675675,0.546875,0.5859435477259436,84.0,64.0,2719.0,71.0
4year.arff,1,Balanced_forest_reference,0.2340689999548359,0.432258064516129,0.9022637441609772,0.1976401179941003,0.3493222106360792,0.2407889666766433,67.0,272.0,2511.0,88.0
4year.arff,1,EasyEnsemble_reference,0.2835281549348914,0.4193548387096774,0.9338842975206612,0.2610441767068273,0.3739930955120829,0.2118333061742429,65.0,184.0,2599.0,90.0
4year.arff,2,Balanced_logistic,0.1889769632631697,0.3935483870967742,0.8878907653611211,0.163538873994638,0.3071500503524673,0.1861300930352254,61.0,312.0,2471.0,94.0
4year.arff,2,Random_forest,0.2657363267484448,0.4580645161290322,0.9112468559108876,0.2232704402515723,0.3784648187633262,0.2713222861924509,71.0,247.0,2536.0,84.0
4year.arff,2,Extra_trees,0.1820077944429501,0.4129032258064516,0.8720804886812792,0.1523809523809524,0.3076923076923077,0.1641639165691465,64.0,356.0,2427.0,91.0
4year.arff,2,HistGB_fair,0.5084212588095156,0.567741935483871,0.969098095580309,0.5057471264367817,0.5541561712846347,0.6013866605405898,88.0,86.0,2697.0,67.0
4year.arff,2,Balanced_forest_reference,0.2296438061244716,0.4387096774193548,0.8965145526410349,0.1910112359550561,0.3483606557377049,0.201476087490757,68.0,288.0,2495.0,87.0
4year.arff,2,EasyEnsemble_reference,0.2460062534414826,0.4193548387096774,0.9148401006108516,0.2152317880794702,0.3524945770065076,0.1916348467248511,65.0,237.0,2546.0,90.0
4year.arff,3,Balanced_logistic,0.1537733802810793,0.4129032258064516,0.8447718289615522,0.1290322580645161,0.2867383512544803,0.1692674211273941,64.0,432.0,2351.0,91.0
4year.arff,3,Random_forest,0.3050077482088072,0.6709677419354839,0.8501616960114984,0.1996161228406909,0.455740578439965,0.2644464294854785,104.0,417.0,2366.0,51.0
4year.arff,3,Extra_trees,0.1903947757016366,0.4774193548387097,0.8444125044915559,0.145956607495069,0.3283052351375332,0.14514737752897,74.0,433.0,2350.0,81.0
4year.arff,3,HistGB_fair,0.4358245504908503,0.7354838709677419,0.9090909090909092,0.3106267029972752,0.5775075987841944,0.5611185759452938,114.0,253.0,2530.0,41.0
4year.arff,3,Balanced_forest_reference,0.2583819240322657,0.535483870967742,0.8742364355012576,0.1916859122401847,0.3941120607787274,0.1944412594110079,83.0,350.0,2433.0,72.0
4year.arff,3,EasyEnsemble_reference,0.2482954726693412,0.4838709677419355,0.8896873877111031,0.1963350785340314,0.374251497005988,0.2091658733403056,75.0,307.0,2476.0,80.0
4year.arff,4,Balanced_logistic,0.1909884288616617,0.4193548387096774,0.8763923823212361,0.1589242053789731,0.3158406219630709,0.1879659486134787,65.0,344.0,2439.0,90.0
4year.arff,4,Random_forest,0.2722582006451922,0.4774193548387097,0.9076536112109236,0.2235649546827794,0.3890641430073606,0.2563966786171135,74.0,257.0,2526.0,81.0
4year.arff,4,Extra_trees,0.1919090818427636,0.4387096774193548,0.8670499461013295,0.1552511415525114,0.3213610586011342,0.1434925521473279,68.0,370.0,2413.0,87.0
4year.arff,4,HistGB_fair,0.4168315421923899,0.5741935483870968,0.9432267337405678,0.3603238866396761,0.5132641291810843,0.5170709128163906,89.0,158.0,2625.0,66.0
4year.arff,4,Balanced_forest_reference,0.2212550106896725,0.3806451612903225,0.9159180740208408,0.2013651877133105,0.3231106243154436,0.2033945975053655,59.0,234.0,2549.0,96.0
4year.arff,4,EasyEnsemble_reference,0.2422193960877221,0.4387096774193548,0.9047790154509522,0.2042042042042042,0.3567681007345226,0.1994713534475817,68.0,265.0,2518.0,87.0
4year.arff,5,Balanced_logistic,0.2154212914163618,0.4774193548387097,0.8674092705713259,0.1670428893905192,0.348071495766698,0.1673435027325472,74.0,369.0,2414.0,81.0
4year.arff,5,Random_forest,0.3176597403207041,0.5096774193548387,0.920589292130794,0.2633333333333333,0.4293478260869564,0.291539712137828,79.0,221.0,2562.0,76.0
4year.arff,5,Extra_trees,0.2031997661013,0.5161290322580645,0.8354293927416457,0.1486988847583643,0.3454231433506045,0.1558196771459979,80.0,458.0,2325.0,75.0
4year.arff,5,HistGB_fair,0.487314180769868,0.5548387096774193,0.9665828242903342,0.4804469273743016,0.5381727158948686,0.588006662795613,86.0,93.0,2690.0,69.0
4year.arff,5,Balanced_forest_reference,0.2344157686679834,0.5548387096774193,0.8447718289615522,0.166023166023166,0.3778558875219684,0.21377363117822,86.0,432.0,2351.0,69.0
4year.arff,5,EasyEnsemble_reference,0.2812647036849876,0.4903225806451612,0.90801293568092,0.2289156626506024,0.3991596638655462,0.2261831591197924,76.0,256.0,2527.0,79.0
4year.arff,6,Balanced_logistic,0.1960598488368212,0.4645161290322581,0.8569888609414301,0.1531914893617021,0.3302752293577981,0.1583701407616871,72.0,398.0,2385.0,83.0
4year.arff,6,Random_forest,0.3129382580022118,0.535483870967742,0.9094502335609056,0.2477611940298507,0.4345549738219895,0.2320149939273328,83.0,252.0,2531.0,72.0
4year.arff,6,Extra_trees,0.2016252127678482,0.4774193548387097,0.8551922385914481,0.1551362683438155,0.3372835004557885,0.1395645078370284,74.0,403.0,2380.0,81.0
4year.arff,6,HistGB_fair,0.5095464474077774,0.6774193548387096,0.950413223140496,0.4320987654320987,0.608342989571263,0.6355396447033225,105.0,138.0,2645.0,50.0
4year.arff,6,Balanced_forest_reference,0.2532020332226995,0.4967741935483871,0.8875314408911247,0.1974358974358974,0.3811881188118812,0.1726487039548706,77.0,313.0,2470.0,78.0
4year.arff,6,EasyEnsemble_reference,0.2538666143092875,0.4903225806451612,0.8907653611210924,0.2,0.38,0.184492812017903,76.0,304.0,2479.0,79.0
4year.arff,7,Balanced_logistic,0.2405174106107229,0.4387096774193548,0.903701042040963,0.2023809523809523,0.3556485355648535,0.2328675377302899,68.0,268.0,2515.0,87.0
4year.arff,7,Random_forest,0.2849180153914298,0.4516129032258064,0.9238232123607618,0.2482269503546099,0.3880266075388027,0.2820279653793864,70.0,212.0,2571.0,85.0
4year.arff,7,Extra_trees,0.2089684023561279,0.4258064516129032,0.8875314408911247,0.1741424802110818,0.3303303303303303,0.1607711059563429,66.0,313.0,2470.0,89.0
4year.arff,7,HistGB_fair,0.4502077135556435,0.7032258064516129,0.924182536830758,0.340625,0.5797872340425532,0.5794276206839012,109.0,211.0,2572.0,46.0
4year.arff,7,Balanced_forest_reference,0.2386908155990255,0.4193548387096774,0.9105282069708948,0.2070063694267516,0.34796573875803,0.2298046303882911,65.0,249.0,2534.0,90.0
4year.arff,7,EasyEnsemble_reference,0.2622874845829228,0.5548387096774193,0.8684872439813152,0.1902654867256637,0.4011194029850746,0.2444752937978996,86.0,366.0,2417.0,69.0
4year.arff,8,Balanced_logistic,0.2219232384323386,0.4774193548387097,0.872799137621272,0.1728971962616822,0.3530534351145038,0.1468071671878048,74.0,354.0,2429.0,81.0
4year.arff,8,Random_forest,0.2928961169852287,0.6387096774193548,0.8548329141214517,0.1968190854870775,0.4407836153161175,0.2488508039303752,99.0,404.0,2379.0,56.0
4year.arff,8,Extra_trees,0.2675816190481975,0.5935483870967742,0.8548329141214517,0.1854838709677419,0.4121863799283154,0.1641379686072372,92.0,404.0,2379.0,63.0
4year.arff,8,HistGB_fair,0.4257228541356018,0.7161290322580646,0.909809558030902,0.3066298342541436,0.5651731160896131,0.569871411741395,111.0,251.0,2532.0,44.0
4year.arff,8,Balanced_forest_reference,0.2773385492962275,0.6580645161290323,0.832195472511678,0.1792618629173989,0.4289318755256518,0.2168215548361538,102.0,467.0,2316.0,53.0
4year.arff,8,EasyEnsemble_reference,0.324762934204145,0.6903225806451613,0.8573481854114265,0.2123015873015873,0.4759786476868327,0.2454264775200759,107.0,397.0,2386.0,48.0
4year.arff,9,Balanced_logistic,0.177036684130765,0.3741935483870968,0.8882500898311175,0.1571815718157181,0.2932254802831142,0.1822984910719804,58.0,311.0,2472.0,97.0
4year.arff,9,Random_forest,0.2487629884544986,0.4451612903225806,0.906216313330938,0.209090909090909,0.3631578947368421,0.2837548299612326,69.0,261.0,2522.0,86.0
4year.arff,9,Extra_trees,0.1851587675436929,0.4387096774193548,0.8609414301113906,0.1494505494505494,0.3162790697674419,0.162447351155148,68.0,387.0,2396.0,87.0
4year.arff,9,HistGB_fair,0.487314180769868,0.5548387096774193,0.9665828242903342,0.4804469273743016,0.5381727158948686,0.5965214637573973,86.0,93.0,2690.0,69.0
4year.arff,9,Balanced_forest_reference,0.2276776811711634,0.4064516129032258,0.9090909090909092,0.1993670886075949,0.3365384615384615,0.2104125191640548,63.0,253.0,2530.0,92.0
4year.arff,9,EasyEnsemble_reference,0.26274476500974,0.4774193548387097,0.901904419690981,0.2132564841498559,0.3826266804550155,0.2032287184188243,74.0,273.0,2510.0,81.0
4year.arff,10,Balanced_logistic,0.2220513701735921,0.5806451612903226,0.8185411426518145,0.1512605042016806,0.3703703703703704,0.2361167268478828,90.0,505.0,2278.0,65.0
4year.arff,10,Random_forest,0.2867023506507987,0.5612903225806452,0.8835788717211642,0.2116788321167883,0.4219204655674102,0.2239933557679341,87.0,324.0,2459.0,68.0
4year.arff,10,Extra_trees,0.2239612933381329,0.5161290322580645,0.8551922385914481,0.165631469979296,0.3626473254759745,0.1719667392400547,80.0,403.0,2380.0,75.0
4year.arff,10,HistGB_fair,0.5146877357739335,0.6580645161290323,0.9554437657204456,0.4513274336283185,0.6028368794326241,0.5842390092546358,102.0,124.0,2659.0,53.0
4year.arff,10,Balanced_forest_reference,0.2683070091161078,0.6129032258064516,0.8462091268415379,0.1816443594646271,0.4155730533683289,0.2017949961062602,95.0,428.0,2355.0,60.0
4year.arff,10,EasyEnsemble_reference,0.2606936454704972,0.6064516129032258,0.8426158821415738,0.1766917293233082,0.4079861111111111,0.1822524646891586,94.0,438.0,2345.0,61.0
5year.arff,1,Balanced_logistic,0.3745598273010903,0.5934959349593496,0.9036363636363636,0.3146551724137931,0.5041436464088398,0.3535754951286292,73.0,159.0,1491.0,50.0
5year.arff,1,Random_forest,0.4626654037033141,0.5853658536585366,0.9436363636363636,0.4363636363636363,0.547945205479452,0.4798498254220226,72.0,93.0,1557.0,51.0
5year.arff,1,Extra_trees,0.3881773862288878,0.5853658536585366,0.9133333333333332,0.3348837209302325,0.5091937765205091,0.4020840351392427,72.0,143.0,1507.0,51.0
5year.arff,1,HistGB_fair,0.682996691967516,0.8373983739837398,0.958181818181818,0.5988372093023255,0.7756024096385542,0.7775285005475753,103.0,69.0,1581.0,20.0
5year.arff,1,Balanced_forest_reference,0.4390383771865477,0.5528455284552846,0.9436363636363636,0.422360248447205,0.5206738131699847,0.4306593277208478,68.0,93.0,1557.0,55.0
5year.arff,1,EasyEnsemble_reference,0.4484857230436708,0.6341463414634146,0.9254545454545454,0.3880597014925373,0.5627705627705628,0.4961680692540214,78.0,123.0,1527.0,45.0
5year.arff,2,Balanced_logistic,0.3833253008750802,0.5691056910569106,0.9163636363636364,0.3365384615384615,0.5000000000000001,0.3743925123282253,70.0,138.0,1512.0,53.0
5year.arff,2,Random_forest,0.4606440841365673,0.6585365853658537,0.9236363636363636,0.391304347826087,0.5793991416309013,0.432716637557466,81.0,126.0,1524.0,42.0
5year.arff,2,Extra_trees,0.415133943482675,0.6097560975609756,0.9181818181818182,0.3571428571428571,0.5341880341880343,0.3868193842353464,75.0,135.0,1515.0,48.0
5year.arff,2,HistGB_fair,0.6631653660994655,0.5528455284552846,0.992121212121212,0.8395061728395061,0.5933682373472949,0.7406365906758284,68.0,13.0,1637.0,55.0
5year.arff,2,Balanced_forest_reference,0.4347813505626604,0.6585365853658537,0.912121212121212,0.3584070796460177,0.564066852367688,0.4063865121394865,81.0,145.0,1505.0,42.0
5year.arff,2,EasyEnsemble_reference,0.4735112235802446,0.6991869918699187,0.9175757575757576,0.3873873873873873,0.6022408963585434,0.4732133440929207,86.0,136.0,1514.0,37.0
5year.arff,3,Balanced_logistic,0.4274812803525852,0.6097560975609756,0.9236363636363636,0.373134328358209,0.5411255411255412,0.4491731129184662,75.0,126.0,1524.0,48.0
5year.arff,3,Random_forest,0.4654421668233944,0.6910569105691057,0.9163636363636364,0.3811659192825112,0.5944055944055944,0.441601222724416,85.0,138.0,1512.0,38.0
5year.arff,3,Extra_trees,0.4106376062023584,0.6260162601626016,0.9109090909090908,0.34375,0.5377094972067039,0.3723718649159691,77.0,147.0,1503.0,46.0
5year.arff,3,HistGB_fair,0.6299745674117053,0.7317073170731707,0.9624242424242424,0.5921052631578947,0.6987577639751553,0.6915031446359206,90.0,62.0,1588.0,33.0
5year.arff,3,Balanced_forest_reference,0.4520580153456469,0.6666666666666666,0.9175757575757576,0.3761467889908257,0.5774647887323943,0.4192498294704391,82.0,136.0,1514.0,41.0
5year.arff,3,EasyEnsemble_reference,0.4740495748287126,0.6585365853658537,0.9290909090909092,0.4090909090909091,0.5869565217391304,0.4567797653029478,81.0,117.0,1533.0,42.0
5year.arff,4,Balanced_logistic,0.4085774960721998,0.6097560975609756,0.9151515151515152,0.3488372093023256,0.5304101838755304,0.4409787858161432,75.0,140.0,1510.0,48.0
5year.arff,4,Random_forest,0.4199122218650189,0.6747967479674797,0.8993939393939394,0.3333333333333333,0.5600539811066128,0.4306957106831693,83.0,166.0,1484.0,40.0
5year.arff,4,Extra_trees,0.3348712112722528,0.4146341463414634,0.9442424242424242,0.3566433566433566,0.4015748031496063,0.3969608152291278,51.0,92.0,1558.0,72.0
5year.arff,4,HistGB_fair,0.5153012806368336,0.7154471544715447,0.9303030303030304,0.4334975369458128,0.6330935251798562,0.6824057464528214,88.0,115.0,1535.0,35.0
5year.arff,4,Balanced_forest_reference,0.3815791784417526,0.6260162601626016,0.8957575757575758,0.3092369477911647,0.5195681511470985,0.3963362624864116,77.0,172.0,1478.0,46.0
5year.arff,4,EasyEnsemble_reference,0.4654127521271233,0.5609756097560976,0.9503030303030304,0.4569536423841059,0.536547433903577,0.5297156847834287,69.0,82.0,1568.0,54.0
5year.arff,5,Balanced_logistic,0.3739958348254674,0.4959349593495935,0.9351515151515152,0.3630952380952381,0.4621212121212121,0.400706909212299,61.0,107.0,1543.0,62.0
5year.arff,5,Random_forest,0.4125097919316031,0.4390243902439024,0.9624242424242424,0.4655172413793103,0.4440789473684209,0.4236651413822814,54.0,62.0,1588.0,69.0
5year.arff,5,Extra_trees,0.4019359562551102,0.4796747967479675,0.9496969696969696,0.4154929577464789,0.4652996845425868,0.3786809381145425,59.0,83.0,1567.0,64.0
5year.arff,5,HistGB_fair,0.6284642843173252,0.6260162601626016,0.9781818181818182,0.6814159292035398,0.6363636363636364,0.7076833701604008,77.0,36.0,1614.0,46.0
5year.arff,5,Balanced_forest_reference,0.3951051974459263,0.3902439024390244,0.9684848484848484,0.48,0.4054054054054054,0.4052989419770277,48.0,52.0,1598.0,75.0
5year.arff,5,EasyEnsemble_reference,0.4431509390188587,0.5934959349593496,0.9345454545454546,0.4033149171270718,0.5423476968796433,0.4777430742927662,73.0,108.0,1542.0,50.0
5year.arff,6,Balanced_logistic,0.347213720582224,0.5447154471544715,0.9066666666666666,0.3031674208144796,0.4698457223001402,0.3166298434825716,67.0,154.0,1496.0,56.0
5year.arff,6,Random_forest,0.4037797629741247,0.6585365853658537,0.8963636363636364,0.3214285714285714,0.5443548387096774,0.3667573551475679,81.0,171.0,1479.0,42.0
5year.arff,6,Extra_trees,0.326982142493614,0.5040650406504065,0.9109090909090908,0.2966507177033493,0.4422253922967189,0.3011555347096464,62.0,147.0,1503.0,61.0
5year.arff,6,HistGB_fair,0.535183880101799,0.7154471544715447,0.9375757575757576,0.4607329842931937,0.6442166910688141,0.6855307458049348,88.0,103.0,1547.0,35.0
5year.arff,6,Balanced_forest_reference,0.3604732566110845,0.6097560975609756,0.8896969696969697,0.2918287937743191,0.5006675567423231,0.3422525735490324,75.0,182.0,1468.0,48.0
5year.arff,6,EasyEnsemble_reference,0.3815791784417526,0.6260162601626016,0.8957575757575758,0.3092369477911647,0.5195681511470985,0.3629529727937112,77.0,172.0,1478.0,46.0
5year.arff,7,Balanced_logistic,0.3670377704579605,0.5365853658536586,0.9193939393939394,0.3316582914572864,0.4775687409551374,0.3999967340080327,66.0,133.0,1517.0,57.0
5year.arff,7,Random_forest,0.4202130294150368,0.4959349593495935,0.9515151515151516,0.4326241134751773,0.4818325434439178,0.4630305691945345,61.0,80.0,1570.0,62.0
5year.arff,7,Extra_trees,0.374080873400601,0.4878048780487805,0.9375757575757576,0.3680981595092024,0.4580152671755725,0.3816604761106547,60.0,103.0,1547.0,63.0
5year.arff,7,HistGB_fair,0.6180034671717217,0.5934959349593496,0.9806060606060606,0.6952380952380952,0.611390284757119,0.7230285450181443,73.0,32.0,1618.0,50.0
5year.arff,7,Balanced_forest_reference,0.403750226964264,0.5121951219512195,0.9418181818181818,0.3962264150943396,0.4838709677419355,0.4264753334704173,63.0,96.0,1554.0,60.0
5year.arff,7,EasyEnsemble_reference,0.4266392070577481,0.7235772357723578,0.8860606060606061,0.3212996389891697,0.5786736020806242,0.4544621470812397,89.0,188.0,1462.0,34.0
5year.arff,8,Balanced_logistic,0.3820226528580749,0.5853658536585366,0.9103030303030304,0.3272727272727272,0.5056179775280898,0.3650937777406659,72.0,148.0,1502.0,51.0
5year.arff,8,Random_forest,0.4149617933965833,0.6016260162601627,0.9206060606060606,0.3609756097560975,0.5308464849354376,0.4198056746453273,74.0,131.0,1519.0,49.0
5year.arff,8,Extra_trees,0.3663982867452945,0.4796747967479675,0.936969696969697,0.3619631901840491,0.450381679389313,0.3626006425388236,59.0,104.0,1546.0,64.0
5year.arff,8,HistGB_fair,0.6024829779380849,0.7154471544715447,0.958181818181818,0.5605095541401274,0.6779661016949153,0.7059728752543221,88.0,69.0,1581.0,35.0
5year.arff,8,Balanced_forest_reference,0.4120258262609195,0.5772357723577236,0.9266666666666666,0.3697916666666667,0.5190058479532164,0.3925135333008799,71.0,121.0,1529.0,52.0
5year.arff,8,EasyEnsemble_reference,0.4313121400685507,0.6666666666666666,0.9078787878787878,0.3504273504273504,0.5647382920110193,0.4125981922306793,82.0,152.0,1498.0,41.0
5year.arff,9,Balanced_logistic,0.4227732695903991,0.5284552845528455,0.9442424242424242,0.4140127388535032,0.5007704160246533,0.3876130311612089,65.0,92.0,1558.0,58.0
5year.arff,9,Random_forest,0.4451582689047909,0.6097560975609756,0.9309090909090908,0.3968253968253968,0.5506607929515419,0.4696263628733063,75.0,114.0,1536.0,48.0
5year.arff,9,Extra_trees,0.3843804178144456,0.4308943089430894,0.9563636363636364,0.424,0.4294975688816856,0.4013138073001258,53.0,72.0,1578.0,70.0
5year.arff,9,HistGB_fair,0.6625013364712766,0.6097560975609756,0.986060606060606,0.7653061224489796,0.6355932203389831,0.7163822645037659,75.0,23.0,1627.0,48.0
5year.arff,9,Balanced_forest_reference,0.4098723331746455,0.6097560975609756,0.9157575757575758,0.3504672897196261,0.5311614730878187,0.4372737139499175,75.0,139.0,1511.0,48.0
5year.arff,9,EasyEnsemble_reference,0.4056908308811979,0.4796747967479675,0.9509090909090908,0.4214285714285714,0.4667721518987341,0.4191905205288347,59.0,81.0,1569.0,64.0
5year.arff,10,Balanced_logistic,0.3586010081877109,0.5528455284552846,0.9096969696969696,0.3133640552995391,0.4795486600846262,0.3932746311031059,68.0,149.0,1501.0,55.0
5year.arff,10,Random_forest,0.4454923614298353,0.6747967479674797,0.912121212121212,0.3640350877192982,0.576388888888889,0.4780634685745034,83.0,145.0,1505.0,40.0
5year.arff,10,Extra_trees,0.3978949598990694,0.5691056910569106,0.923030303030303,0.3553299492385787,0.5079825834542816,0.3810193192699956,70.0,127.0,1523.0,53.0
5year.arff,10,HistGB_fair,0.5824367163542894,0.6991869918699187,0.9557575757575758,0.5408805031446541,0.6605222734254992,0.7253032474034633,86.0,73.0,1577.0,37.0
5year.arff,10,Balanced_forest_reference,0.4272171631959359,0.6585365853658537,0.9084848484848485,0.3491379310344827,0.55939226519337,0.4381112703461344,81.0,151.0,1499.0,42.0
5year.arff,10,EasyEnsemble_reference,0.4466934812898598,0.6504065040650406,0.92,0.3773584905660377,0.5681818181818181,0.4435019844290164,80.0,132.0,1518.0,43.0
1year.arff,1,Triad_risk_fusion,0.5733780972652497,0.6296296296296297,0.9797830374753452,0.5543478260869565,0.6129807692307693,0.6584286627283572,51.0,41.0,1987.0,30.0
1year.arff,2,Triad_risk_fusion,0.5164228631389669,0.6666666666666666,0.965483234714004,0.4354838709677419,0.6026785714285714,0.64780026308558,54.0,70.0,1958.0,27.0
1year.arff,3,Triad_risk_fusion,0.6205511200856395,0.5061728395061729,0.9945759368836292,0.7884615384615384,0.5452127659574468,0.6377170414032111,41.0,11.0,2017.0,40.0
1year.arff,4,Triad_risk_fusion,0.5073625550981072,0.7901234567901234,0.9437869822485208,0.3595505617977528,0.6374501992031872,0.7386109052056236,64.0,114.0,1914.0,17.0
1year.arff,5,Triad_risk_fusion,0.686789266823538,0.6296296296296297,0.992603550295858,0.7727272727272727,0.6538461538461539,0.7108848102919771,51.0,15.0,2013.0,30.0
1year.arff,6,Triad_risk_fusion,0.6139848226942876,0.7283950617283951,0.9758382642998028,0.5462962962962963,0.6828703703703703,0.7097045152256924,59.0,49.0,1979.0,22.0
1year.arff,7,Triad_risk_fusion,0.6663293816287046,0.5925925925925926,0.9930966469428008,0.7741935483870968,0.6217616580310881,0.6820027008697311,48.0,14.0,2014.0,33.0
1year.arff,8,Triad_risk_fusion,0.5855560812640543,0.6666666666666666,0.977810650887574,0.5454545454545454,0.6382978723404256,0.6862199518732585,54.0,45.0,1983.0,27.0
1year.arff,9,Triad_risk_fusion,0.6513695344703471,0.5555555555555556,0.9940828402366864,0.7894736842105263,0.5905511811023622,0.7027777564493659,45.0,12.0,2016.0,36.0
1year.arff,10,Triad_risk_fusion,0.6022399296385831,0.691358024691358,0.977810650887574,0.5544554455445545,0.6588235294117647,0.6886031001859803,56.0,45.0,1983.0,25.0
2year.arff,1,Triad_risk_fusion,0.51167543967047,0.575,0.9757844474761256,0.4928571428571429,0.5564516129032258,0.5471135042739067,69.0,71.0,2861.0,51.0
2year.arff,2,Triad_risk_fusion,0.2964046398867977,0.5833333333333334,0.9038199181446112,0.1988636363636363,0.4206730769230769,0.4123016042493861,70.0,282.0,2650.0,50.0
2year.arff,3,Triad_risk_fusion,0.4566284152223911,0.5333333333333333,0.971350613915416,0.4324324324324324,0.5095541401273885,0.5350151844187199,64.0,84.0,2848.0,56.0
2year.arff,4,Triad_risk_fusion,0.4343951089843439,0.6,0.955661664392906,0.3564356435643564,0.5278592375366569,0.5320656915653276,72.0,130.0,2802.0,48.0
2year.arff,5,Triad_risk_fusion,0.5056564706806891,0.5666666666666667,0.9757844474761256,0.4892086330935252,0.5492730210016155,0.5200260802594311,68.0,71.0,2861.0,52.0
2year.arff,6,Triad_risk_fusion,0.4547103556556326,0.5083333333333333,0.9744201909959072,0.4485294117647059,0.4951298701298701,0.4821638481136601,61.0,75.0,2857.0,59.0
2year.arff,7,Triad_risk_fusion,0.3533521678102359,0.55,0.9403137789904502,0.2738589211618257,0.4576976421636616,0.4454043244772898,66.0,175.0,2757.0,54.0
2year.arff,8,Triad_risk_fusion,0.3366500188846084,0.6833333333333333,0.8949522510231923,0.2102564102564102,0.4712643678160919,0.4777457702027858,82.0,308.0,2624.0,38.0
2year.arff,9,Triad_risk_fusion,0.3510943036009039,0.6333333333333333,0.9178035470668484,0.2397476340694006,0.4767879548306148,0.5423902295553427,76.0,241.0,2691.0,44.0
2year.arff,10,Triad_risk_fusion,0.4823198916997363,0.4916666666666666,0.980900409276944,0.5130434782608696,0.4957983193277311,0.5227537759300365,59.0,56.0,2876.0,61.0
3year.arff,1,Triad_risk_fusion,0.4540460626975057,0.5906040268456376,0.9556962025316456,0.3981900452488687,0.5385556915544676,0.5200991685170904,88.0,133.0,2869.0,61.0
3year.arff,2,Triad_risk_fusion,0.3016477909448456,0.5704697986577181,0.8980679546968687,0.217391304347826,0.4305977710233029,0.4172677795834539,85.0,306.0,2696.0,64.0
3year.arff,3,Triad_risk_fusion,0.3686132899449783,0.6510067114093959,0.9087275149900068,0.261455525606469,0.5015511892450879,0.5140712924777006,97.0,274.0,2728.0,52.0
3year.arff,4,Triad_risk_fusion,0.4502644597852016,0.5503355704697986,0.9620253164556962,0.4183673469387755,0.5176767676767676,0.4768046858837627,82.0,114.0,2888.0,67.0
3year.arff,5,Triad_risk_fusion,0.4271724135372203,0.5503355704697986,0.956029313790806,0.3831775700934579,0.5061728395061729,0.4995936552469667,82.0,132.0,2870.0,67.0
3year.arff,6,Triad_risk_fusion,0.3738966344605539,0.5771812080536913,0.9320453031312458,0.296551724137931,0.4853273137697517,0.518318111737851,86.0,204.0,2798.0,63.0
3year.arff,7,Triad_risk_fusion,0.4458985989532081,0.6778523489932886,0.9350433044636908,0.3412162162162162,0.5661434977578476,0.5362879173254619,101.0,195.0,2807.0,48.0
3year.arff,8,Triad_risk_fusion,0.3696128041914671,0.610738255033557,0.9210526315789472,0.2774390243902439,0.4924242424242424,0.5120704440870163,91.0,237.0,2765.0,58.0
3year.arff,9,Triad_risk_fusion,0.3655226194232497,0.5503355704697986,0.935709526982012,0.2981818181818181,0.4707233065442021,0.4891050911746872,82.0,193.0,2809.0,67.0
3year.arff,10,Triad_risk_fusion,0.427771521539686,0.5302013422818792,0.9600266489007327,0.3969849246231156,0.4968553459119497,0.505091635309279,79.0,120.0,2882.0,70.0
4year.arff,1,Triad_risk_fusion,0.5161531348832105,0.5806451612903226,0.9687387711103126,0.5084745762711864,0.5646173149309912,0.5677565812604048,90.0,87.0,2696.0,65.0
4year.arff,2,Triad_risk_fusion,0.434165929273701,0.7096774193548387,0.9155587495508444,0.3188405797101449,0.5699481865284974,0.5850045533944438,110.0,235.0,2548.0,45.0
4year.arff,3,Triad_risk_fusion,0.4382839405933693,0.7483870967741936,0.9065756378009342,0.3085106382978723,0.5823293172690763,0.5523344921429061,116.0,260.0,2523.0,39.0
4year.arff,4,Triad_risk_fusion,0.4183591251011287,0.5870967741935483,0.9407114624505928,0.35546875,0.519406392694064,0.5046702668497852,91.0,165.0,2618.0,64.0
4year.arff,5,Triad_risk_fusion,0.4279948792779376,0.6838709677419355,0.9198706431908013,0.3221884498480243,0.5584826132771338,0.5777809308423699,106.0,223.0,2560.0,49.0
4year.arff,6,Triad_risk_fusion,0.4489364578664966,0.7419354838709677,0.913402802730866,0.3230337078651685,0.5891393442622951,0.6264636618989398,115.0,241.0,2542.0,40.0
4year.arff,7,Triad_risk_fusion,0.4389206804971554,0.7419354838709677,0.9087315846209126,0.3116531165311653,0.5813953488372093,0.5774295603996011,115.0,254.0,2529.0,40.0
4year.arff,8,Triad_risk_fusion,0.4262793903106305,0.6967741935483871,0.9155587495508444,0.314868804664723,0.5607476635514018,0.5614156989445936,108.0,235.0,2548.0,47.0
4year.arff,9,Triad_risk_fusion,0.493823380923794,0.5935483870967742,0.9615522817103844,0.4623115577889447,0.5616605616605617,0.5930785162186892,92.0,107.0,2676.0,63.0
4year.arff,10,Triad_risk_fusion,0.4659628843794713,0.7096774193548387,0.9288537549407114,0.3571428571428571,0.5926724137931034,0.575469927110557,110.0,198.0,2585.0,45.0
5year.arff,1,Triad_risk_fusion,0.6305242263664128,0.8455284552845529,0.9412121212121212,0.5174129353233831,0.7503607503607503,0.7721177514247717,104.0,97.0,1553.0,19.0
5year.arff,2,Triad_risk_fusion,0.6631653660994655,0.5528455284552846,0.992121212121212,0.8395061728395061,0.5933682373472949,0.7402857484253909,68.0,13.0,1637.0,55.0
5year.arff,3,Triad_risk_fusion,0.6324139567833545,0.7317073170731707,0.963030303030303,0.5960264900662252,0.6998444790046656,0.6812121370331687,90.0,61.0,1589.0,33.0
5year.arff,4,Triad_risk_fusion,0.5079976064882621,0.7479674796747967,0.9187878787878788,0.4070796460176991,0.6406685236768802,0.6760179155746552,92.0,134.0,1516.0,31.0
5year.arff,5,Triad_risk_fusion,0.595153211610864,0.7642276422764228,0.9466666666666668,0.5164835164835165,0.6973293768545994,0.7054764807722307,94.0,88.0,1562.0,29.0
5year.arff,6,Triad_risk_fusion,0.5460056945771291,0.7317073170731707,0.9375757575757576,0.466321243523316,0.656934306569343,0.6843889395332012,90.0,103.0,1547.0,33.0
5year.arff,7,Triad_risk_fusion,0.6212849238043469,0.5691056910569106,0.9842424242424244,0.7291666666666666,0.5952380952380952,0.7222119881651048,70.0,26.0,1624.0,53.0
5year.arff,8,Triad_risk_fusion,0.5372031134529565,0.7560975609756098,0.9284848484848484,0.4407582938388625,0.6614509246088194,0.7019901694839527,93.0,118.0,1532.0,30.0
5year.arff,9,Triad_risk_fusion,0.6507247616762468,0.5772357723577236,0.987878787878788,0.7802197802197802,0.6089193825042881,0.7132960646190788,71.0,20.0,1630.0,52.0
5year.arff,10,Triad_risk_fusion,0.5824367163542894,0.6991869918699187,0.9557575757575758,0.5408805031446541,0.6605222734254992,0.7222176202211085,86.0,73.0,1577.0,37.0
