"dataset","optimizer","seed","ensemble_size","neg_pos_ratio","feature_mode","risk_feature","score_blend_alpha","auto_blend","evals","val_loss","val_gmean","val_sensitivity","val_specificity","val_f2","val_ap","test_gmean","test_sensitivity","test_specificity","test_precision","test_f1","test_f05","test_f2","test_mcc","test_triad_score","test_balanced_accuracy","test_fpr","test_predicted_positive_rate","test_tp","test_fp","test_tn","test_fn","test_p_at_10","test_recall_at_10","test_p_at_15","test_recall_at_15","test_p_at_20","test_recall_at_20","test_ap","test_auc","test_threshold","test_feature_count","test_C","test_gamma","test_cost_pos","test_blend_alpha","selected_features"
"1year.arff","PBMSBAINGO","1","1","3.0","binary","histgb","0.05","False","703.0","0.2779139075901026","0.7855370951895154","0.625","0.9873096446700508","0.6329113924050633","0.6502217313203112","0.7854300930082798","0.6296296296296297","0.9797830374753451","0.5543478260869565","0.5895953757225434","0.5679287305122495","0.6129807692307693","0.5733780972652497","0.7072159674841481","0.8047063335524873","0.02021696252465483","0.04362256993835941","51.0","41.0","1987.0","30.0","0.2843601895734597","0.7407407407407407","0.20189274447949526","0.7901234567901234","0.15639810426540285","0.8148148148148148","0.6584286627283572","0.9005466676406847","0.04875015535858903","17.0","3219.109568732334","0.0017937428635103369","16.340610320469303","0.05","[5, 7, 9, 11, 19, 20, 26, 27, 28, 32, 41, 43, 54, 55, 56, 64, 65]"
"1year.arff","PBMSBAINGO","2","1","3.0","binary","histgb","0.05","False","701.0","0.25154509637228184","0.8722713476920539","0.7916666666666666","0.961082910321489","0.6884057971014492","0.6669343100432271","0.8022814280595906","0.6666666666666666","0.965483234714004","0.43548387096774194","0.526829268292683","0.4679376083188908","0.6026785714285714","0.5164228631389669","0.6927124283571194","0.8160749506903353","0.03451676528599606","0.05879563774300616","54.0","70.0","1958.0","27.0","0.26540284360189575","0.691358024691358","0.19558359621451105","0.7654320987654321","0.15639810426540285","0.8148148148148148","0.64780026308558","0.8786799620132952","0.02610953262263686","9.0","5.382372130493508","0.1716816363061963","1.1690388264698206","0.05","[3, 9, 11, 18, 24, 29, 39, 48, 65]"
"1year.arff","PBMSBAINGO","3","1","3.0","binary","histgb","0.05","False","704.0","0.21688912159110163","0.8022766182169463","0.6458333333333334","0.9966159052453468","0.6828193832599119","0.7555479521687192","0.709526127832442","0.5061728395061729","0.9945759368836292","0.7884615384615384","0.6165413533834586","0.7093425605536332","0.5452127659574468","0.6205511200856395","0.6785337430911469","0.750374388194901","0.005424063116370809","0.024656235182550973","41.0","11.0","2017.0","40.0","0.26540284360189575","0.691358024691358","0.19873817034700317","0.7777777777777778","0.16113744075829384","0.8395061728395061","0.6377170414032111","0.8940390094236248","0.12501608429059505","4.0","0.01","0.007184353355466012","27.168025937323435","0.05","[11, 24, 58, 65]"
"1year.arff","PBMSBAINGO","4","1","3.0","binary","histgb","0.05","False","708.0","0.2518400551445623","0.8722713476920539","0.7916666666666666","0.961082910321489","0.6884057971014492","0.6682076635844127","0.8635439959189803","0.7901234567901234","0.9437869822485208","0.3595505617977528","0.4942084942084942","0.403530895334174","0.6374501992031872","0.5073625550981072","0.7232622252528674","0.8669552195193221","0.05621301775147929","0.08440018966334756","64.0","114.0","1914.0","17.0","0.3175355450236967","0.8271604938271605","0.22082018927444794","0.8641975308641975","0.16587677725118483","0.8641975308641975","0.7386109052056236","0.9118939781332944","0.02713078215257421","10.0","0.09526045715409184","0.8037224669596107","0.18005535327812006","0.05","[3, 11, 19, 20, 21, 26, 27, 55, 62, 65]"
"1year.arff","PBMSBAINGO","5","1","3.0","binary","histgb","0.05","False","700.0","0.20808246589653034","0.8377000649153402","0.7083333333333334","0.9906937394247038","0.7172995780590717","0.7361910144920066","0.79055208920212","0.6296296296296297","0.992603550295858","0.7727272727272727","0.6938775510204082","0.7391304347826086","0.6538461538461539","0.686789266823538","0.7543301971097112","0.8111165899627438","0.0073964497041420114","0.031294452347083924","51.0","15.0","2013.0","30.0","0.2890995260663507","0.7530864197530864","0.20189274447949526","0.7901234567901234","0.15639810426540285","0.8148148148148148","0.7108848102919771","0.8931532617430054","0.06723952525382654","4.0","154.73813277877738","8.5557687217592","37.08251984494897","0.05","[11, 27, 39, 65]"
"1year.arff","PBMSBAINGO","6","1","3.0","binary","histgb","0.05","False","702.0","0.2199454984890423","0.8678856291660951","0.7708333333333334","0.9771573604060914","0.72265625","0.7215590690477712","0.8430870493380769","0.7283950617283951","0.9758382642998028","0.5462962962962963","0.6243386243386243","0.5750487329434698","0.6828703703703703","0.6139848226942876","0.7585207935071774","0.8521166630140989","0.024161735700197237","0.051209103840682786","59.0","49.0","1979.0","22.0","0.3033175355450237","0.7901234567901234","0.2113564668769716","0.8271604938271605","0.17061611374407584","0.8888888888888888","0.7097045152256924","0.9396169673947451","0.03486540035984469","4.0","9.608734080195706","0.02290971093395986","22.92642532943237","0.05","[11, 15, 48, 65]"
"1year.arff","PBMSBAINGO","7","1","3.0","binary","histgb","0.05","False","699.0","0.28802402395845955","0.7474576198026315","0.5625","0.9932318104906938","0.5947136563876652","0.6701269790523674","0.7671386554638248","0.5925925925925926","0.9930966469428008","0.7741935483870968","0.6713286713286714","0.729483282674772","0.6217616580310881","0.6663293816287046","0.7319457598765331","0.7928446197676966","0.006903353057199211","0.02939781887150308","48.0","14.0","2014.0","33.0","0.2843601895734597","0.7407407407407407","0.20504731861198738","0.8024691358024691","0.16350710900473933","0.8518518518518519","0.6820027008697311","0.911078238001315","0.06253936298042552","4.0","5694.806676532518","0.019433236872953816","3.144263601062549","0.05","[11, 13, 27, 65]"
"1year.arff","PBMSBAINGO","8","1","3.0","binary","histgb","0.05","False","698.0","0.20485989207947375","0.8799162909476185","0.7916666666666666","0.9780033840947546","0.7421875","0.7773521115053625","0.807386999683784","0.6666666666666666","0.977810650887574","0.5454545454545454","0.6","0.5660377358490566","0.6382978723404256","0.5855560812640543","0.725399636118079","0.8222386587771203","0.022189349112426034","0.04694167852062589","54.0","45.0","1983.0","27.0","0.2796208530805687","0.7283950617283951","0.19873817034700317","0.7777777777777778","0.15876777251184834","0.8271604938271605","0.6862199518732585","0.9121009569727517","0.039320201825583656","4.0","15.292570388073033","0.0012169568755096979","30.509167411788056","0.05","[11, 24, 27, 65]"
"1year.arff","PBMSBAINGO","9","1","3.0","binary","histgb","0.05","False","700.0","0.2170007783008012","0.8022766182169463","0.6458333333333334","0.9966159052453468","0.6828193832599119","0.7443822811987619","0.7431475254456122","0.5555555555555556","0.9940828402366864","0.7894736842105263","0.6521739130434783","0.7281553398058253","0.5905511811023622","0.6513695344703471","0.7112012392386206","0.774819197896121","0.005917159763313609","0.02702702702702703","45.0","12.0","2016.0","36.0","0.2985781990521327","0.7777777777777778","0.22082018927444794","0.8641975308641975","0.17061611374407584","0.8888888888888888","0.7027777564493659","0.949028416977135","0.08496242288235956","4.0","2.192794207280272","0.11002664597965221","0.34360044010739277","0.05","[3, 47, 51, 65]"
"1year.arff","PBMSBAINGO","10","1","3.0","binary","histgb","0.05","False","700.0","0.25713663662958786","0.7988641118164816","0.6458333333333334","0.988155668358714","0.6540084388185654","0.6899228052718669","0.8222026758164949","0.691358024691358","0.977810650887574","0.5544554455445545","0.6153846153846154","0.5773195876288659","0.6588235294117647","0.6022399296385831","0.7411551080432162","0.834584337789466","0.022189349112426034","0.047889995258416314","56.0","45.0","1983.0","25.0","0.2843601895734597","0.7407407407407407","0.20189274447949526","0.7901234567901234","0.16113744075829384","0.8395061728395061","0.6886031001859803","0.906287286629167","0.03378262007757359","4.0","0.33829753719383565","0.07084510333498227","0.17122980123156906","0.05","[11, 27, 50, 65]"
"2year.arff","PBMSBAINGO","1","1","3.0","binary","histgb","0.05","False","704.0","0.30360449873925155","0.797834175383118","0.6545454545454545","0.9724907063197026","0.6143344709897611","0.6092459889819619","0.7490501033300591","0.575","0.9757844474761255","0.4928571428571429","0.5307692307692308","0.5073529411764706","0.5564516129032258","0.51167543967047","0.6596882812545388","0.7753922237380627","0.024215552523874487","0.045871559633027525","69.0","71.0","2861.0","51.0","0.2549019607843137","0.65","0.18340611353711792","0.7","0.14238952536824878","0.725","0.5471135042739067","0.8559402000909505","0.03743962022073085","6.0","63.85886146522441","0.03088829798829243","17.730387676205698","0.05","[4, 27, 41, 42, 53, 65]"
"2year.arff","PBMSBAINGO","2","1","3.0","binary","histgb","0.05","False","702.0","0.37163015795246784","0.8132063051660039","0.7272727272727273","0.9092936802973978","0.5235602094240838","0.44229883053743313","0.7261048723045154","0.5833333333333334","0.9038199181446112","0.19886363636363635","0.2966101694915254","0.22905759162303665","0.4206730769230769","0.2964046398867977","0.5386349956864588","0.7435766257389722","0.09618008185538882","0.11533420707732635","70.0","282.0","2650.0","50.0","0.22549019607843138","0.575","0.1703056768558952","0.65","0.1309328968903437","0.6666666666666666","0.41230160424938617","0.771573726693952","0.025974056654403964","7.0","7.620714502393187","3.7944922722306043","0.2577487088814642","0.05","[14, 23, 28, 39, 45, 51, 65]"
"2year.arff","PBMSBAINGO","3","1","3.0","binary","histgb","0.05","False","709.0","0.3614368800455724","0.7510542325895239","0.5818181818181818","0.9695167286245353","0.5460750853242321","0.4982258418146889","0.7197594464506101","0.5333333333333333","0.9713506139154161","0.43243243243243246","0.47761194029850745","0.449438202247191","0.5095541401273885","0.4566284152223911","0.6184613443248156","0.7523419736243747","0.0286493860845839","0.04849279161205767","64.0","84.0","2848.0","56.0","0.24183006535947713","0.6166666666666667","0.1812227074235808","0.6916666666666667","0.13911620294599017","0.7083333333333334","0.5350151844187199","0.8368207139608914","0.036369112284422335","18.0","129.86662178942623","0.06199596320470527","7.223438075577756","0.05","[5, 12, 13, 14, 15, 16, 20, 24, 26, 27, 31, 35, 37, 39, 41, 56, 60, 65]"
"2year.arff","PBMSBAINGO","4","1","3.0","binary","histgb","0.05","False","706.0","0.2860808541051659","0.8278687564655002","0.7090909090909091","0.966542750929368","0.6414473684210527","0.6090393148541979","0.7572298189029164","0.6","0.9556616643929059","0.3564356435643564","0.4472049689440994","0.3879310344827586","0.5278592375366569","0.4343951089843439","0.6291875406731904","0.7778308321964529","0.04433833560709413","0.06618610747051114","72.0","130.0","2802.0","48.0","0.25163398692810457","0.6416666666666667","0.1943231441048035","0.7416666666666667","0.14566284779050737","0.7416666666666667","0.5320656915653276","0.856286948613006","0.027620445531826285","7.0","9.603473643763984","0.12250862818607121","0.4127748351614828","0.05","[8, 15, 21, 38, 57, 64, 65]"
"2year.arff","PBMSBAINGO","5","1","3.0","binary","histgb","0.05","False","703.0","0.24173940755815032","0.8348444112185732","0.7090909090909091","0.9828996282527881","0.6914893617021277","0.6908578317414191","0.7436023939152369","0.5666666666666667","0.9757844474761255","0.4892086330935252","0.525096525096525","0.5029585798816568","0.5492730210016155","0.5056564706806891","0.6539015636346921","0.7712255570713961","0.024215552523874487","0.04554390563564875","68.0","71.0","2861.0","52.0","0.238562091503268","0.6083333333333333","0.1615720524017467","0.6166666666666667","0.1309328968903437","0.6666666666666666","0.5200260802594311","0.8033992723965437","0.045795003491183185","17.0","0.03364845084664318","0.6166851324608474","199.52623149688787","0.05","[5, 7, 15, 18, 19, 20, 22, 27, 32, 42, 44, 46, 53, 54, 57, 61, 65]"
"2year.arff","PBMSBAINGO","6","1","3.0","binary","histgb","0.05","False","698.0","0.3779546856210044","0.7171721720052651","0.5272727272727272","0.9754646840148699","0.5141843971631206","0.44328587901619276","0.703797033068663","0.5083333333333333","0.9744201909959073","0.4485294117647059","0.4765625","0.45933734939759036","0.49512987012987014","0.4547103556556326","0.6084289955534644","0.7413767621646203","0.02557980900409277","0.04456094364351245","61.0","75.0","2857.0","59.0","0.238562091503268","0.6083333333333333","0.16593886462882096","0.6333333333333333","0.132569558101473","0.675","0.48216384811366014","0.8567843337880856","0.033544119627315884","4.0","0.0677024875989043","0.737203361669777","3.4884253032242345","0.05","[19, 21, 63, 65]"
"2year.arff","PBMSBAINGO","7","1","3.0","binary","histgb","0.05","False","704.0","0.32453689576144995","0.8277054526358287","0.7272727272727273","0.9420074349442379","0.591715976331361","0.5042320461455555","0.7191471187766434","0.55","0.9403137789904502","0.27385892116182575","0.3656509695290859","0.3044280442804428","0.4576976421636616","0.35335216781023593","0.5674763280446182","0.7451568894952252","0.059686221009549796","0.07896461336828309","66.0","175.0","2757.0","54.0","0.23529411764705882","0.6","0.18340611353711792","0.7","0.14566284779050737","0.7416666666666667","0.44540432447728984","0.8520236471123238","0.027451708230945233","5.0","3.4690994584137913","0.004109269004382954","9.331711705511673","0.05","[5, 46, 51, 59, 65]"
"2year.arff","PBMSBAINGO","8","1","3.0","binary","histgb","0.05","False","703.0","0.37622854140700285","0.8195977384398364","0.7454545454545455","0.9011152416356877","0.5203045685279187","0.4725985248071681","0.7820170745360028","0.6833333333333333","0.8949522510231923","0.21025641025641026","0.3215686274509804","0.24404761904761904","0.47126436781609193","0.3366500188846084","0.5904779774530831","0.7891427921782628","0.10504774897680765","0.12778505897771952","82.0","308.0","2624.0","38.0","0.2581699346405229","0.6583333333333333","0.185589519650655","0.7083333333333334","0.14729950900163666","0.75","0.4777457702027858","0.8439972714870396","0.036013746151051164","24.0","42.416872481245356","0.0029480817877816563","99.53582869120426","0.05","[1, 5, 6, 13, 14, 17, 19, 21, 22, 24, 26, 34, 36, 39, 42, 43, 44, 45, 48, 52, 54, 56, 63, 65]"
"2year.arff","PBMSBAINGO","9","1","3.0","binary","histgb","0.05","False","700.0","0.3498132787093558","0.8273379011647032","0.7454545454545455","0.9182156133828996","0.5525606469002695","0.4821323011870926","0.762414309813899","0.6333333333333333","0.9178035470668485","0.23974763406940064","0.34782608695652173","0.2737752161383285","0.4767879548306148","0.35109430360090393","0.5887559200689759","0.7755684402000909","0.08219645293315143","0.10386631716906947","76.0","241.0","2691.0","44.0","0.24509803921568626","0.625","0.185589519650655","0.7083333333333334","0.15057283142389524","0.7666666666666667","0.5423902295553427","0.84956230104593","0.017321998182561162","6.0","13.098725046976643","0.0035809572728837695","1.0802602258437541","0.05","[4, 5, 25, 38, 48, 65]"
"2year.arff","PBMSBAINGO","10","1","3.0","binary","histgb","0.05","False","706.0","0.37821370547699523","0.7171721720052651","0.5272727272727272","0.9754646840148699","0.5141843971631206","0.47892235495556873","0.6944609669097063","0.49166666666666664","0.9809004092769441","0.5130434782608696","0.502127659574468","0.5086206896551724","0.4957983193277311","0.4823198916997363","0.6150025996399412","0.7362835379718053","0.019099590723055934","0.03768020969855832","59.0","56.0","2876.0","61.0","0.24836601307189543","0.6333333333333333","0.17467248908296942","0.6666666666666666","0.13747954173486088","0.7","0.5227537759300365","0.8201114142792177","0.05887934371211096","6.0","36.19089063028422","0.21555410364158117","28.225902403142353","0.05","[1, 5, 12, 18, 39, 65]"
"3year.arff","PBMSBAINGO","1","1","3.0","binary","histgb","0.05","False","706.0","0.325000655653824","0.7753631680331902","0.6212121212121212","0.9677661169415293","0.5890804597701149","0.5515428214661885","0.7512909061450657","0.5906040268456376","0.9556962025316456","0.39819004524886875","0.4756756756756757","0.4259438528557599","0.5385556915544676","0.45404606269750575","0.6351925455624607","0.7731501146886416","0.04430379746835443","0.07013646461440813","88.0","133.0","2869.0","61.0","0.2848101265822785","0.6040268456375839","0.2029598308668076","0.6442953020134228","0.16957210776545167","0.7181208053691275","0.5200991685170904","0.8755572347741325","0.03765986846936375","4.0","136.7987620042215","0.9740803944169505","0.42044459216294544","0.05","[13, 27, 41, 65]"
"3year.arff","PBMSBAINGO","2","1","3.0","binary","histgb","0.05","False","708.0","0.36531598920693603","0.8066792748395055","0.7121212121212122","0.9137931034482759","0.5516431924882629","0.49455075004013105","0.7157657754439446","0.5704697986577181","0.8980679546968687","0.21739130434782608","0.3148148148148148","0.24810274372446","0.43059777102330293","0.3016477909448456","0.5366370688917697","0.7342688766772933","0.10193204530313124","0.12408759124087591","85.0","306.0","2696.0","64.0","0.25949367088607594","0.5503355704697986","0.18604651162790697","0.5906040268456376","0.14580031695721077","0.6174496644295302","0.4172677795834539","0.8033950520681962","0.03501860801349404","21.0","1769.500130757024","0.00686786622944913","45.703683839511015","0.05","[2, 4, 9, 11, 12, 13, 14, 15, 16, 18, 22, 23, 24, 25, 26, 27, 30, 36, 44, 64, 65]"
"3year.arff","PBMSBAINGO","3","1","3.0","binary","histgb","0.05","False","708.0","0.38772643518405175","0.7678634538557016","0.6363636363636364","0.9265367316341829","0.5198019801980198","0.4689033073959303","0.7691473923123427","0.6510067114093959","0.9087275149900067","0.261455525606469","0.3730769230769231","0.2969993876301286","0.5015511892450879","0.3686132899449783","0.60190790127582","0.7798671131997013","0.09127248500999334","0.11774039987305618","97.0","274.0","2728.0","52.0","0.2911392405063291","0.6174496644295302","0.21987315010570824","0.697986577181208","0.18066561014263074","0.7651006711409396","0.5140712924777006","0.8763531247624625","0.020706848258936036","4.0","97.63960354570357","0.01068596936921075","1.3106486736894263","0.05","[13, 41, 58, 65]"
"3year.arff","PBMSBAINGO","4","1","3.0","binary","histgb","0.05","False","705.0","0.2803336768639622","0.8135631300689611","0.6818181818181818","0.9707646176911544","0.646551724137931","0.6308389151459007","0.7276240453270041","0.5503355704697986","0.9620253164556962","0.41836734693877553","0.4753623188405797","0.43944265809217575","0.5176767676767676","0.45026445978520163","0.6200507700634638","0.7561804434627475","0.0379746835443038","0.06220247540463345","82.0","114.0","2888.0","67.0","0.2911392405063291","0.6174496644295302","0.20930232558139536","0.6644295302013423","0.1664025356576862","0.7046979865771812","0.4768046858837627","0.856961131058042","0.04680139439992085","6.0","124.1083618041109","0.19511181036987124","11.849991014465525","0.05","[22, 24, 26, 35, 41, 65]"
"3year.arff","PBMSBAINGO","5","1","3.0","binary","histgb","0.05","False","706.0","0.30263242767317927","0.810100473831523","0.6818181818181818","0.9625187406296851","0.6267409470752089","0.5616950148755392","0.7253529746205729","0.5503355704697986","0.9560293137908061","0.38317757009345793","0.45179063360881544","0.4079601990049751","0.5061728395061729","0.4271724135372203","0.6079959183987261","0.7531824421303024","0.04397068620919387","0.06791494763567121","82.0","132.0","2870.0","67.0","0.3069620253164557","0.6510067114093959","0.2156448202959831","0.6845637583892618","0.17115689381933438","0.7248322147651006","0.49959365524696675","0.8605985271563924","0.045436651514381386","15.0","10000.0","0.0073743176030822664","39.82788281394908","0.05","[1, 2, 5, 6, 7, 11, 16, 17, 27, 41, 42, 44, 46, 51, 65]"
"3year.arff","PBMSBAINGO","6","1","3.0","binary","histgb","0.05","False","708.0","0.39120815173869794","0.7678634538557016","0.6363636363636364","0.9265367316341829","0.5198019801980198","0.42842395962361424","0.7334569067246292","0.5771812080536913","0.9320453031312458","0.296551724137931","0.3917995444191344","0.3284950343773873","0.4853273137697517","0.37389663446055393","0.5859136110876","0.7546132555924685","0.06795469686875416","0.09203427483338622","86.0","204.0","2798.0","63.0","0.2721518987341772","0.5771812080536913","0.19238900634249473","0.610738255033557","0.1537242472266244","0.6510067114093959","0.518318111737851","0.8328496885745075","0.04033384419735178","14.0","5.190297954197821","0.4141650267879835","84.33229006610503","0.05","[1, 11, 14, 15, 22, 23, 25, 26, 33, 42, 44, 50, 52, 65]"
"3year.arff","PBMSBAINGO","7","1","3.0","binary","histgb","0.05","False","705.0","0.374710436188558","0.765084995113519","0.6212121212121212","0.9422788605697151","0.5366492146596858","0.4859719765872629","0.7961289470564172","0.6778523489932886","0.9350433044636909","0.34121621621621623","0.45393258426966293","0.37884471117779445","0.5661434977578476","0.4458985989532081","0.6562474758211568","0.8064478267284898","0.06495669553630913","0.09393843224373215","101.0","195.0","2807.0","48.0","0.31962025316455694","0.6778523489932886","0.22410147991543342","0.7114093959731543","0.17591125198098256","0.7449664429530202","0.5362879173254619","0.8720539774378603","0.028579063771939184","7.0","4.083538410239889","0.9131501148128695","0.6875984781535294","0.05","[16, 24, 27, 42, 48, 58, 65]"
"3year.arff","PBMSBAINGO","8","1","3.0","binary","histgb","0.05","False","699.0","0.30228762120094793","0.8540538760880936","0.7878787878787878","0.9257871064467766","0.6265060240963856","0.5996327941582114","0.7500147178586511","0.610738255033557","0.9210526315789473","0.2774390243902439","0.38155136268343814","0.31143052703627655","0.49242424242424243","0.3696128041914671","0.5924188377625798","0.7658954433062521","0.07894736842105263","0.10409393843224374","91.0","237.0","2765.0","58.0","0.2879746835443038","0.610738255033557","0.22410147991543342","0.7114093959731543","0.1774960380348653","0.7516778523489933","0.5120704440870163","0.8629794901832782","0.03628308075329024","9.0","0.32618302142839284","0.013167756325700941","32.74832907904034","0.05","[13, 15, 16, 19, 24, 27, 39, 58, 65]"
"3year.arff","PBMSBAINGO","9","1","3.0","binary","histgb","0.05","False","702.0","0.316569089239414","0.8265064966230244","0.7272727272727273","0.93928035982009","0.6106870229007634","0.5307106632064195","0.7176031189492358","0.5503355704697986","0.935709526982012","0.29818181818181816","0.3867924528301887","0.32826261008807045","0.4707233065442021","0.36552261942324976","0.5730963346633133","0.7430225487259053","0.06429047301798801","0.08727388130752142","82.0","193.0","2809.0","67.0","0.2689873417721519","0.5704697986577181","0.20084566596194503","0.6375838926174496","0.1664025356576862","0.7046979865771812","0.48910509117468726","0.8435740826026497","0.02634615661674965","8.0","9.953974162036094","0.1386124879477648","0.1","0.05","[2, 4, 9, 15, 18, 27, 63, 65]"
"3year.arff","PBMSBAINGO","10","1","3.0","binary","histgb","0.05","False","701.0","0.32493208932667056","0.7753631680331902","0.6212121212121212","0.9677661169415293","0.5890804597701149","0.5583994541815357","0.7134475579000484","0.5302013422818792","0.9600266489007329","0.3969849246231156","0.4540229885057471","0.41798941798941797","0.4968553459119497","0.427771521539686","0.6016057705370764","0.745113995591306","0.039973351099267154","0.06315455410980642","79.0","120.0","2882.0","70.0","0.30063291139240506","0.6375838926174496","0.21987315010570824","0.697986577181208","0.17274167987321712","0.7315436241610739","0.505091635309279","0.872226122182527","0.03848655212815763","4.0","3.34419501646181","0.0011997712598005306","6.252024183671983","0.05","[8, 10, 42, 65]"
"4year.arff","PBMSBAINGO","1","1","3.0","binary","histgb","0.05","False","710.0","0.28997454109938464","0.7943791777842","0.6486486486486487","0.9728506787330317","0.631578947368421","0.6147736678709113","0.7499956533204285","0.5806451612903226","0.9687387711103126","0.5084745762711864","0.5421686746987951","0.5214368482039398","0.5646173149309912","0.5161531348832105","0.6621636773450859","0.7746919662003175","0.03126122888968739","0.06024506466984343","90.0","87.0","2696.0","65.0","0.36054421768707484","0.6838709677419355","0.26077097505668934","0.7419354838709677","0.20068027210884354","0.7612903225806451","0.5677565812604048","0.8825588538708518","0.04169318307059996","8.0","6.8701870594557155","0.30413705221708026","1.279183364806064","0.05","[8, 15, 21, 27, 38, 45, 53, 65]"
"4year.arff","PBMSBAINGO","2","1","3.0","binary","histgb","0.05","False","703.0","0.34278914398611243","0.8187152918556355","0.7297297297297297","0.918552036199095","0.5895196506550219","0.5089613170611444","0.8060715667042141","0.7096774193548387","0.9155587495508444","0.3188405797101449","0.44","0.3583061889250814","0.5699481865284974","0.43416592927370107","0.6558446517330007","0.8126180844528416","0.08444125044915558","0.11742682096664397","110.0","235.0","2548.0","45.0","0.3707482993197279","0.7032258064516129","0.2585034013605442","0.7354838709677419","0.20408163265306123","0.7741935483870968","0.5850045533944438","0.8762532889780117","0.0288063818844297","27.0","4634.532210666225","0.0009440936425955598","4.739322656155155","0.05","[2, 3, 4, 7, 12, 14, 15, 18, 19, 21, 23, 24, 25, 26, 30, 35, 37, 38, 39, 45, 46, 48, 53, 56, 59, 62, 65]"
"4year.arff","PBMSBAINGO","3","1","3.0","binary","histgb","0.05","False","709.0","0.33253306526513815","0.8342154232486718","0.7702702702702703","0.9034690799396682","0.5925155925155925","0.5143617282269621","0.8236926062434056","0.7483870967741936","0.9065756378009342","0.30851063829787234","0.4369114877589454","0.34960819770946355","0.5823293172690763","0.4382839405933693","0.6674652052401626","0.8274813672875638","0.09342436219906576","0.1279782164737917","116.0","260.0","2523.0","39.0","0.36394557823129253","0.6903225806451613","0.272108843537415","0.7741935483870968","0.21598639455782312","0.8193548387096774","0.5523344921429061","0.8825797178723356","0.030458435362411152","7.0","5.75427681470378","0.5361478577798838","8.187072505031392","0.05","[5, 9, 17, 20, 46, 63, 65]"
"4year.arff","PBMSBAINGO","4","1","3.0","binary","histgb","0.05","False","701.0","0.2998128765057238","0.799494357345017","0.6621621621621622","0.9653092006033183","0.6265984654731458","0.5578810751039573","0.7431612644989231","0.5870967741935483","0.9407114624505929","0.35546875","0.44282238442822386","0.38592027141645463","0.519406392694064","0.41835912510112877","0.6136279392701036","0.7639041183220706","0.05928853754940711","0.08713410483321987","91.0","165.0","2618.0","64.0","0.3231292517006803","0.6129032258064516","0.23129251700680273","0.6580645161290323","0.18197278911564627","0.6903225806451613","0.5046702668497852","0.8567999258168836","0.030176812632277183","9.0","1.467311675102942","0.17063369770634942","0.3952099023903526","0.05","[1, 8, 18, 19, 21, 45, 46, 62, 65]"
"4year.arff","PBMSBAINGO","5","1","3.0","binary","histgb","0.05","False","709.0","0.298648001965258","0.8459703849050985","0.7702702702702703","0.9291101055806938","0.6375838926174496","0.5908534539877378","0.793141114150748","0.6838709677419355","0.9198706431908013","0.3221884498480243","0.4380165289256198","0.3602991162474507","0.5584826132771338","0.4279948792779376","0.6457233625834223","0.8018708054663684","0.0801293568091987","0.11198093941456773","106.0","223.0","2560.0","49.0","0.35034013605442177","0.6645161290322581","0.26077097505668934","0.7419354838709677","0.20068027210884354","0.7612903225806451","0.5777809308423699","0.888013631147636","0.02667115155781814","8.0","55.42901596979461","0.1939317832612314","2.6714420341421348","0.05","[2, 4, 14, 18, 22, 24, 47, 65]"
"4year.arff","PBMSBAINGO","6","1","3.0","binary","histgb","0.05","False","703.0","0.2618584219271562","0.8612876854516118","0.7837837837837838","0.9464555052790347","0.6823529411764706","0.6727720676961555","0.8232168307397651","0.7419354838709677","0.9134028027308659","0.32303370786516855","0.4500978473581213","0.3641545281823939","0.5891393442622951","0.44893645786649666","0.672570455620528","0.8276691433009169","0.08659719726913402","0.1211708645336964","115.0","241.0","2542.0","40.0","0.3741496598639456","0.7096774193548387","0.2766439909297052","0.7870967741935484","0.2193877551020408","0.832258064516129","0.6264636618989398","0.9105421163052172","0.02879837376142903","5.0","1.8191825446864918","0.05820407523476841","5.356687307739867","0.05","[15, 16, 27, 37, 65]"
"4year.arff","PBMSBAINGO","7","1","3.0","binary","histgb","0.05","False","701.0","0.26923996040025344","0.8801434431584624","0.8378378378378378","0.9245852187028658","0.6768558951965066","0.643867917619874","0.8211091327859824","0.7419354838709677","0.9087315846209126","0.3116531165311653","0.4389312977099237","0.3525444512568976","0.5813953488372093","0.4389206804971554","0.6663912250149281","0.8253335342459402","0.09126841537908732","0.12559564329475834","115.0","254.0","2529.0","40.0","0.35714285714285715","0.6774193548387096","0.2675736961451247","0.7612903225806451","0.21768707482993196","0.8258064516129032","0.5774295603996011","0.9068839613784151","0.02442134866859449","15.0","79.70225474297239","0.021846285632748434","0.2535384427984739","0.05","[3, 6, 10, 15, 28, 31, 35, 39, 42, 46, 51, 57, 58, 59, 65]"
"4year.arff","PBMSBAINGO","8","1","3.0","binary","histgb","0.05","False","701.0","0.33718250111006626","0.8144219991472218","0.7162162162162162","0.9260935143288085","0.5928411633109619","0.4634273957306276","0.7987100283359783","0.6967741935483871","0.9155587495508444","0.31486880466472306","0.43373493975903615","0.35363457760314343","0.5607476635514018","0.42627939031063056","0.6478744754162357","0.8061664715496157","0.08444125044915558","0.11674608577263444","108.0","235.0","2548.0","47.0","0.35034013605442177","0.6645161290322581","0.272108843537415","0.7741935483870968","0.21768707482993196","0.8258064516129032","0.5614156989445936","0.8932783141886801","0.030695796259522602","15.0","385.7821230269406","0.0013577929922144938","4.923239517933107","0.05","[3, 7, 11, 14, 15, 16, 18, 21, 24, 26, 27, 32, 41, 60, 65]"
"4year.arff","PBMSBAINGO","9","1","3.0","binary","histgb","0.05","False","700.0","0.24843648592152118","0.8409318893112331","0.7297297297297297","0.969079939668175","0.690537084398977","0.6246393953610805","0.75546529100841","0.5935483870967742","0.9615522817103844","0.4623115577889447","0.519774011299435","0.48370136698212407","0.5616605616605617","0.493823380923794","0.6556421918339387","0.7775503344035792","0.038447718289615525","0.06773315180394826","92.0","107.0","2676.0","63.0","0.3435374149659864","0.6516129032258065","0.26077097505668934","0.7419354838709677","0.20578231292517007","0.7806451612903226","0.5930785162186892","0.8738655199193259","0.03232391829772204","4.0","3.8231994919047234","0.09138068807206784","0.2888052025700912","0.05","[19, 31, 56, 65]"
"4year.arff","PBMSBAINGO","10","1","3.0","binary","histgb","0.05","False","702.0","0.29497881427261635","0.8419129495973843","0.7567567567567568","0.9366515837104072","0.6422018348623854","0.5354579983229976","0.8119030334740571","0.7096774193548387","0.9288537549407114","0.35714285714285715","0.47516198704103674","0.3965392934390771","0.5926724137931034","0.4659628843794713","0.6747142527502098","0.8192655871477751","0.07114624505928854","0.10483321987746766","110.0","198.0","2585.0","45.0","0.3673469387755102","0.6967741935483871","0.2698412698412698","0.7677419354838709","0.21598639455782312","0.8193548387096774","0.575469927110557","0.911012715449793","0.029398634224847783","6.0","15.235640141596724","0.18922049013924824","1.3349164702543732","0.05","[26, 27, 28, 32, 58, 65]"
"5year.arff","PBMSBAINGO","1","1","3.0","binary","histgb","0.05","False","699.0","0.2404782133868064","0.8596569304527584","0.7777777777777778","0.9501557632398754","0.7142857142857143","0.6855418968229546","0.8920883537764531","0.8455284552845529","0.9412121212121212","0.5174129353233831","0.6419753086419753","0.5609492988133765","0.7503607503607503","0.6305242263664128","0.7946438118938741","0.893370288248337","0.058787878787878785","0.11336717428087986","104.0","97.0","1553.0","19.0","0.5730337078651685","0.8292682926829268","0.41353383458646614","0.8943089430894309","0.30985915492957744","0.8943089430894309","0.7721177514247717","0.931520078837152","0.03358262205893058","5.0","82.87858808395174","0.7156715017439285","5.722211647468161","0.05","[6, 21, 27, 42, 65]"
"5year.arff","PBMSBAINGO","2","1","3.0","binary","histgb","0.05","False","699.0","0.23072323825352203","0.7959782664843036","0.6388888888888888","0.9916926272066459","0.672514619883041","0.7736321818866354","0.740600955850618","0.5528455284552846","0.9921212121212121","0.8395061728395061","0.6666666666666666","0.7606263982102909","0.5933682373472949","0.6631653660994655","0.7138332793515103","0.7724833702882483","0.00787878787878788","0.04568527918781726","68.0","13.0","1637.0","55.0","0.5224719101123596","0.7560975609756098","0.38345864661654133","0.8292682926829268","0.30140845070422534","0.8699186991869918","0.7402857484253909","0.9363882729736389","0.299221541043919","4.0","39.921101097087245","0.2345992031171844","0.43957467394325","0.05","[21, 27, 42, 65]"
"5year.arff","PBMSBAINGO","3","1","3.0","binary","histgb","0.05","False","705.0","0.23360717096464742","0.8556630996048524","0.7638888888888888","0.9584631360332295","0.7180156657963447","0.7160308259689595","0.8394380973546921","0.7317073170731707","0.963030303030303","0.5960264900662252","0.656934306569343","0.6189821182943603","0.6998444790046656","0.6324139567833545","0.7638233529899362","0.8473688100517369","0.03696969696969697","0.08516638465877044","90.0","61.0","1589.0","33.0","0.5393258426966292","0.7804878048780488","0.39849624060150374","0.8617886178861789","0.3126760563380282","0.9024390243902439","0.6812121370331687","0.9362158167036216","0.05736532839328382","5.0","42.11320033949876","0.6208424638019944","14.054974509669542","0.05","[16, 21, 41, 58, 65]"
"5year.arff","PBMSBAINGO","4","1","3.0","binary","histgb","0.05","False","705.0","0.19606626938661512","0.9185409894637397","0.9027777777777778","0.9345794392523364","0.78125","0.7265045963007698","0.8289894173345775","0.7479674796747967","0.9187878787878788","0.40707964601769914","0.5272206303724928","0.44790652385589097","0.6406685236768802","0.5079976064882621","0.7041305915337613","0.8333776792313378","0.08121212121212121","0.12746756909193457","92.0","134.0","1516.0","31.0","0.4887640449438202","0.7073170731707317","0.36466165413533835","0.7886178861788617","0.29014084507042254","0.8373983739837398","0.6760179155746552","0.9252426706085244","0.030276047067955676","10.0","223.303875683467","0.02780806981579381","3.699517765979728","0.05","[6, 8, 12, 29, 40, 41, 48, 55, 62, 65]"
"5year.arff","PBMSBAINGO","5","1","3.0","binary","histgb","0.05","False","702.0","0.23841932963785892","0.876092339316006","0.8194444444444444","0.936656282450675","0.7230392156862745","0.7176269211766618","0.8505697118333964","0.7642276422764228","0.9466666666666667","0.5164835164835165","0.6163934426229508","0.5522914218566393","0.6973293768545994","0.595153211610864","0.7551203997659277","0.8554471544715447","0.05333333333333334","0.10265087422447829","94.0","88.0","1562.0","29.0","0.5224719101123596","0.7560975609756098","0.37593984962406013","0.8130081300813008","0.29577464788732394","0.8536585365853658","0.7054764807722307","0.9313131313131312","0.03185392210551465","7.0","8.307583205492291","0.019907564227409552","1.6513504590906571","0.05","[11, 13, 15, 31, 35, 62, 65]"
"5year.arff","PBMSBAINGO","6","1","3.0","binary","histgb","0.05","False","699.0","0.24411441075105234","0.863974571116634","0.7916666666666666","0.9428868120456906","0.7125","0.7089598097382368","0.8282699089841445","0.7317073170731707","0.9375757575757576","0.46632124352331605","0.569620253164557","0.5027932960893855","0.656934306569343","0.5460056945771291","0.7208534476285401","0.8346415373244642","0.062424242424242424","0.10885504794134236","90.0","103.0","1547.0","33.0","0.4943820224719101","0.7154471544715447","0.3684210526315789","0.7967479674796748","0.28732394366197184","0.8292682926829268","0.6843889395332012","0.901808327174181","0.0374340942096165","5.0","1.2424921691719766","0.006487184031184339","2.9198940627420953","0.05","[35, 39, 46, 49, 65]"
"5year.arff","PBMSBAINGO","7","1","3.0","binary","histgb","0.05","False","701.0","0.23183605276286204","0.8105397780128294","0.6666666666666666","0.9854620976116303","0.6857142857142857","0.7449147114877486","0.7484236534316735","0.5691056910569106","0.9842424242424243","0.7291666666666666","0.639269406392694","0.6903353057199211","0.5952380952380952","0.6212849238043469","0.7033885181575541","0.7766740576496673","0.01575757575757576","0.05414551607445008","70.0","26.0","1624.0","53.0","0.5168539325842697","0.7479674796747967","0.38721804511278196","0.8373983739837398","0.3126760563380282","0.9024390243902439","0.7222119881651048","0.9500172456270017","0.1670078936544904","4.0","45.59498883870395","0.11405870245222148","0.535999606928128","0.05","[21, 27, 35, 65]"
"5year.arff","PBMSBAINGO","8","1","3.0","binary","histgb","0.05","False","701.0","0.20537003634906456","0.8957420139888402","0.8472222222222222","0.9470404984423676","0.7625","0.7569862941831288","0.8378693987383729","0.7560975609756098","0.9284848484848485","0.44075829383886256","0.5568862275449101","0.4808686659772492","0.6614509246088194","0.5372031134529565","0.7224875922597712","0.8422912047302291","0.07151515151515152","0.11900733220530176","93.0","118.0","1532.0","30.0","0.5","0.7235772357723578","0.37218045112781956","0.8048780487804879","0.29295774647887324","0.8455284552845529","0.7019901694839527","0.9200985464400099","0.027340003249721353","5.0","62.68516761751767","0.2823415122724917","0.3381685576089242","0.05","[7, 13, 15, 35, 65]"
"5year.arff","PBMSBAINGO","9","1","3.0","binary","histgb","0.05","False","705.0","0.2667387363165448","0.7835603170840306","0.625","0.9823468328141225","0.6428571428571429","0.6769488865440852","0.7551416920797208","0.5772357723577236","0.9878787878787879","0.7802197802197802","0.6635514018691588","0.728952772073922","0.6089193825042881","0.6507247616762468","0.718595914095949","0.7825572801182558","0.012121212121212121","0.05132543711223914","71.0","20.0","1630.0","52.0","0.5168539325842697","0.7479674796747967","0.37969924812030076","0.8211382113821138","0.30140845070422534","0.8699186991869918","0.7132960646190788","0.9217048534121705","0.23614086673259616","4.0","2.237534966736194","0.7137079513618988","0.7820711058381539","0.05","[2, 44, 64, 65]"
"5year.arff","PBMSBAINGO","10","1","3.0","binary","histgb","0.05","False","700.0","0.23774306316875515","0.8426872053659402","0.7361111111111112","0.9646936656282451","0.7066666666666667","0.7211477256196476","0.8174675922327597","0.6991869918699187","0.9557575757575758","0.5408805031446541","0.6099290780141844","0.5665349143610013","0.6605222734254992","0.5824367163542894","0.7301239778058655","0.8274722838137473","0.04424242424242424","0.08967851099830795","86.0","73.0","1577.0","37.0","0.48314606741573035","0.6991869918699187","0.39097744360902253","0.8455284552845529","0.3126760563380282","0.9024390243902439","0.7222176202211085","0.9409263365360926","0.03660908738450926","4.0","210.3020427698842","0.021753279660948126","0.13447064743275614","0.05","[1, 21, 27, 65]"
