dataset,method,policy,auc_deduplicated,ap_deduplicated,mcc_deduplicated,balanced_accuracy_deduplicated,brier_deduplicated,log_loss_deduplicated,auc_raw,ap_raw,mcc_raw,balanced_accuracy_raw,brier_raw,log_loss_raw,delta_raw_minus_deduplicated_auc,delta_raw_minus_deduplicated_ap,delta_raw_minus_deduplicated_mcc,delta_raw_minus_deduplicated_balanced_accuracy,delta_raw_minus_deduplicated_brier,delta_raw_minus_deduplicated_log_loss
PONE2016_h1_target_Asia,HistGB,triad,0.9396701388888888,0.9494823313405836,0.6460415830634638,0.8020833333333333,0.1031382988368946,0.3404948699175872,0.9396701388888888,0.9494823313405836,0.6460415830634638,0.8020833333333333,0.1032623958335998,0.3404147155760994,0.0,0.0,0.0,0.0,0.0001240969967051947,-8.015434148778144e-05
PONE2016_h1_target_Asia,KELM_PBMSBAINGO,triad,0.9388020833333334,0.9452957206502608,0.5958540230683373,0.7708333333333333,0.1006514570405319,0.3162787495878225,0.9487847222222222,0.9536927637466168,0.4787549991450211,0.6979166666666666,0.0979350043447981,0.322741204182185,0.00998263888888884,0.008397043096356027,-0.11709902392331623,-0.07291666666666663,-0.002716452695733798,0.00646245459436251
PONE2016_h1_target_Asia,KELM_score_fusion,triad,0.9388020833333334,0.9452957206502608,0.5958540230683373,0.7708333333333333,0.1006959894989607,0.3163772024599796,0.9422743055555556,0.9512080690422756,0.6125299996854587,0.78125,0.1028171383394297,0.3387389664879378,0.00347222222222221,0.005912348392014821,0.01667597661712139,0.01041666666666674,0.0021211488404689893,0.022361764027958198
PONE2016_h1_target_Asia,KELM_risk_feature,triad,0.95703125,0.9593440392940052,0.5129891760425771,0.7083333333333334,0.0894669688208606,0.2996910942394627,0.9383680555555556,0.9447223826315524,0.4616902584383193,0.6875,0.0953492127947892,0.3183649715590622,-0.01866319444444442,-0.014621656662452853,-0.05129891760425781,-0.02083333333333337,0.0058822439739286,0.018673877319599463
PONE2016_h1_target_Asia,Full_PBMSBAINGO,triad,0.9396701388888888,0.9496047865316364,0.7315635209502899,0.8541666666666666,0.1013045113361499,0.3342672246441558,0.9270833333333331,0.9396809277551827,0.6125299996854587,0.78125,0.0984931007465188,0.32953938524965,-0.012586805555555691,-0.009923858776453631,-0.11903352126483113,-0.07291666666666663,-0.0028114105896310942,-0.004727839394505828
PONE2016_h1_target_Asia,Uncertainty_gated_fusion,triad,0.95703125,0.9593440392940052,0.5129891760425771,0.7083333333333334,0.0894669688208606,0.2996910942394627,0.9383680555555556,0.9447223826315524,0.4616902584383193,0.6875,0.0953492127947892,0.3183649715590622,-0.01866319444444442,-0.014621656662452853,-0.05129891760425781,-0.02083333333333337,0.0058822439739286,0.018673877319599463
PONE2016_h1_target_Asia,Full_random_search,triad,0.9401041666666666,0.9490416090248612,0.7315635209502899,0.8541666666666666,0.1024094779047003,0.3380126982222165,0.9375,0.9517373761019268,0.496742636335202,0.6979166666666666,0.1008272264174183,0.3326914506390596,-0.0026041666666666297,0.002695767077065536,-0.23482088461508788,-0.15625,-0.0015822514872819993,-0.005321247583156941
PONE2016_h1_target_Asia,Balanced_logistic,triad,0.9440104166666666,0.9543744904577072,0.6798834181250946,0.8229166666666666,0.1023206683367922,0.3235760106814021,0.9440104166666666,0.9543744904577072,0.6798834181250946,0.8229166666666666,0.1009768069929827,0.3196490436987867,0.0,0.0,0.0,0.0,-0.0013438613438094965,-0.00392696698261541
PONE2016_h1_target_Europe,HistGB,triad,0.8808481532147743,0.8607584204467822,0.5493412588939887,0.7611491108071136,0.1498404627628348,0.4779763713993825,0.8848025959978367,0.8665028099575238,0.5805124120675239,0.7732558139534884,0.1478276555594491,0.472489366317969,0.003954442783062451,0.005744389510741632,0.03117115317353525,0.012106703146374853,-0.0020128072033857025,-0.005487005081413476
PONE2016_h1_target_Europe,KELM_PBMSBAINGO,triad,0.8727770177838576,0.8621831019754258,0.6037389203907001,0.784610123119015,0.1442073745151267,0.4731165508813007,0.8929150892374256,0.8808942251069597,0.5423451232572392,0.7383720930232558,0.1281419022768729,0.4177089071301059,0.02013807145356794,0.01871112313153389,-0.06139379713346094,-0.04623803009575922,-0.016065472238253803,-0.055407643751194835
PONE2016_h1_target_Europe,KELM_score_fusion,triad,0.8857729138166894,0.8634661986434632,0.5739450711702778,0.7728454172366621,0.1492846367942992,0.4761188076529444,0.8929150892374256,0.8808942251069597,0.5423451232572392,0.7383720930232558,0.1282989678044825,0.4163952431460082,0.007142175420736141,0.017428026463496504,-0.03159994791303866,-0.03447332421340632,-0.020985668989816714,-0.05972356450693622
PONE2016_h1_target_Europe,KELM_risk_feature,triad,0.8521203830369356,0.8125920235817495,0.4133749784584399,0.6911764705882353,0.1486898455293585,0.4680013420628304,0.9019740400216332,0.8883779857252805,0.4967897665120035,0.7151162790697675,0.1229775988157139,0.4123475932051907,0.04985365698469757,0.07578596214353095,0.08341478805356362,0.02393980848153221,-0.025712246713644582,-0.055653748857639684
PONE2016_h1_target_Europe,Full_PBMSBAINGO,triad,0.8590971272229823,0.8059760747173506,0.5941782969957782,0.7956224350205199,0.1482280111880749,0.498039614806022,0.8887236343969713,0.8713229898995541,0.5892556509887896,0.7906976744186047,0.1393834053938996,0.4418612029461906,0.02962650717398907,0.06534691518220359,-0.004922646006988551,-0.004924760601915157,-0.008844605794175314,-0.05617841185983141
PONE2016_h1_target_Europe,Uncertainty_gated_fusion,triad,0.8521203830369356,0.8125920235817495,0.4133749784584399,0.6911764705882353,0.1486898455293585,0.4680013420628304,0.8887236343969713,0.8713229898995541,0.5892556509887896,0.7906976744186047,0.1393834053938996,0.4418612029461906,0.03660325136003573,0.05873096631780461,0.17588067253034972,0.09952120383036944,-0.009306440135458893,-0.026140139116639816
PONE2016_h1_target_Europe,Full_random_search,triad,0.8465116279069768,0.8045747671484541,0.5817126221505409,0.7897400820793434,0.1410975780628446,0.4700644244320708,0.8446457544618712,0.8113913558556631,0.5954834188636033,0.7848837209302326,0.1435373657565959,0.4722812449890319,-0.0018658734451055814,0.006816588707209026,0.013770796713062472,-0.0048563611491108105,0.0024397876937513052,0.0022168205569610966
PONE2016_h1_target_Europe,Balanced_logistic,triad,0.8859097127222983,0.8789238152502963,0.5035262172575005,0.7149794801641587,0.1335267507778348,0.4849476302041786,0.8864250946457545,0.8785011471815516,0.5048637024325335,0.7151162790697674,0.1330294175077618,0.4826642947058522,0.0005153819234561263,-0.00042266806874469154,0.0013374851750330707,0.00013679890560869268,-0.0004973332700730082,-0.0022833354983263776
PONE2016_h1_target_North_America,HistGB,triad,0.9073871409028728,0.9192924561283295,0.6397337567110021,0.8189466484268126,0.1380057893140534,0.4358467176219614,0.9094104921579232,0.9197701519942304,0.6539985702138724,0.8255813953488372,0.136826152708809,0.4317892618839185,0.0020233512550504873,0.0004776958659008512,0.014264813502870344,0.0066347469220245925,-0.0011796366052444218,-0.004057455738042948
PONE2016_h1_target_North_America,KELM_PBMSBAINGO,triad,0.8694938440492477,0.8830620486960558,0.5554858832760924,0.7555403556771545,0.1432339840558163,0.4597618120543212,0.8926446727961059,0.9043791848952388,0.5666320013521983,0.7616279069767442,0.1327101694301748,0.4132312088739107,0.023150828746858254,0.021317136199183073,0.011146118076105882,0.006087551299589711,-0.010523814625641503,-0.046530603180410524
PONE2016_h1_target_North_America,KELM_score_fusion,triad,0.9073871409028728,0.9192924561283295,0.6397337567110021,0.8189466484268126,0.1380057893140534,0.4358467176219614,0.9104921579232016,0.9210580266400558,0.6539985702138724,0.8255813953488372,0.1366438683109769,0.4310330902554558,0.0031050170203288374,0.001765570511726211,0.014264813502870344,0.0066347469220245925,-0.0013619210030764994,-0.004813627366505646
PONE2016_h1_target_North_America,KELM_risk_feature,triad,0.8902872777017784,0.8917849470234145,0.5145372272117755,0.7379616963064295,0.1370197225993914,0.4186318609831978,0.9134667387777176,0.9322573698703226,0.6878461835431967,0.8313953488372093,0.1241572711045158,0.3842225356698122,0.023179461075939156,0.04047242284690811,0.17330895633142118,0.09343365253077984,-0.01286245149487561,-0.03440932531338564
PONE2016_h1_target_North_America,Full_PBMSBAINGO,triad,0.9043775649794802,0.9050203787902076,0.6386307361897502,0.8188782489740082,0.136428232117122,0.4318143142762016,0.9071119524067064,0.907970871102318,0.6539985702138724,0.8255813953488372,0.1349374070772226,0.4264657110700181,0.0027343874272262036,0.00295049231211042,0.015367834024122229,0.00670314637482905,-0.0014908250398993905,-0.0053486032061834665
PONE2016_h1_target_North_America,Uncertainty_gated_fusion,triad,0.8902872777017784,0.8917849470234145,0.5145372272117755,0.7379616963064295,0.1370197225993914,0.4186318609831978,0.9134667387777176,0.9322573698703226,0.6878461835431967,0.8313953488372093,0.1241572711045158,0.3842225356698122,0.023179461075939156,0.04047242284690811,0.17330895633142118,0.09343365253077984,-0.01286245149487561,-0.03440932531338564
PONE2016_h1_target_North_America,Full_random_search,triad,0.9086183310533515,0.917621574635422,0.6620554157025017,0.8305745554035567,0.1359215944293952,0.4283941149423176,0.91170903190914,0.9212505536407072,0.6649972291839843,0.8313953488372092,0.1348512975020222,0.4249692596660917,0.003090700855788442,0.003628979005285138,0.0029418134814825914,0.0008207934336524891,-0.0010702969273729823,-0.00342485527622588
PONE2016_h1_target_North_America,Balanced_logistic,triad,0.8811217510259918,0.9134370704739888,0.6628442637111425,0.8138166894664842,0.1361765994251453,0.4761766750967566,0.8819632233639806,0.9138955819559388,0.6640906067234305,0.813953488372093,0.1353830118187023,0.4760254335421786,0.0008414723379888134,0.0004585114819499747,0.001246343012287987,0.0001367989056088037,-0.0007935876064429914,-0.0001512415545780188
PONE2016_h2_target_Asia,HistGB,triad,0.8546006944444444,0.8322420966926936,0.5843389347222367,0.78125,0.1657008508261986,0.5129137304205235,0.8576388888888888,0.8288769957294724,0.5303300858899107,0.75,0.165582705375431,0.5134903706236313,0.0030381944444444198,-0.0033651009632211792,-0.05400884883232604,-0.03125,-0.00011814545076760385,0.000576640203107881
PONE2016_h2_target_Asia,KELM_PBMSBAINGO,triad,0.9171006944444444,0.9112929211235709,0.529237746757157,0.7291666666666666,0.1731117070098659,0.5305380226915458,0.8741319444444444,0.8729639105730473,0.691260557534428,0.84375,0.1674519033062982,0.5150852510849072,-0.04296875,-0.03832901055052351,0.1620228107772711,0.11458333333333337,-0.005659803703567695,-0.015452771606638604
PONE2016_h2_target_Asia,KELM_score_fusion,triad,0.8546006944444444,0.8322420966926936,0.5843389347222367,0.78125,0.1657008508261986,0.5129137304205235,0.8576388888888888,0.8288769957294724,0.5303300858899107,0.75,0.165582705375431,0.5134903706236313,0.0030381944444444198,-0.0033651009632211792,-0.05400884883232604,-0.03125,-0.00011814545076760385,0.000576640203107881
PONE2016_h2_target_Asia,KELM_risk_feature,triad,0.9144965277777778,0.910165385574686,0.4811252243246881,0.7083333333333334,0.1591643644690465,0.5000044109235863,0.8710937499999999,0.8787560397733465,0.5123778072572299,0.7395833333333333,0.151360074700842,0.4782096117265427,-0.0434027777777779,-0.03140934580133947,0.031252582932541795,0.03124999999999989,-0.007804289768204492,-0.02179479919704358
PONE2016_h2_target_Asia,Full_PBMSBAINGO,triad,0.8398437499999999,0.8183871326793701,0.5123778072572299,0.7395833333333333,0.1634301625943308,0.5044056186656943,0.834201388888889,0.8329361632125962,0.5843389347222367,0.78125,0.164766015956219,0.5118481051742115,-0.005642361111110938,0.014549030533226093,0.07196112746500682,0.04166666666666674,0.0013358533618882118,0.007442486508517199
PONE2016_h2_target_Asia,Uncertainty_gated_fusion,triad,0.9144965277777778,0.910165385574686,0.4811252243246881,0.7083333333333334,0.1591643644690465,0.5000044109235863,0.8710937499999999,0.8787560397733465,0.5123778072572299,0.7395833333333333,0.151360074700842,0.4782096117265427,-0.0434027777777779,-0.03140934580133947,0.031252582932541795,0.03124999999999989,-0.007804289768204492,-0.02179479919704358
PONE2016_h2_target_Asia,Full_random_search,triad,0.8754340277777778,0.8509137536727072,0.5662888944297417,0.7708333333333333,0.1511769530473285,0.4766319358851316,0.8237847222222223,0.8307157186313565,0.5569323991926413,0.7604166666666667,0.1624650254261589,0.5048827769943238,-0.05164930555555547,-0.020198035041350648,-0.00935649523710047,-0.010416666666666519,0.011288072378830394,0.028250841109192237
PONE2016_h2_target_Asia,Balanced_logistic,triad,0.9144965277777776,0.9124399524683342,0.6493659782899173,0.8229166666666667,0.2190746762317519,0.6304146150301188,0.9144965277777776,0.9124399524683342,0.6689936080056726,0.8333333333333333,0.219090309324711,0.6304463869207919,0.0,0.0,0.01962762971575538,0.010416666666666519,1.563309295909976e-05,3.177189067316011e-05
PONE2016_h2_target_Europe,HistGB,triad,0.7586867305061559,0.7659263943051273,0.4333687592941463,0.6971272229822161,0.2031484278929452,0.5928567766779367,0.7608166576527853,0.7657345039050575,0.4353253917718463,0.6976744186046511,0.2022770980878242,0.590935722264338,0.0021299271466294067,-0.00019189040006983848,0.0019566324777000044,0.0005471956224349928,-0.0008713298051210017,-0.0019210544135986884
PONE2016_h2_target_Europe,KELM_PBMSBAINGO,triad,0.7857729138166896,0.8042652058100974,0.3816409239083795,0.6680574555403557,0.1895241831656516,0.5528271779762554,0.7612222823147647,0.7489256522683667,0.339979200811319,0.6569767441860465,0.2137470344860914,0.6587817938251753,-0.024550631501924824,-0.0553395535417307,-0.04166172309706051,-0.011080711354309214,0.024222851320439803,0.10595461584891996
PONE2016_h2_target_Europe,KELM_score_fusion,triad,0.7586867305061559,0.7659263943051273,0.4333687592941463,0.6971272229822161,0.2031484278929452,0.5928567766779367,0.7608166576527853,0.7657345039050575,0.4353253917718463,0.6976744186046511,0.2022770980878242,0.590935722264338,0.0021299271466294067,-0.00019189040006983848,0.0019566324777000044,0.0005471956224349928,-0.0008713298051210017,-0.0019210544135986884
PONE2016_h2_target_Europe,KELM_risk_feature,triad,0.7878248974008208,0.8063432283705269,0.4314114278082342,0.6857045143638851,0.1965289855598736,0.5720999385883234,0.821930773391022,0.7954660080386043,0.4305365282152718,0.6918604651162791,0.1767237432070866,0.52992677701363,0.034105875990201207,-0.01087722033192251,-0.0008748995929624415,0.006155950752393946,-0.019805242352787022,-0.04217316157469342
PONE2016_h2_target_Europe,Full_PBMSBAINGO,triad,0.8031463748290013,0.8165036987256955,0.4548746532871806,0.703077975376197,0.1905928735520939,0.5578737709129995,0.7957003785830179,0.7744002825975518,0.4566296511374095,0.7034883720930233,0.1916366687465447,0.5634282151648657,-0.007445996245983411,-0.04210341612814372,0.0017549978502289232,0.0004103967168263001,0.0010437951944508028,0.005554444251866242
PONE2016_h2_target_Europe,Uncertainty_gated_fusion,triad,0.7878248974008208,0.8063432283705269,0.4314114278082342,0.6857045143638851,0.1965289855598736,0.5720999385883234,0.821930773391022,0.7954660080386043,0.4305365282152718,0.6918604651162791,0.1767237432070866,0.52992677701363,0.034105875990201207,-0.01087722033192251,-0.0008748995929624415,0.006155950752393946,-0.019805242352787022,-0.04217316157469342
PONE2016_h2_target_Europe,Full_random_search,triad,0.7883720930232558,0.7664404580031265,0.4388466419635192,0.6971956224350205,0.1989969409655445,0.5879868721124674,0.7781233098972418,0.7675083826272207,0.4305365282152718,0.6918604651162791,0.2012135222343765,0.5914725112791833,-0.010248783126014072,0.0010679246240941076,-0.008310113748247416,-0.005335157318741457,0.0022165812688320075,0.003485639166715959
PONE2016_h2_target_Europe,Balanced_logistic,triad,0.8034199726402189,0.7869736092025974,0.4513972721892684,0.6973324213406292,0.1842761516432651,0.6119615702880244,0.8039480800432667,0.7863033682288473,0.4530515222556722,0.6976744186046512,0.1835912621499642,0.6101372236372576,0.0005281074030477617,-0.0006702409737501247,0.0016542500664037951,0.00034199726402195374,-0.0006848894933008942,-0.001824346650766806
PONE2016_h2_target_North_America,HistGB,triad,0.8588640275387264,0.8572195571594456,0.4869825130371185,0.7427567412507171,0.1666717408440504,0.5075168862349643,0.8572845804988662,0.8670687286820407,0.5035811945967268,0.75,0.1720515752417281,0.5142443512272947,-0.0015794470398601268,0.009849171522595013,0.016598681559608308,0.007243258749282888,0.005379834397677696,0.006727464992330456
PONE2016_h2_target_North_America,KELM_PBMSBAINGO,triad,0.8587205966724039,0.8172701525102921,0.2582545181528334,0.5889988525530694,0.1645681437865216,0.4956573507313623,0.7714002267573696,0.8010575631716188,0.3645852384289452,0.6726190476190477,0.2049749792142551,0.6280123101094944,-0.08732036991503422,-0.01621258933867331,0.10633072027611179,0.08362019506597829,0.04040683542773349,0.13235495937813213
PONE2016_h2_target_North_America,KELM_score_fusion,triad,0.8587205966724039,0.8172701525102921,0.2582545181528334,0.5889988525530694,0.1643774798067076,0.4950001222573891,0.7714002267573696,0.8010575631716188,0.3645852384289452,0.6726190476190477,0.2063277482910272,0.6326788362550668,-0.08732036991503422,-0.01621258933867331,0.10633072027611179,0.08362019506597829,0.0419502684843196,0.13767871399767773
PONE2016_h2_target_North_America,KELM_risk_feature,triad,0.8578600114744692,0.8815502956824379,0.5113767730447555,0.7200946643717728,0.1505585168205483,0.5121315190840847,0.921626984126984,0.9206745772612112,0.5046758112081504,0.7202380952380952,0.1220165487804755,0.3956295841107152,0.06376697265251474,0.039124281578773235,-0.006700961836605068,0.00014343086632240265,-0.028541968040072793,-0.11650193497336953
PONE2016_h2_target_North_America,Full_PBMSBAINGO,triad,0.8690476190476191,0.8614073842050292,0.5422215370652378,0.7669965576592083,0.147958991016064,0.4585750740134369,0.842687074829932,0.8490051198319515,0.4543618416377111,0.6845238095238095,0.1689768734585409,0.5072952471065223,-0.026360544217687076,-0.012402264373077676,-0.0878596954275267,-0.08247274813539873,0.021017882442476904,0.048720173093085406
PONE2016_h2_target_North_America,Uncertainty_gated_fusion,triad,0.8578600114744692,0.8815502956824379,0.5113767730447555,0.7200946643717728,0.1505585168205483,0.5121315190840847,0.921626984126984,0.9206745772612112,0.5046758112081504,0.7202380952380952,0.1220165487804755,0.3956295841107152,0.06376697265251474,0.039124281578773235,-0.006700961836605068,0.00014343086632240265,-0.028541968040072793,-0.11650193497336953
PONE2016_h2_target_North_America,Full_random_search,triad,0.877653471026965,0.8830771991262653,0.4240633960069448,0.6606425702811245,0.1499059954674418,0.4557826628497629,0.8706065759637187,0.8833036487010397,0.5508613944197478,0.7619047619047619,0.150150257027493,0.4507652667661468,-0.0070468950632462946,0.0002264495747744677,0.12679799841280298,0.10126219162363737,0.0002442615600511955,-0.005017396083616066
PONE2016_h2_target_North_America,Balanced_logistic,triad,0.8073723465289729,0.8534941456966716,0.4841527384287163,0.731425702811245,0.1786813389158996,0.5959567668017041,0.8068310657596371,0.8528008169831593,0.507489487476225,0.7440476190476191,0.1769927661078978,0.5997167552036056,-0.0005412807693357946,-0.0006933287135122423,0.02333674904750871,0.012621916236374098,-0.0016885728080018036,0.003759988401901504
PONE2016_h3_target_Asia,HistGB,triad,0.833648393194707,0.8355040774194233,0.4369259473273602,0.7065217391304348,0.1763889987783558,0.5364223499824375,0.8204158790170132,0.8237646623820232,0.4655186534475463,0.7282608695652174,0.1799634012007729,0.5442493149076687,-0.013232514177693777,-0.01173941503740017,0.028592706120186107,0.021739130434782594,0.0035744024224171056,0.007826964925231161
PONE2016_h3_target_Asia,KELM_PBMSBAINGO,triad,0.8804347826086956,0.8642062102796939,0.6753508114729635,0.8369565217391304,0.1705421195209216,0.5187753196801881,0.8851606805293005,0.8824652127539181,0.6546536707079771,0.8260869565217391,0.1752064987684742,0.5267755296280174,0.00472589792060496,0.018259002474224184,-0.02069714076498641,-0.010869565217391242,0.004664379247552586,0.008000209947829351
PONE2016_h3_target_Asia,KELM_score_fusion,triad,0.8804347826086956,0.8642062102796939,0.6753508114729635,0.8369565217391304,0.1701818285780915,0.5169288890281392,0.8393194706994329,0.8422528387638375,0.5010667310928438,0.75,0.1738610249545392,0.5296866119971952,-0.04111531190926265,-0.021953371515856412,-0.17428408038011967,-0.08695652173913038,0.003679196376447702,0.012757722969056084
PONE2016_h3_target_Asia,KELM_risk_feature,triad,0.91351606805293,0.9198378134514024,0.6236095644623236,0.8043478260869565,0.1551798278292079,0.4772879659991939,0.8799621928166351,0.8753836879688855,0.6317797913779336,0.8152173913043479,0.169503557711127,0.514315815553633,-0.03355387523629483,-0.044454125482516815,0.00817022691560998,0.010869565217391353,0.0143237298819191,0.03702784955443916
PONE2016_h3_target_Asia,Full_PBMSBAINGO,triad,0.8653119092627599,0.8465786584069314,0.5262348115842176,0.7608695652173914,0.1535135812315557,0.4778647691882906,0.8771266540642721,0.8709987297364266,0.445435403187374,0.7173913043478262,0.1554245547565032,0.4819947075680267,0.011814744801512234,0.024420071329495197,-0.08079940839684358,-0.04347826086956519,0.0019109735249475124,0.004129938379736131
PONE2016_h3_target_Asia,Uncertainty_gated_fusion,triad,0.91351606805293,0.9198378134514024,0.6236095644623236,0.8043478260869565,0.1551798278292079,0.4772879659991939,0.8799621928166351,0.8753836879688855,0.6317797913779336,0.8152173913043479,0.169503557711127,0.514315815553633,-0.03355387523629483,-0.044454125482516815,0.00817022691560998,0.010869565217391353,0.0143237298819191,0.03702784955443916
PONE2016_h3_target_Asia,Full_random_search,triad,0.8369565217391305,0.8410091271223659,0.4305966286443697,0.7065217391304348,0.1764749927471061,0.5363433091179304,0.8586956521739131,0.8687959118046233,0.492056280281487,0.7065217391304348,0.1646596369237963,0.5031506040594741,0.021739130434782594,0.02778678468225748,0.06145965163711731,0.0,-0.011815355823309809,-0.033192705058456284
PONE2016_h3_target_Asia,Balanced_logistic,triad,0.8563327032136107,0.8712030268600253,0.5597170785495562,0.7717391304347826,0.1955782765100358,0.5775951833113209,0.8591682419659735,0.8711984264910638,0.5597170785495562,0.7717391304347826,0.1921406928621293,0.5701067771998118,0.002835538752362865,-4.600368961438228e-06,0.0,0.0,-0.0034375836479065003,-0.007488406111509027
PONE2016_h3_target_Europe,HistGB,triad,0.7042915931804822,0.6782673122876944,0.2240249365093635,0.5875220458553791,0.225475287988643,0.6429027879985254,0.7117346938775511,0.6848273561418168,0.2301707477296602,0.5892857142857143,0.2233642914836916,0.6383367200630187,0.007443100697068883,0.006560043854122344,0.006145811220296699,0.0017636684303351524,-0.00211099650495139,-0.004566067935506735
PONE2016_h3_target_Europe,KELM_PBMSBAINGO,triad,0.682392710170488,0.7139442448148506,0.2310726156379586,0.6137566137566137,0.2552435220872724,0.7373760897679176,0.7264739229024944,0.7601503707728279,0.2925089696508522,0.6428571428571428,0.2247914499296662,0.6425099735704828,0.04408121273200638,0.04620612595797724,0.0614363540128936,0.02910052910052907,-0.030452072157606203,-0.09486611619743479
PONE2016_h3_target_Europe,KELM_score_fusion,triad,0.682392710170488,0.7139442448148506,0.2310726156379586,0.6137566137566137,0.255731981328806,0.736096794800908,0.7264739229024944,0.7601503707728279,0.2925089696508522,0.6428571428571428,0.2251180280689303,0.643647485678463,0.04408121273200638,0.04620612595797724,0.0614363540128936,0.02910052910052907,-0.030613953259875676,-0.09244930912244498
PONE2016_h3_target_Europe,KELM_risk_feature,triad,0.708259847148736,0.7168302617058938,0.2520233164512753,0.6208112874779541,0.227752803950951,0.6476129419234462,0.6595804988662132,0.6799785705137968,0.2823138692962342,0.5952380952380952,0.2366354436403638,0.6679328002459306,-0.04867934828252285,-0.03685169119209697,0.030290552844958907,-0.025573192239858877,0.008882639689412802,0.020319858322484396
PONE2016_h3_target_Europe,Full_PBMSBAINGO,triad,0.7078189300411523,0.6906460538365762,0.2182178902359923,0.5873015873015872,0.2252938717494298,0.6424853750025734,0.6770124716553287,0.6279024315543436,0.2003132343344537,0.5952380952380952,0.2285311176399802,0.6502557571355743,-0.03080645838582352,-0.06274362228223263,-0.017904655901538613,0.00793650793650802,0.003237245890550411,0.007770382133000853
PONE2016_h3_target_Europe,Uncertainty_gated_fusion,triad,0.708259847148736,0.7168302617058938,0.2520233164512753,0.6208112874779541,0.227752803950951,0.6476129419234462,0.6595804988662132,0.6799785705137968,0.2823138692962342,0.5952380952380952,0.2366354436403638,0.6679328002459306,-0.04867934828252285,-0.03685169119209697,0.030290552844958907,-0.025573192239858877,0.008882639689412802,0.020319858322484396
PONE2016_h3_target_Europe,Full_random_search,triad,0.6929747207524987,0.6786460742390332,0.2182178902359923,0.5873015873015872,0.2259982590790655,0.6443804479390158,0.6510770975056689,0.5986079486031938,0.1624591083221647,0.5714285714285714,0.2328741324093272,0.6587787497881373,-0.041897623246829774,-0.08003812563583945,-0.055758781913827604,-0.015873015873015817,0.006875873330261684,0.014398301849121498
PONE2016_h3_target_Europe,Balanced_logistic,triad,0.7091416813639035,0.7118554167414453,0.3353540843402062,0.652336860670194,0.2157679125424065,0.6611578058351401,0.7069160997732427,0.7060280793778807,0.3495310368212778,0.6607142857142857,0.2156010218854695,0.6598787179446952,-0.0022255815906608856,-0.005827337363564555,0.014176952481071592,0.008377425044091669,-0.0001668906569369799,-0.001279087890444841
PONE2016_h3_target_North_America,HistGB,triad,0.7581513137068693,0.7425057484630788,0.2802966691779787,0.6096866096866097,0.2081986360141605,0.6053359530164972,0.7591811220503204,0.7468475699906321,0.2655843061641402,0.5979840600093764,0.211326935402111,0.6123105393950088,0.0010298083434511218,0.004341821527553247,-0.014712363013838492,-0.011702549677233276,0.003128299387950506,0.00697458637851156
PONE2016_h3_target_North_America,KELM_PBMSBAINGO,triad,0.7562519784742008,0.767370811659934,0.2712028228247315,0.5859449192782527,0.2393843194761679,0.7535950957469835,0.7926238474761681,0.7887918393583916,0.4466138053037711,0.7198781059540553,0.1948806369924615,0.5778782665743255,0.036371869001967316,0.02142102769845755,0.17541098247903958,0.13393318667580267,-0.0445036824837064,-0.17571682917265796
PONE2016_h3_target_North_America,KELM_score_fusion,triad,0.7673314339981007,0.7736579804530473,0.2963530403349558,0.5982905982905983,0.2103665846995516,0.6159088138393632,0.7591811220503204,0.7468475699906321,0.2655843061641402,0.5979840600093764,0.211326935402111,0.6123105393950088,-0.008150311947780264,-0.02681041046241528,-0.030768734170815604,-0.00030653828122184645,0.0009603507025593983,-0.0035982744443544545
PONE2016_h3_target_North_America,KELM_risk_feature,triad,0.775403608736942,0.8079473451878776,0.4132285650013326,0.6778252611585944,0.1936878993547314,0.5774623758550703,0.7884044381934676,0.8155934787686656,0.4402498826047599,0.696593217690264,0.1931938325677608,0.5694958582511764,0.013000829456525587,0.007646133580788028,0.027021317603427297,0.018767956531669627,-0.000494066786970615,-0.007966517603893886
PONE2016_h3_target_North_America,Full_PBMSBAINGO,triad,0.7617917062361507,0.717973548491067,0.1787975391881586,0.5716999050332383,0.2045173733796154,0.5967186311608415,0.7612126894827317,0.7345127202408558,0.1693072696501505,0.5547741834661666,0.2139186188213068,0.6245970596980348,-0.0005790167534189816,0.016539171749788806,-0.009490269538008106,-0.016925721567071728,0.009401245441691408,0.027878428537193356
PONE2016_h3_target_North_America,Uncertainty_gated_fusion,triad,0.775403608736942,0.8079473451878776,0.4132285650013326,0.6778252611585944,0.1936878993547314,0.5774623758550703,0.7884044381934676,0.8155934787686656,0.4402498826047599,0.696593217690264,0.1931938325677608,0.5694958582511764,0.013000829456525587,0.007646133580788028,0.027021317603427297,0.018767956531669627,-0.000494066786970615,-0.007966517603893886
PONE2016_h3_target_North_America,Full_random_search,triad,0.7856916745805634,0.8058523913869942,0.3545920927802393,0.6350902184235517,0.1938071025993491,0.573786580717967,0.7394905453977184,0.6895285007140919,0.3849475409789841,0.6774496015002344,0.2189980816863834,0.6310829288165347,-0.046201129182845024,-0.11632389067290227,0.030355448198744805,0.04235938307668263,0.0251909790870343,0.05729634809856776
PONE2016_h3_target_North_America,Balanced_logistic,triad,0.7757201646090535,0.8210429428354262,0.4167300599845326,0.6837606837606838,0.2020315582146705,0.5888620021054498,0.7718393498984216,0.8164975790582474,0.4423126132637808,0.6847163619315518,0.2040001411563545,0.5934143676695351,-0.0038808147106318414,-0.004545363777178846,0.025582553279248188,0.0009556781708680573,0.001968582941684005,0.004552365564085337
