dataset,horizon,target_region,seed,method,auc,ap,mcc,balanced_accuracy,sensitivity,specificity,brier,log_loss
PONE2016_h1_target_Asia,1,Asia,20260727,HistGB,0.9396701388888888,0.9494823313405836,0.6460415830634638,0.8020833333333333,0.625,0.9791666666666666,0.1031382988368946,0.3404948699175872
PONE2016_h1_target_Asia,1,Asia,20260727,KELM_PBMSBAINGO,0.9388020833333334,0.9452957206502608,0.5958540230683373,0.7708333333333333,0.5625,0.9791666666666666,0.1006514570405319,0.3162787495878225
PONE2016_h1_target_Asia,1,Asia,20260727,KELM_score_fusion,0.9388020833333334,0.9452957206502608,0.5958540230683373,0.7708333333333333,0.5625,0.9791666666666666,0.1006959894989607,0.3163772024599796
PONE2016_h1_target_Asia,1,Asia,20260727,KELM_risk_feature,0.95703125,0.9593440392940052,0.5129891760425771,0.7083333333333334,0.4166666666666667,1.0,0.0894669688208606,0.2996910942394627
PONE2016_h1_target_Asia,1,Asia,20260727,Full_PBMSBAINGO,0.9396701388888888,0.9496047865316364,0.7315635209502899,0.8541666666666666,0.7291666666666666,0.9791666666666666,0.1013045113361499,0.3342672246441558
PONE2016_h1_target_Asia,1,Asia,20260727,Uncertainty_gated_fusion,0.95703125,0.9593440392940052,0.5129891760425771,0.7083333333333334,0.4166666666666667,1.0,0.0894669688208606,0.2996910942394627
PONE2016_h1_target_Asia,1,Asia,20260727,Full_random_search,0.9401041666666666,0.9490416090248612,0.7315635209502899,0.8541666666666666,0.7291666666666666,0.9791666666666666,0.1024094779047003,0.3380126982222165
PONE2016_h1_target_Asia,1,Asia,20260727,Balanced_logistic,0.9440104166666666,0.9543744904577072,0.6798834181250946,0.8229166666666666,0.6666666666666666,0.9791666666666666,0.1023206683367922,0.3235760106814021
PONE2016_h1_target_Europe,1,Europe,20260727,HistGB,0.8808481532147743,0.8607584204467822,0.5493412588939887,0.7611491108071136,0.6046511627906976,0.9176470588235294,0.1498404627628348,0.4779763713993825
PONE2016_h1_target_Europe,1,Europe,20260727,KELM_PBMSBAINGO,0.8727770177838576,0.8621831019754258,0.6037389203907001,0.784610123119015,0.6162790697674418,0.9529411764705882,0.1442073745151267,0.4731165508813007
PONE2016_h1_target_Europe,1,Europe,20260727,KELM_score_fusion,0.8857729138166894,0.8634661986434632,0.5739450711702778,0.7728454172366621,0.6162790697674418,0.9294117647058824,0.1492846367942992,0.4761188076529444
PONE2016_h1_target_Europe,1,Europe,20260727,KELM_risk_feature,0.8521203830369356,0.8125920235817495,0.4133749784584399,0.6911764705882353,0.5,0.8823529411764706,0.1486898455293585,0.4680013420628304
PONE2016_h1_target_Europe,1,Europe,20260727,Full_PBMSBAINGO,0.8590971272229823,0.8059760747173506,0.5941782969957782,0.7956224350205199,0.7441860465116279,0.8470588235294118,0.1482280111880749,0.498039614806022
PONE2016_h1_target_Europe,1,Europe,20260727,Uncertainty_gated_fusion,0.8521203830369356,0.8125920235817495,0.4133749784584399,0.6911764705882353,0.5,0.8823529411764706,0.1486898455293585,0.4680013420628304
PONE2016_h1_target_Europe,1,Europe,20260727,Full_random_search,0.8465116279069768,0.8045747671484541,0.5817126221505409,0.7897400820793434,0.7441860465116279,0.8352941176470589,0.1410975780628446,0.4700644244320708
PONE2016_h1_target_Europe,1,Europe,20260727,Balanced_logistic,0.8859097127222983,0.8789238152502963,0.5035262172575005,0.7149794801641587,0.4534883720930232,0.976470588235294,0.1335267507778348,0.4849476302041786
PONE2016_h1_target_North_America,1,North America,20260727,HistGB,0.9073871409028728,0.9192924561283295,0.6397337567110021,0.8189466484268126,0.7790697674418605,0.8588235294117647,0.1380057893140534,0.4358467176219614
PONE2016_h1_target_North_America,1,North America,20260727,KELM_PBMSBAINGO,0.8694938440492477,0.8830620486960558,0.5554858832760924,0.7555403556771545,0.5581395348837209,0.9529411764705882,0.1432339840558163,0.4597618120543212
PONE2016_h1_target_North_America,1,North America,20260727,KELM_score_fusion,0.9073871409028728,0.9192924561283295,0.6397337567110021,0.8189466484268126,0.7790697674418605,0.8588235294117647,0.1380057893140534,0.4358467176219614
PONE2016_h1_target_North_America,1,North America,20260727,KELM_risk_feature,0.8902872777017784,0.8917849470234145,0.5145372272117755,0.7379616963064295,0.5465116279069767,0.9294117647058824,0.1370197225993914,0.4186318609831978
PONE2016_h1_target_North_America,1,North America,20260727,Full_PBMSBAINGO,0.9043775649794802,0.9050203787902076,0.6386307361897502,0.8188782489740082,0.7906976744186046,0.8470588235294118,0.136428232117122,0.4318143142762016
PONE2016_h1_target_North_America,1,North America,20260727,Uncertainty_gated_fusion,0.8902872777017784,0.8917849470234145,0.5145372272117755,0.7379616963064295,0.5465116279069767,0.9294117647058824,0.1370197225993914,0.4186318609831978
PONE2016_h1_target_North_America,1,North America,20260727,Full_random_search,0.9086183310533515,0.917621574635422,0.6620554157025017,0.8305745554035567,0.8023255813953488,0.8588235294117647,0.1359215944293952,0.4283941149423176
PONE2016_h1_target_North_America,1,North America,20260727,Balanced_logistic,0.8811217510259918,0.9134370704739888,0.6628442637111425,0.8138166894664842,0.6511627906976745,0.976470588235294,0.1361765994251453,0.4761766750967566
PONE2016_h2_target_Asia,2,Asia,20260727,HistGB,0.8546006944444444,0.8322420966926936,0.5843389347222367,0.78125,0.6458333333333334,0.9166666666666666,0.1657008508261986,0.5129137304205235
PONE2016_h2_target_Asia,2,Asia,20260727,KELM_PBMSBAINGO,0.9171006944444444,0.9112929211235709,0.529237746757157,0.7291666666666666,0.4791666666666667,0.9791666666666666,0.1731117070098659,0.5305380226915458
PONE2016_h2_target_Asia,2,Asia,20260727,KELM_score_fusion,0.8546006944444444,0.8322420966926936,0.5843389347222367,0.78125,0.6458333333333334,0.9166666666666666,0.1657008508261986,0.5129137304205235
PONE2016_h2_target_Asia,2,Asia,20260727,KELM_risk_feature,0.9144965277777778,0.910165385574686,0.4811252243246881,0.7083333333333334,0.4583333333333333,0.9583333333333334,0.1591643644690465,0.5000044109235863
PONE2016_h2_target_Asia,2,Asia,20260727,Full_PBMSBAINGO,0.8398437499999999,0.8183871326793701,0.5123778072572299,0.7395833333333333,0.5625,0.9166666666666666,0.1634301625943308,0.5044056186656943
PONE2016_h2_target_Asia,2,Asia,20260727,Uncertainty_gated_fusion,0.9144965277777778,0.910165385574686,0.4811252243246881,0.7083333333333334,0.4583333333333333,0.9583333333333334,0.1591643644690465,0.5000044109235863
PONE2016_h2_target_Asia,2,Asia,20260727,Full_random_search,0.8754340277777778,0.8509137536727072,0.5662888944297417,0.7708333333333333,0.625,0.9166666666666666,0.1511769530473285,0.4766319358851316
PONE2016_h2_target_Asia,2,Asia,20260727,Balanced_logistic,0.9144965277777776,0.9124399524683342,0.6493659782899173,0.8229166666666667,0.7708333333333334,0.875,0.2190746762317519,0.6304146150301188
PONE2016_h2_target_Europe,2,Europe,20260727,HistGB,0.7586867305061559,0.7659263943051273,0.4333687592941463,0.6971272229822161,0.4883720930232558,0.9058823529411764,0.2031484278929452,0.5928567766779367
PONE2016_h2_target_Europe,2,Europe,20260727,KELM_PBMSBAINGO,0.7857729138166896,0.8042652058100974,0.3816409239083795,0.6680574555403557,0.4302325581395348,0.9058823529411764,0.1895241831656516,0.5528271779762554
PONE2016_h2_target_Europe,2,Europe,20260727,KELM_score_fusion,0.7586867305061559,0.7659263943051273,0.4333687592941463,0.6971272229822161,0.4883720930232558,0.9058823529411764,0.2031484278929452,0.5928567766779367
PONE2016_h2_target_Europe,2,Europe,20260727,KELM_risk_feature,0.7878248974008208,0.8063432283705269,0.4314114278082342,0.6857045143638851,0.4302325581395348,0.9411764705882352,0.1965289855598736,0.5720999385883234
PONE2016_h2_target_Europe,2,Europe,20260727,Full_PBMSBAINGO,0.8031463748290013,0.8165036987256955,0.4548746532871806,0.703077975376197,0.4767441860465116,0.9294117647058824,0.1905928735520939,0.5578737709129995
PONE2016_h2_target_Europe,2,Europe,20260727,Uncertainty_gated_fusion,0.7878248974008208,0.8063432283705269,0.4314114278082342,0.6857045143638851,0.4302325581395348,0.9411764705882352,0.1965289855598736,0.5720999385883234
PONE2016_h2_target_Europe,2,Europe,20260727,Full_random_search,0.7883720930232558,0.7664404580031265,0.4388466419635192,0.6971956224350205,0.4767441860465116,0.9176470588235294,0.1989969409655445,0.5879868721124674
PONE2016_h2_target_Europe,2,Europe,20260727,Balanced_logistic,0.8034199726402189,0.7869736092025974,0.4513972721892684,0.6973324213406292,0.4534883720930232,0.9411764705882352,0.1842761516432651,0.6119615702880244
PONE2016_h2_target_North_America,2,North America,20260727,HistGB,0.8588640275387264,0.8572195571594456,0.4869825130371185,0.7427567412507171,0.7023809523809523,0.7831325301204819,0.1666717408440504,0.5075168862349643
PONE2016_h2_target_North_America,2,North America,20260727,KELM_PBMSBAINGO,0.8587205966724039,0.8172701525102921,0.2582545181528334,0.5889988525530694,0.2261904761904762,0.9518072289156626,0.1645681437865216,0.4956573507313623
PONE2016_h2_target_North_America,2,North America,20260727,KELM_score_fusion,0.8587205966724039,0.8172701525102921,0.2582545181528334,0.5889988525530694,0.2261904761904762,0.9518072289156626,0.1643774798067076,0.4950001222573891
PONE2016_h2_target_North_America,2,North America,20260727,KELM_risk_feature,0.8578600114744692,0.8815502956824379,0.5113767730447555,0.7200946643717728,0.4642857142857143,0.9759036144578314,0.1505585168205483,0.5121315190840847
PONE2016_h2_target_North_America,2,North America,20260727,Full_PBMSBAINGO,0.8690476190476191,0.8614073842050292,0.5422215370652378,0.7669965576592083,0.6785714285714286,0.8554216867469879,0.147958991016064,0.4585750740134369
PONE2016_h2_target_North_America,2,North America,20260727,Uncertainty_gated_fusion,0.8578600114744692,0.8815502956824379,0.5113767730447555,0.7200946643717728,0.4642857142857143,0.9759036144578314,0.1505585168205483,0.5121315190840847
PONE2016_h2_target_North_America,2,North America,20260727,Full_random_search,0.877653471026965,0.8830771991262653,0.4240633960069448,0.6606425702811245,0.3333333333333333,0.9879518072289156,0.1499059954674418,0.4557826628497629
PONE2016_h2_target_North_America,2,North America,20260727,Balanced_logistic,0.8073723465289729,0.8534941456966716,0.4841527384287163,0.731425702811245,0.5833333333333334,0.8795180722891566,0.1786813389158996,0.5959567668017041
PONE2016_h3_target_Asia,3,Asia,20260727,HistGB,0.833648393194707,0.8355040774194233,0.4369259473273602,0.7065217391304348,0.5434782608695652,0.8695652173913043,0.1763889987783558,0.5364223499824375
PONE2016_h3_target_Asia,3,Asia,20260727,KELM_PBMSBAINGO,0.8804347826086956,0.8642062102796939,0.6753508114729635,0.8369565217391304,0.8695652173913043,0.8043478260869565,0.1705421195209216,0.5187753196801881
PONE2016_h3_target_Asia,3,Asia,20260727,KELM_score_fusion,0.8804347826086956,0.8642062102796939,0.6753508114729635,0.8369565217391304,0.8695652173913043,0.8043478260869565,0.1701818285780915,0.5169288890281392
PONE2016_h3_target_Asia,3,Asia,20260727,KELM_risk_feature,0.91351606805293,0.9198378134514024,0.6236095644623236,0.8043478260869565,0.6956521739130435,0.9130434782608696,0.1551798278292079,0.4772879659991939
PONE2016_h3_target_Asia,3,Asia,20260727,Full_PBMSBAINGO,0.8653119092627599,0.8465786584069314,0.5262348115842176,0.7608695652173914,0.6956521739130435,0.8260869565217391,0.1535135812315557,0.4778647691882906
PONE2016_h3_target_Asia,3,Asia,20260727,Uncertainty_gated_fusion,0.91351606805293,0.9198378134514024,0.6236095644623236,0.8043478260869565,0.6956521739130435,0.9130434782608696,0.1551798278292079,0.4772879659991939
PONE2016_h3_target_Asia,3,Asia,20260727,Full_random_search,0.8369565217391305,0.8410091271223659,0.4305966286443697,0.7065217391304348,0.5652173913043478,0.8478260869565217,0.1764749927471061,0.5363433091179304
PONE2016_h3_target_Asia,3,Asia,20260727,Balanced_logistic,0.8563327032136107,0.8712030268600253,0.5597170785495562,0.7717391304347826,0.8913043478260869,0.6521739130434783,0.1955782765100358,0.5775951833113209
PONE2016_h3_target_Europe,3,Europe,20260727,HistGB,0.7042915931804822,0.6782673122876944,0.2240249365093635,0.5875220458553791,0.2738095238095238,0.9012345679012346,0.225475287988643,0.6429027879985254
PONE2016_h3_target_Europe,3,Europe,20260727,KELM_PBMSBAINGO,0.682392710170488,0.7139442448148506,0.2310726156379586,0.6137566137566137,0.5238095238095238,0.7037037037037037,0.2552435220872724,0.7373760897679176
PONE2016_h3_target_Europe,3,Europe,20260727,KELM_score_fusion,0.682392710170488,0.7139442448148506,0.2310726156379586,0.6137566137566137,0.5238095238095238,0.7037037037037037,0.255731981328806,0.736096794800908
PONE2016_h3_target_Europe,3,Europe,20260727,KELM_risk_feature,0.708259847148736,0.7168302617058938,0.2520233164512753,0.6208112874779541,0.4761904761904761,0.7654320987654321,0.227752803950951,0.6476129419234462
PONE2016_h3_target_Europe,3,Europe,20260727,Full_PBMSBAINGO,0.7078189300411523,0.6906460538365762,0.2182178902359923,0.5873015873015872,0.2857142857142857,0.8888888888888888,0.2252938717494298,0.6424853750025734
PONE2016_h3_target_Europe,3,Europe,20260727,Uncertainty_gated_fusion,0.708259847148736,0.7168302617058938,0.2520233164512753,0.6208112874779541,0.4761904761904761,0.7654320987654321,0.227752803950951,0.6476129419234462
PONE2016_h3_target_Europe,3,Europe,20260727,Full_random_search,0.6929747207524987,0.6786460742390332,0.2182178902359923,0.5873015873015872,0.2857142857142857,0.8888888888888888,0.2259982590790655,0.6443804479390158
PONE2016_h3_target_Europe,3,Europe,20260727,Balanced_logistic,0.7091416813639035,0.7118554167414453,0.3353540843402062,0.652336860670194,0.4404761904761904,0.8641975308641975,0.2157679125424065,0.6611578058351401
PONE2016_h3_target_North_America,3,North America,20260727,HistGB,0.7581513137068693,0.7425057484630788,0.2802966691779787,0.6096866096866097,0.2962962962962963,0.9230769230769232,0.2081986360141605,0.6053359530164972
PONE2016_h3_target_North_America,3,North America,20260727,KELM_PBMSBAINGO,0.7562519784742008,0.767370811659934,0.2712028228247315,0.5859449192782527,0.1975308641975308,0.9743589743589745,0.2393843194761679,0.7535950957469835
PONE2016_h3_target_North_America,3,North America,20260727,KELM_score_fusion,0.7673314339981007,0.7736579804530473,0.2963530403349558,0.5982905982905983,0.2222222222222222,0.9743589743589745,0.2103665846995516,0.6159088138393632
PONE2016_h3_target_North_America,3,North America,20260727,KELM_risk_feature,0.775403608736942,0.8079473451878776,0.4132285650013326,0.6778252611585944,0.419753086419753,0.935897435897436,0.1936878993547314,0.5774623758550703
PONE2016_h3_target_North_America,3,North America,20260727,Full_PBMSBAINGO,0.7617917062361507,0.717973548491067,0.1787975391881586,0.5716999050332383,0.2716049382716049,0.8717948717948718,0.2045173733796154,0.5967186311608415
PONE2016_h3_target_North_America,3,North America,20260727,Uncertainty_gated_fusion,0.775403608736942,0.8079473451878776,0.4132285650013326,0.6778252611585944,0.419753086419753,0.935897435897436,0.1936878993547314,0.5774623758550703
PONE2016_h3_target_North_America,3,North America,20260727,Full_random_search,0.7856916745805634,0.8058523913869942,0.3545920927802393,0.6350902184235517,0.3086419753086419,0.9615384615384616,0.1938071025993491,0.573786580717967
PONE2016_h3_target_North_America,3,North America,20260727,Balanced_logistic,0.7757201646090535,0.8210429428354262,0.4167300599845326,0.6837606837606838,0.4444444444444444,0.9230769230769232,0.2020315582146705,0.5888620021054498
PONE2016_h1_target_Asia,1,Asia,20260728,HistGB,0.9396701388888888,0.9494823313405836,0.6460415830634638,0.8020833333333333,0.625,0.9791666666666666,0.1031382988368946,0.3404948699175872
PONE2016_h1_target_Asia,1,Asia,20260728,KELM_PBMSBAINGO,0.9296875,0.9340628862713302,0.7108057085060271,0.8541666666666667,0.8125,0.8958333333333334,0.1231617273948108,0.3868985755889241
PONE2016_h1_target_Asia,1,Asia,20260728,KELM_score_fusion,0.9383680555555556,0.9421407943646816,0.6629126073623883,0.8125,0.6458333333333334,0.9791666666666666,0.1027698013180187,0.3391242147036413
PONE2016_h1_target_Asia,1,Asia,20260728,KELM_risk_feature,0.9153645833333334,0.9234571352373264,0.6629126073623883,0.8125,0.6458333333333334,0.9791666666666666,0.1017526485054727,0.3444904527881706
PONE2016_h1_target_Asia,1,Asia,20260728,Full_PBMSBAINGO,0.947048611111111,0.9539200062727696,0.7491023793272164,0.8645833333333333,0.75,0.9791666666666666,0.1015450841614266,0.3341550087270354
PONE2016_h1_target_Asia,1,Asia,20260728,Uncertainty_gated_fusion,0.9153645833333334,0.9234571352373264,0.6629126073623883,0.8125,0.6458333333333334,0.9791666666666666,0.1017526485054727,0.3444904527881706
PONE2016_h1_target_Asia,1,Asia,20260728,Full_random_search,0.9288194444444444,0.9384412089944528,0.6798834181250946,0.8229166666666666,0.6666666666666666,0.9791666666666666,0.1006445095214769,0.3366555835107195
PONE2016_h1_target_Asia,1,Asia,20260728,Balanced_logistic,0.9440104166666666,0.9543744904577072,0.6798834181250946,0.8229166666666666,0.6666666666666666,0.9791666666666666,0.1023206683367922,0.3235760106814021
PONE2016_h1_target_Europe,1,Europe,20260728,HistGB,0.8808481532147743,0.8607584204467822,0.5493412588939887,0.7611491108071136,0.6046511627906976,0.9176470588235294,0.1498404627628348,0.4779763713993825
PONE2016_h1_target_Europe,1,Europe,20260728,KELM_PBMSBAINGO,0.8485636114911081,0.8505126823785114,0.4961749794325203,0.7376880984952121,0.5930232558139535,0.8823529411764706,0.1607429735620761,0.4935038920163559
PONE2016_h1_target_Europe,1,Europe,20260728,KELM_score_fusion,0.8811217510259918,0.8624283249067024,0.5393194499637521,0.7553351573187415,0.5930232558139535,0.9176470588235294,0.1497287322229989,0.4775056785477224
PONE2016_h1_target_Europe,1,Europe,20260728,KELM_risk_feature,0.8086183310533516,0.7838485586318915,0.2869221675167705,0.6326949384404925,0.4418604651162791,0.8235294117647058,0.1943156203578778,0.5772719970951727
PONE2016_h1_target_Europe,1,Europe,20260728,Full_PBMSBAINGO,0.8763337893296854,0.848325824647771,0.5375591305759228,0.7609439124487004,0.6395348837209303,0.8823529411764706,0.144885476793251,0.4676906196062861
PONE2016_h1_target_Europe,1,Europe,20260728,Uncertainty_gated_fusion,0.8086183310533516,0.7838485586318915,0.2869221675167705,0.6326949384404925,0.4418604651162791,0.8235294117647058,0.1943156203578778,0.5772719970951727
PONE2016_h1_target_Europe,1,Europe,20260728,Full_random_search,0.892202462380301,0.8630463922164903,0.555161681953326,0.7668946648426813,0.627906976744186,0.9058823529411764,0.1481087795283626,0.4720768187231339
PONE2016_h1_target_Europe,1,Europe,20260728,Balanced_logistic,0.8859097127222983,0.8789238152502963,0.5035262172575005,0.7149794801641587,0.4534883720930232,0.976470588235294,0.1335267507778348,0.4849476302041786
PONE2016_h1_target_North_America,1,North America,20260728,HistGB,0.9073871409028728,0.9192924561283295,0.6397337567110021,0.8189466484268126,0.7790697674418605,0.8588235294117647,0.1380057893140534,0.4358467176219614
PONE2016_h1_target_North_America,1,North America,20260728,KELM_PBMSBAINGO,0.8945280437756498,0.903149919904382,0.7021204835611884,0.8427496580027359,0.7325581395348837,0.9529411764705882,0.1286156131700346,0.4158891090530506
PONE2016_h1_target_North_America,1,North America,20260728,KELM_score_fusion,0.9095759233926128,0.9262354517386804,0.6508581271053144,0.8247606019151846,0.7906976744186046,0.8588235294117647,0.1355002703108796,0.427006349904778
PONE2016_h1_target_North_America,1,North America,20260728,KELM_risk_feature,0.90437756497948,0.9060073764566418,0.6240773772400326,0.8075239398084815,0.7209302325581395,0.8941176470588236,0.1271947575947865,0.393147689574599
PONE2016_h1_target_North_America,1,North America,20260728,Full_PBMSBAINGO,0.8975376196990424,0.9125920697883124,0.6286780888114203,0.8131326949384405,0.7674418604651163,0.8588235294117647,0.1355995665533514,0.4277062217324351
PONE2016_h1_target_North_America,1,North America,20260728,Uncertainty_gated_fusion,0.8975376196990424,0.9125920697883124,0.6286780888114203,0.8131326949384405,0.7674418604651163,0.8588235294117647,0.1355995665533514,0.4277062217324351
PONE2016_h1_target_North_America,1,North America,20260728,Full_random_search,0.905061559507524,0.9207324115991932,0.5309213757528974,0.7266757865937072,0.4651162790697674,0.9882352941176472,0.136195504196884,0.4299505406530891
PONE2016_h1_target_North_America,1,North America,20260728,Balanced_logistic,0.8811217510259918,0.9134370704739888,0.6628442637111425,0.8138166894664842,0.6511627906976745,0.976470588235294,0.1361765994251453,0.4761766750967566
PONE2016_h2_target_Asia,2,Asia,20260728,HistGB,0.8546006944444444,0.8322420966926936,0.5843389347222367,0.78125,0.6458333333333334,0.9166666666666666,0.1657008508261986,0.5129137304205235
PONE2016_h2_target_Asia,2,Asia,20260728,KELM_PBMSBAINGO,0.8585069444444444,0.8526852399167815,0.476412221977579,0.71875,0.5208333333333334,0.9166666666666666,0.1710875157504346,0.5226523204332412
PONE2016_h2_target_Asia,2,Asia,20260728,KELM_score_fusion,0.8585069444444444,0.8526852399167815,0.476412221977579,0.71875,0.5208333333333334,0.9166666666666666,0.1709765964485042,0.5227190392790121
PONE2016_h2_target_Asia,2,Asia,20260728,KELM_risk_feature,0.8684895833333334,0.8752815770240917,0.5482930791331408,0.7604166666666666,0.6041666666666666,0.9166666666666666,0.1542911081877728,0.4864958499045722
PONE2016_h2_target_Asia,2,Asia,20260728,Full_PBMSBAINGO,0.8606770833333334,0.8368547596637027,0.5662888944297417,0.7708333333333333,0.625,0.9166666666666666,0.1611219771055777,0.5024182342137835
PONE2016_h2_target_Asia,2,Asia,20260728,Uncertainty_gated_fusion,0.8684895833333334,0.8752815770240917,0.5482930791331408,0.7604166666666666,0.6041666666666666,0.9166666666666666,0.1542911081877728,0.4864958499045722
PONE2016_h2_target_Asia,2,Asia,20260728,Full_random_search,0.872829861111111,0.8735697796374872,0.4787549991450211,0.6979166666666666,0.4166666666666667,0.9791666666666666,0.1675886574945823,0.5188827579211747
PONE2016_h2_target_Asia,2,Asia,20260728,Balanced_logistic,0.9144965277777776,0.9124399524683342,0.6493659782899173,0.8229166666666667,0.7708333333333334,0.875,0.2190746762317519,0.6304146150301188
PONE2016_h2_target_Europe,2,Europe,20260728,HistGB,0.7586867305061559,0.7659263943051273,0.4333687592941463,0.6971272229822161,0.4883720930232558,0.9058823529411764,0.2031484278929452,0.5928567766779367
PONE2016_h2_target_Europe,2,Europe,20260728,KELM_PBMSBAINGO,0.8476060191518467,0.8318420572617632,0.4810732271208309,0.7147742818057455,0.4883720930232558,0.9411764705882352,0.1634736457017448,0.5193370220702453
PONE2016_h2_target_Europe,2,Europe,20260728,KELM_score_fusion,0.8476060191518467,0.8318420572617632,0.4810732271208309,0.7147742818057455,0.4883720930232558,0.9411764705882352,0.163674708848849,0.5120902999279019
PONE2016_h2_target_Europe,2,Europe,20260728,KELM_risk_feature,0.8254445964432284,0.8035607622769024,0.4810732271208309,0.7147742818057455,0.4883720930232558,0.9411764705882352,0.1795233024911041,0.5660550741726144
PONE2016_h2_target_Europe,2,Europe,20260728,Full_PBMSBAINGO,0.7954856361149111,0.7721974824610268,0.4388466419635192,0.6971956224350205,0.4767441860465116,0.9176470588235294,0.1932489956904791,0.5684347566310263
PONE2016_h2_target_Europe,2,Europe,20260728,Uncertainty_gated_fusion,0.8254445964432284,0.8035607622769024,0.4810732271208309,0.7147742818057455,0.4883720930232558,0.9411764705882352,0.1795233024911041,0.5660550741726144
PONE2016_h2_target_Europe,2,Europe,20260728,Full_random_search,0.7714090287277702,0.8042462404614346,0.4741077306229213,0.7203830369357045,0.5348837209302325,0.9058823529411764,0.1982576450280544,0.5824516682528473
PONE2016_h2_target_Europe,2,Europe,20260728,Balanced_logistic,0.8034199726402189,0.7869736092025974,0.4513972721892684,0.6973324213406292,0.4534883720930232,0.9411764705882352,0.1842761516432651,0.6119615702880244
PONE2016_h2_target_North_America,2,North America,20260728,HistGB,0.8588640275387264,0.8572195571594456,0.4869825130371185,0.7427567412507171,0.7023809523809523,0.7831325301204819,0.1666717408440504,0.5075168862349643
PONE2016_h2_target_North_America,2,North America,20260728,KELM_PBMSBAINGO,0.8452380952380952,0.872807703199908,0.5531656547874592,0.7729489386115892,0.6904761904761905,0.8554216867469879,0.1604958078586828,0.4808445614101626
PONE2016_h2_target_North_America,2,North America,20260728,KELM_score_fusion,0.8452380952380952,0.872807703199908,0.5531656547874592,0.7729489386115892,0.6904761904761905,0.8554216867469879,0.1607851520339682,0.482249548560193
PONE2016_h2_target_North_America,2,North America,20260728,KELM_risk_feature,0.8066551921973608,0.8382021161575721,0.4935774346264009,0.743043602983362,0.6547619047619048,0.8313253012048193,0.1806625971920267,0.5360356820684705
PONE2016_h2_target_North_America,2,North America,20260728,Full_PBMSBAINGO,0.8679001721170395,0.8791572653480645,0.5155697919204119,0.7318559954102122,0.5119047619047619,0.9518072289156626,0.1489865807024679,0.4580238839829973
PONE2016_h2_target_North_America,2,North America,20260728,Uncertainty_gated_fusion,0.8066551921973608,0.8382021161575721,0.4935774346264009,0.743043602983362,0.6547619047619048,0.8313253012048193,0.1806625971920267,0.5360356820684705
PONE2016_h2_target_North_America,2,North America,20260728,Full_random_search,0.8816695352839933,0.8966117086320615,0.6017093564950292,0.7969018932874354,0.7142857142857143,0.8795180722891566,0.1471880227114614,0.447364302911434
PONE2016_h2_target_North_America,2,North America,20260728,Balanced_logistic,0.8073723465289729,0.8534941456966716,0.4841527384287163,0.731425702811245,0.5833333333333334,0.8795180722891566,0.1786813389158996,0.5959567668017041
PONE2016_h3_target_Asia,3,Asia,20260728,HistGB,0.833648393194707,0.8355040774194233,0.4369259473273602,0.7065217391304348,0.5434782608695652,0.8695652173913043,0.1763889987783558,0.5364223499824375
PONE2016_h3_target_Asia,3,Asia,20260728,KELM_PBMSBAINGO,0.921077504725898,0.929204915515338,0.7315293125604299,0.8586956521739131,0.7608695652173914,0.9565217391304348,0.1354441197925913,0.436140000158374
PONE2016_h3_target_Asia,3,Asia,20260728,KELM_score_fusion,0.921077504725898,0.929204915515338,0.7315293125604299,0.8586956521739131,0.7608695652173914,0.9565217391304348,0.1355570259176325,0.4366506782581986
PONE2016_h3_target_Asia,3,Asia,20260728,KELM_risk_feature,0.8960302457466919,0.8960262228662481,0.5904549227349388,0.7934782608695652,0.7391304347826086,0.8478260869565217,0.1478701753679841,0.460686039974868
PONE2016_h3_target_Asia,3,Asia,20260728,Full_PBMSBAINGO,0.8780718336483933,0.880235823640857,0.4655186534475463,0.7282608695652174,0.6304347826086957,0.8260869565217391,0.1554570609654846,0.4792482090158014
PONE2016_h3_target_Asia,3,Asia,20260728,Uncertainty_gated_fusion,0.8960302457466919,0.8960262228662481,0.5904549227349388,0.7934782608695652,0.7391304347826086,0.8478260869565217,0.1478701753679841,0.460686039974868
PONE2016_h3_target_Asia,3,Asia,20260728,Full_random_search,0.8383742911153119,0.8423797489315002,0.4008918628686366,0.6956521739130435,0.5869565217391305,0.8043478260869565,0.1762369778491023,0.5357867162698827
PONE2016_h3_target_Asia,3,Asia,20260728,Balanced_logistic,0.8563327032136107,0.8712030268600253,0.5597170785495562,0.7717391304347826,0.8913043478260869,0.6521739130434783,0.1955782765100358,0.5775951833113209
PONE2016_h3_target_Europe,3,Europe,20260728,HistGB,0.7042915931804822,0.6782673122876944,0.2240249365093635,0.5875220458553791,0.2738095238095238,0.9012345679012346,0.225475287988643,0.6429027879985254
PONE2016_h3_target_Europe,3,Europe,20260728,KELM_PBMSBAINGO,0.7117871840094063,0.7474759468820593,0.3019405424385589,0.6234567901234568,0.3333333333333333,0.9135802469135802,0.2248714534053127,0.6481476434781144
PONE2016_h3_target_Europe,3,Europe,20260728,KELM_score_fusion,0.7117871840094063,0.7474759468820593,0.3019405424385589,0.6234567901234568,0.3333333333333333,0.9135802469135802,0.2248060415290428,0.6475559606633958
PONE2016_h3_target_Europe,3,Europe,20260728,KELM_risk_feature,0.6668136390358612,0.6768653605900581,0.2204080941630772,0.5928130511463845,0.3214285714285714,0.8641975308641975,0.2445535970849612,0.6868524136015405
PONE2016_h3_target_Europe,3,Europe,20260728,Full_PBMSBAINGO,0.7269253380364492,0.7334654351067861,0.2663568019517165,0.611111111111111,0.3333333333333333,0.8888888888888888,0.2213364820698294,0.6325457652039098
PONE2016_h3_target_Europe,3,Europe,20260728,Uncertainty_gated_fusion,0.6668136390358612,0.6768653605900581,0.2204080941630772,0.5928130511463845,0.3214285714285714,0.8641975308641975,0.2445535970849612,0.6868524136015405
PONE2016_h3_target_Europe,3,Europe,20260728,Full_random_search,0.6785714285714286,0.672463784626391,0.2426307930309848,0.5992063492063492,0.3095238095238095,0.8888888888888888,0.2286283368353562,0.649539986430813
PONE2016_h3_target_Europe,3,Europe,20260728,Balanced_logistic,0.7091416813639035,0.7118554167414453,0.3353540843402062,0.652336860670194,0.4404761904761904,0.8641975308641975,0.2157679125424065,0.6611578058351401
PONE2016_h3_target_North_America,3,North America,20260728,HistGB,0.7581513137068693,0.7425057484630788,0.2802966691779787,0.6096866096866097,0.2962962962962963,0.9230769230769232,0.2081986360141605,0.6053359530164972
PONE2016_h3_target_North_America,3,North America,20260728,KELM_PBMSBAINGO,0.7934472934472935,0.7888172090808881,0.258108370158472,0.5797720797720798,0.1851851851851851,0.9743589743589745,0.1929627530512608,0.5660469766609302
PONE2016_h3_target_North_America,3,North America,20260728,KELM_score_fusion,0.7934472934472935,0.7888172090808881,0.258108370158472,0.5797720797720798,0.1851851851851851,0.9743589743589745,0.1929880186394183,0.5661273295985773
PONE2016_h3_target_North_America,3,North America,20260728,KELM_risk_feature,0.7192149414371636,0.7618237121122564,0.2469040421075045,0.5676638176638177,0.1481481481481481,0.9871794871794872,0.2527784402006479,0.8395993749901521
PONE2016_h3_target_North_America,3,North America,20260728,Full_PBMSBAINGO,0.7769863880974993,0.7894437370969122,0.3320191814266192,0.6168091168091168,0.2592592592592592,0.9743589743589745,0.2106104335217717,0.61543677986596
PONE2016_h3_target_North_America,3,North America,20260728,Uncertainty_gated_fusion,0.7192149414371636,0.7618237121122564,0.2469040421075045,0.5676638176638177,0.1481481481481481,0.9871794871794872,0.2527784402006479,0.8395993749901521
PONE2016_h3_target_North_America,3,North America,20260728,Full_random_search,0.7901234567901234,0.7593260385460486,0.1091575765106862,0.5299145299145299,0.1111111111111111,0.9487179487179488,0.1938730780362768,0.5691361800328651
PONE2016_h3_target_North_America,3,North America,20260728,Balanced_logistic,0.7757201646090535,0.8210429428354262,0.4167300599845326,0.6837606837606838,0.4444444444444444,0.9230769230769232,0.2020315582146705,0.5888620021054498
PONE2016_h1_target_Asia,1,Asia,20260729,HistGB,0.9396701388888888,0.9494823313405836,0.6460415830634638,0.8020833333333333,0.625,0.9791666666666666,0.1031382988368946,0.3404948699175872
PONE2016_h1_target_Asia,1,Asia,20260729,KELM_PBMSBAINGO,0.9270833333333336,0.9391000653136916,0.6709076657921977,0.8229166666666667,0.6875,0.9583333333333334,0.1198689304456509,0.4152476353859431
PONE2016_h1_target_Asia,1,Asia,20260729,KELM_score_fusion,0.94140625,0.945448793751798,0.6969709469904514,0.8333333333333333,0.6875,0.9791666666666666,0.1023567917748109,0.337541010787145
PONE2016_h1_target_Asia,1,Asia,20260729,KELM_risk_feature,0.9305555555555556,0.9415307228348772,0.5459195627691725,0.7395833333333333,0.5,0.9791666666666666,0.1030202758901406,0.3503530925508092
PONE2016_h1_target_Asia,1,Asia,20260729,Full_PBMSBAINGO,0.940972222222222,0.9519137340880336,0.5613096232478871,0.7395833333333334,0.4791666666666667,1.0,0.102886797242155,0.3396305251775026
PONE2016_h1_target_Asia,1,Asia,20260729,Uncertainty_gated_fusion,0.9305555555555556,0.9415307228348772,0.5459195627691725,0.7395833333333333,0.5,0.9791666666666666,0.1030202758901406,0.3503530925508092
PONE2016_h1_target_Asia,1,Asia,20260729,Full_random_search,0.9422743055555556,0.9434792233094078,0.4956815970966097,0.7083333333333333,0.4375,0.9791666666666666,0.0965530508167751,0.3188177835669768
PONE2016_h1_target_Asia,1,Asia,20260729,Balanced_logistic,0.9440104166666666,0.9543744904577072,0.6798834181250946,0.8229166666666666,0.6666666666666666,0.9791666666666666,0.1023206683367922,0.3235760106814021
PONE2016_h1_target_Europe,1,Europe,20260729,HistGB,0.8808481532147743,0.8607584204467822,0.5493412588939887,0.7611491108071136,0.6046511627906976,0.9176470588235294,0.1498404627628348,0.4779763713993825
PONE2016_h1_target_Europe,1,Europe,20260729,KELM_PBMSBAINGO,0.8842681258549933,0.8832559410299493,0.5940630671641509,0.7787961696306429,0.6046511627906976,0.9529411764705882,0.1290365705965741,0.4304323957761023
PONE2016_h1_target_Europe,1,Europe,20260729,KELM_score_fusion,0.8820793433652532,0.8568702897691435,0.5640244127132302,0.76703146374829,0.6046511627906976,0.9294117647058824,0.1496248531401131,0.4770267823703041
PONE2016_h1_target_Europe,1,Europe,20260729,KELM_risk_feature,0.8912448700410396,0.8963330174206107,0.6480354673310376,0.8136114911080712,0.686046511627907,0.9411764705882352,0.1416242442802121,0.4564492761945077
PONE2016_h1_target_Europe,1,Europe,20260729,Full_PBMSBAINGO,0.8838577291381668,0.8727697251746596,0.6067563059204921,0.8015047879616963,0.7441860465116279,0.8588235294117647,0.1363068900270664,0.4438438596503673
PONE2016_h1_target_Europe,1,Europe,20260729,Uncertainty_gated_fusion,0.8912448700410396,0.8963330174206107,0.6480354673310376,0.8136114911080712,0.686046511627907,0.9411764705882352,0.1416242442802121,0.4564492761945077
PONE2016_h1_target_Europe,1,Europe,20260729,Full_random_search,0.857592339261286,0.7984613147869776,0.4796829778446658,0.7261285909712722,0.5581395348837209,0.8941176470588236,0.1441162098224252,0.4652040514778737
PONE2016_h1_target_Europe,1,Europe,20260729,Balanced_logistic,0.8859097127222983,0.8789238152502963,0.5035262172575005,0.7149794801641587,0.4534883720930232,0.976470588235294,0.1335267507778348,0.4849476302041786
PONE2016_h1_target_North_America,1,North America,20260729,HistGB,0.9073871409028728,0.9192924561283295,0.6397337567110021,0.8189466484268126,0.7790697674418605,0.8588235294117647,0.1380057893140534,0.4358467176219614
PONE2016_h1_target_North_America,1,North America,20260729,KELM_PBMSBAINGO,0.8958960328317374,0.9034980312949288,0.6430233021969443,0.8190834473324213,0.7558139534883721,0.8823529411764706,0.1293462999223164,0.4089583658121751
PONE2016_h1_target_North_America,1,North America,20260729,KELM_score_fusion,0.9073871409028728,0.9192924561283295,0.6397337567110021,0.8189466484268126,0.7790697674418605,0.8588235294117647,0.1380057893140534,0.4358467176219614
PONE2016_h1_target_North_America,1,North America,20260729,KELM_risk_feature,0.779343365253078,0.6996604523088319,0.4473427944063557,0.7142954856361149,0.5697674418604651,0.8588235294117647,0.220386870195235,0.6334078557995657
PONE2016_h1_target_North_America,1,North America,20260729,Full_PBMSBAINGO,0.8963064295485635,0.8886778404455249,0.6508581271053144,0.8247606019151846,0.7906976744186046,0.8588235294117647,0.1369038483046435,0.4332346887566304
PONE2016_h1_target_North_America,1,North America,20260729,Uncertainty_gated_fusion,0.779343365253078,0.6996604523088319,0.4473427944063557,0.7142954856361149,0.5697674418604651,0.8588235294117647,0.220386870195235,0.6334078557995657
PONE2016_h1_target_North_America,1,North America,20260729,Full_random_search,0.9041039671682626,0.8993462293179351,0.6274173647348408,0.8130642954856362,0.7790697674418605,0.8470588235294118,0.1377165101807148,0.4352367851106073
PONE2016_h1_target_North_America,1,North America,20260729,Balanced_logistic,0.8811217510259918,0.9134370704739888,0.6628442637111425,0.8138166894664842,0.6511627906976745,0.976470588235294,0.1361765994251453,0.4761766750967566
PONE2016_h2_target_Asia,2,Asia,20260729,HistGB,0.8546006944444444,0.8322420966926936,0.5843389347222367,0.78125,0.6458333333333334,0.9166666666666666,0.1657008508261986,0.5129137304205235
PONE2016_h2_target_Asia,2,Asia,20260729,KELM_PBMSBAINGO,0.8910590277777778,0.8962156013803363,0.5156879540323449,0.7291666666666667,0.5,0.9583333333333334,0.1550975909746478,0.4858233107180223
PONE2016_h2_target_Asia,2,Asia,20260729,KELM_score_fusion,0.8546006944444444,0.8322420966926936,0.5843389347222367,0.78125,0.6458333333333334,0.9166666666666666,0.1657008508261986,0.5129137304205235
PONE2016_h2_target_Asia,2,Asia,20260729,KELM_risk_feature,0.9118923611111112,0.9071277174965876,0.5393598899705937,0.75,0.5625,0.9375,0.1539024965163862,0.484598502164677
PONE2016_h2_target_Asia,2,Asia,20260729,Full_PBMSBAINGO,0.8498263888888888,0.8154596240531109,0.5410545691872563,0.7604166666666667,0.625,0.8958333333333334,0.164648763538975,0.5099704889662394
PONE2016_h2_target_Asia,2,Asia,20260729,Uncertainty_gated_fusion,0.9118923611111112,0.9071277174965876,0.5393598899705937,0.75,0.5625,0.9375,0.1539024965163862,0.484598502164677
PONE2016_h2_target_Asia,2,Asia,20260729,Full_random_search,0.85546875,0.8578625926675522,0.4944132324730442,0.7291666666666666,0.5416666666666666,0.9166666666666666,0.1631788847856722,0.508697568264485
PONE2016_h2_target_Asia,2,Asia,20260729,Balanced_logistic,0.9144965277777776,0.9124399524683342,0.6493659782899173,0.8229166666666667,0.7708333333333334,0.875,0.2190746762317519,0.6304146150301188
PONE2016_h2_target_Europe,2,Europe,20260729,HistGB,0.7586867305061559,0.7659263943051273,0.4333687592941463,0.6971272229822161,0.4883720930232558,0.9058823529411764,0.2031484278929452,0.5928567766779367
PONE2016_h2_target_Europe,2,Europe,20260729,KELM_PBMSBAINGO,0.8331053351573188,0.8221515448424735,0.4878852836777453,0.7148426812585499,0.4767441860465116,0.9529411764705882,0.1796170570877307,0.554511020158217
PONE2016_h2_target_Europe,2,Europe,20260729,KELM_score_fusion,0.8331053351573188,0.8221515448424735,0.4878852836777453,0.7148426812585499,0.4767441860465116,0.9529411764705882,0.1805589767954553,0.5522107745920667
PONE2016_h2_target_Europe,2,Europe,20260729,KELM_risk_feature,0.8054719562243502,0.829302827532096,0.4796829778446658,0.7261285909712722,0.5581395348837209,0.8941176470588236,0.1907188382394364,0.5785937330133262
PONE2016_h2_target_Europe,2,Europe,20260729,Full_PBMSBAINGO,0.7834473324213406,0.7524956013213486,0.4196044088237464,0.696922024623803,0.5232558139534884,0.8705882352941177,0.1932932791084779,0.5709188099170235
PONE2016_h2_target_Europe,2,Europe,20260729,Uncertainty_gated_fusion,0.8054719562243502,0.829302827532096,0.4796829778446658,0.7261285909712722,0.5581395348837209,0.8941176470588236,0.1907188382394364,0.5785937330133262
PONE2016_h2_target_Europe,2,Europe,20260729,Full_random_search,0.7714090287277702,0.7954354412033264,0.4489802658659349,0.7030095759233925,0.4883720930232558,0.9176470588235294,0.1963233676046379,0.5745669046003627
PONE2016_h2_target_Europe,2,Europe,20260729,Balanced_logistic,0.8034199726402189,0.7869736092025974,0.4513972721892684,0.6973324213406292,0.4534883720930232,0.9411764705882352,0.1842761516432651,0.6119615702880244
PONE2016_h2_target_North_America,2,North America,20260729,HistGB,0.8588640275387264,0.8572195571594456,0.4869825130371185,0.7427567412507171,0.7023809523809523,0.7831325301204819,0.1666717408440504,0.5075168862349643
PONE2016_h2_target_North_America,2,North America,20260729,KELM_PBMSBAINGO,0.7913080895008606,0.7634213042017464,0.3432781308636063,0.6597819850831899,0.4761904761904761,0.8433734939759037,0.18527592738975,0.5738965705594339
PONE2016_h2_target_North_America,2,North America,20260729,KELM_score_fusion,0.8588640275387264,0.8519774928355773,0.4869825130371185,0.7427567412507171,0.7023809523809523,0.7831325301204819,0.1633663084175055,0.5009256037602562
PONE2016_h2_target_North_America,2,North America,20260729,KELM_risk_feature,0.747705106138841,0.808537185876242,0.4725359454076894,0.713855421686747,0.5,0.927710843373494,0.1986791936101094,0.5756001374002017
PONE2016_h2_target_North_America,2,North America,20260729,Full_PBMSBAINGO,0.8420826161790017,0.7839668100023407,0.3572804586642013,0.6483792312105565,0.369047619047619,0.927710843373494,0.1559772366422851,0.4939081855425453
PONE2016_h2_target_North_America,2,North America,20260729,Uncertainty_gated_fusion,0.747705106138841,0.808537185876242,0.4725359454076894,0.713855421686747,0.5,0.927710843373494,0.1986791936101094,0.5756001374002017
PONE2016_h2_target_North_America,2,North America,20260729,Full_random_search,0.8647446930579461,0.87059450237866,0.4331387335499657,0.6724756167527253,0.369047619047619,0.9759036144578314,0.1591226618868054,0.478340505945951
PONE2016_h2_target_North_America,2,North America,20260729,Balanced_logistic,0.8073723465289729,0.8534941456966716,0.4841527384287163,0.731425702811245,0.5833333333333334,0.8795180722891566,0.1786813389158996,0.5959567668017041
PONE2016_h3_target_Asia,3,Asia,20260729,HistGB,0.833648393194707,0.8355040774194233,0.4369259473273602,0.7065217391304348,0.5434782608695652,0.8695652173913043,0.1763889987783558,0.5364223499824375
PONE2016_h3_target_Asia,3,Asia,20260729,KELM_PBMSBAINGO,0.8638941398865785,0.8673341761306749,0.4800793585191832,0.7391304347826086,0.782608695652174,0.6956521739130435,0.1564395875410215,0.4713035108921466
PONE2016_h3_target_Asia,3,Asia,20260729,KELM_score_fusion,0.8667296786389413,0.8628892945123761,0.4899789435061114,0.7391304347826086,0.6304347826086957,0.8478260869565217,0.1537446769574856,0.4750614176954035
PONE2016_h3_target_Asia,3,Asia,20260729,KELM_risk_feature,0.8960302457466919,0.8895642865372688,0.587095265748098,0.7934782608695652,0.782608695652174,0.8043478260869565,0.1360258273306207,0.4298862366441802
PONE2016_h3_target_Asia,3,Asia,20260729,Full_PBMSBAINGO,0.8648393194706995,0.871496153305636,0.421183543595399,0.7065217391304348,0.6086956521739131,0.8043478260869565,0.1609342876871694,0.4954563930499606
PONE2016_h3_target_Asia,3,Asia,20260729,Uncertainty_gated_fusion,0.8960302457466919,0.8895642865372688,0.587095265748098,0.7934782608695652,0.782608695652174,0.8043478260869565,0.1360258273306207,0.4298862366441802
PONE2016_h3_target_Asia,3,Asia,20260729,Full_random_search,0.8464083175803403,0.8606442218112781,0.4415107856883479,0.7173913043478262,0.6304347826086957,0.8043478260869565,0.1726293442540614,0.5263069326684789
PONE2016_h3_target_Asia,3,Asia,20260729,Balanced_logistic,0.8563327032136107,0.8712030268600253,0.5597170785495562,0.7717391304347826,0.8913043478260869,0.6521739130434783,0.1955782765100358,0.5775951833113209
PONE2016_h3_target_Europe,3,Europe,20260729,HistGB,0.7042915931804822,0.6782673122876944,0.2240249365093635,0.5875220458553791,0.2738095238095238,0.9012345679012346,0.225475287988643,0.6429027879985254
PONE2016_h3_target_Europe,3,Europe,20260729,KELM_PBMSBAINGO,0.6526308054085833,0.6534446695693527,0.2320217533424033,0.6040564373897708,0.3809523809523809,0.8271604938271605,0.25362530284445,0.7127084039047136
PONE2016_h3_target_Europe,3,Europe,20260729,KELM_score_fusion,0.6926807760141094,0.6957018260921513,0.2240249365093635,0.5875220458553791,0.2738095238095238,0.9012345679012346,0.2245366259134598,0.6419631455600598
PONE2016_h3_target_Europe,3,Europe,20260729,KELM_risk_feature,0.7110523221634332,0.7315422382929928,0.2252192187696177,0.5930335097001764,0.3095238095238095,0.8765432098765432,0.2239654831565009,0.6327039718854468
PONE2016_h3_target_Europe,3,Europe,20260729,Full_PBMSBAINGO,0.7110523221634333,0.6965789384176344,0.2057143836152649,0.5813492063492063,0.2738095238095238,0.8888888888888888,0.225142127383809,0.6419117129112674
PONE2016_h3_target_Europe,3,Europe,20260729,Uncertainty_gated_fusion,0.7110523221634332,0.7315422382929928,0.2252192187696177,0.5930335097001764,0.3095238095238095,0.8765432098765432,0.2239654831565009,0.6327039718854468
PONE2016_h3_target_Europe,3,Europe,20260729,Full_random_search,0.7016460905349795,0.6845373641732194,0.2240249365093635,0.5875220458553791,0.2738095238095238,0.9012345679012346,0.2258110866390323,0.6436445298468377
PONE2016_h3_target_Europe,3,Europe,20260729,Balanced_logistic,0.7091416813639035,0.7118554167414453,0.3353540843402062,0.652336860670194,0.4404761904761904,0.8641975308641975,0.2157679125424065,0.6611578058351401
PONE2016_h3_target_North_America,3,North America,20260729,HistGB,0.7581513137068693,0.7425057484630788,0.2802966691779787,0.6096866096866097,0.2962962962962963,0.9230769230769232,0.2081986360141605,0.6053359530164972
PONE2016_h3_target_North_America,3,North America,20260729,KELM_PBMSBAINGO,0.7467553023108577,0.7108961439155497,0.1066584613765904,0.535375118708452,0.1604938271604938,0.9102564102564102,0.2132677337141672,0.628184883937652
PONE2016_h3_target_North_America,3,North America,20260729,KELM_score_fusion,0.7605254827477049,0.7322566820212266,0.2606362804335699,0.6032763532763532,0.2962962962962963,0.9102564102564102,0.2077797153231471,0.6042946206236761
PONE2016_h3_target_North_America,3,North America,20260729,KELM_risk_feature,0.7891737891737892,0.7932591980461474,0.4152045911109344,0.7006172839506173,0.5679012345679012,0.8333333333333334,0.1996979105416405,0.5820264365728919
PONE2016_h3_target_North_America,3,North America,20260729,Full_PBMSBAINGO,0.7886989553656221,0.8023472750480737,0.3097837810921021,0.6163342830009496,0.2839506172839506,0.9487179487179488,0.1989842339413376,0.5958384105904196
PONE2016_h3_target_North_America,3,North America,20260729,Uncertainty_gated_fusion,0.7886989553656221,0.8023472750480737,0.3097837810921021,0.6163342830009496,0.2839506172839506,0.9487179487179488,0.1989842339413376,0.5958384105904196
PONE2016_h3_target_North_America,3,North America,20260729,Full_random_search,0.7541943653054763,0.7207880880734886,0.1917898415556112,0.5607787274453941,0.1728395061728395,0.9487179487179488,0.2104987335599876,0.610714383701133
PONE2016_h3_target_North_America,3,North America,20260729,Balanced_logistic,0.7757201646090535,0.8210429428354262,0.4167300599845326,0.6837606837606838,0.4444444444444444,0.9230769230769232,0.2020315582146705,0.5888620021054498
PONE2016_h1_target_Asia,1,Asia,20260730,HistGB,0.9396701388888888,0.9494823313405836,0.6460415830634638,0.8020833333333333,0.625,0.9791666666666666,0.1031382988368946,0.3404948699175872
PONE2016_h1_target_Asia,1,Asia,20260730,KELM_PBMSBAINGO,0.9066840277777776,0.9296504947288328,0.5452497568062706,0.7291666666666666,0.4583333333333333,1.0,0.1345889982846877,0.4159280495398129
PONE2016_h1_target_Asia,1,Asia,20260730,KELM_score_fusion,0.9066840277777776,0.9296504947288328,0.5452497568062706,0.7291666666666666,0.4583333333333333,1.0,0.1365942193831119,0.4212428473678657
PONE2016_h1_target_Asia,1,Asia,20260730,KELM_risk_feature,0.92578125,0.9416586039323762,0.6292532049656927,0.7916666666666666,0.6041666666666666,0.9791666666666666,0.107470410707176,0.3543677941893584
PONE2016_h1_target_Asia,1,Asia,20260730,Full_PBMSBAINGO,0.9422743055555556,0.941923936916398,0.6460415830634638,0.8020833333333333,0.625,0.9791666666666666,0.0950743857549548,0.3162773720108922
PONE2016_h1_target_Asia,1,Asia,20260730,Uncertainty_gated_fusion,0.92578125,0.9416586039323762,0.6292532049656927,0.7916666666666666,0.6041666666666666,0.9791666666666666,0.107470410707176,0.3543677941893584
PONE2016_h1_target_Asia,1,Asia,20260730,Full_random_search,0.9444444444444444,0.947209019739595,0.6629126073623883,0.8125,0.6458333333333334,0.9791666666666666,0.0961941397918005,0.3187077795252172
PONE2016_h1_target_Asia,1,Asia,20260730,Balanced_logistic,0.9440104166666666,0.9543744904577072,0.6798834181250946,0.8229166666666666,0.6666666666666666,0.9791666666666666,0.1023206683367922,0.3235760106814021
PONE2016_h1_target_Europe,1,Europe,20260730,HistGB,0.8808481532147743,0.8607584204467822,0.5493412588939887,0.7611491108071136,0.6046511627906976,0.9176470588235294,0.1498404627628348,0.4779763713993825
PONE2016_h1_target_Europe,1,Europe,20260730,KELM_PBMSBAINGO,0.8683994528043776,0.8725028946094125,0.6094429366937203,0.7846785225718194,0.6046511627906976,0.9647058823529412,0.1449433051294384,0.526680663585334
PONE2016_h1_target_Europe,1,Europe,20260730,KELM_score_fusion,0.8808481532147743,0.8607584204467822,0.5493412588939887,0.7611491108071136,0.6046511627906976,0.9176470588235294,0.1498404627628348,0.4779763713993825
PONE2016_h1_target_Europe,1,Europe,20260730,KELM_risk_feature,0.8612859097127223,0.8800037630248623,0.5334703747881316,0.7381668946648428,0.5116279069767442,0.9647058823529412,0.1442701467778898,0.4573075641159267
PONE2016_h1_target_Europe,1,Europe,20260730,Full_PBMSBAINGO,0.8675786593707251,0.8387841558297795,0.6086668977333656,0.8015731874145007,0.7325581395348837,0.8705882352941177,0.1363313179154821,0.4515403259678097
PONE2016_h1_target_Europe,1,Europe,20260730,Uncertainty_gated_fusion,0.8612859097127223,0.8800037630248623,0.5334703747881316,0.7381668946648428,0.5116279069767442,0.9647058823529412,0.1442701467778898,0.4573075641159267
PONE2016_h1_target_Europe,1,Europe,20260730,Full_random_search,0.8763337893296853,0.8531522711087045,0.5719733532235918,0.7784541723666211,0.6627906976744186,0.8941176470588236,0.1367862040004008,0.4532755368570348
PONE2016_h1_target_Europe,1,Europe,20260730,Balanced_logistic,0.8859097127222983,0.8789238152502963,0.5035262172575005,0.7149794801641587,0.4534883720930232,0.976470588235294,0.1335267507778348,0.4849476302041786
PONE2016_h1_target_North_America,1,North America,20260730,HistGB,0.9073871409028728,0.9192924561283295,0.6397337567110021,0.8189466484268126,0.7790697674418605,0.8588235294117647,0.1380057893140534,0.4358467176219614
PONE2016_h1_target_North_America,1,North America,20260730,KELM_PBMSBAINGO,0.8923392612859097,0.9058100076452856,0.6611491119281105,0.8251025991792065,0.7325581395348837,0.9176470588235294,0.1356623354103101,0.4203402977353663
PONE2016_h1_target_North_America,1,North America,20260730,KELM_score_fusion,0.8923392612859097,0.9058100076452856,0.6611491119281105,0.8251025991792065,0.7325581395348837,0.9176470588235294,0.1361376646460742,0.4246241537559133
PONE2016_h1_target_North_America,1,North America,20260730,KELM_risk_feature,0.89562243502052,0.9048960885211156,0.6756435554722996,0.8365253077975376,0.7906976744186046,0.8823529411764706,0.1257061746145135,0.4092160837925266
PONE2016_h1_target_North_America,1,North America,20260730,Full_PBMSBAINGO,0.8919288645690834,0.8976302558163163,0.6086668977333656,0.8015731874145007,0.7325581395348837,0.8705882352941177,0.1400766577961465,0.4360709802707823
PONE2016_h1_target_North_America,1,North America,20260730,Uncertainty_gated_fusion,0.89562243502052,0.9048960885211156,0.6756435554722996,0.8365253077975376,0.7906976744186046,0.8823529411764706,0.1257061746145135,0.4092160837925266
PONE2016_h1_target_North_America,1,North America,20260730,Full_random_search,0.9025991792065664,0.9154412997645358,0.6386307361897502,0.8188782489740082,0.7906976744186046,0.8470588235294118,0.1369117398084917,0.4326033177652011
PONE2016_h1_target_North_America,1,North America,20260730,Balanced_logistic,0.8811217510259918,0.9134370704739888,0.6628442637111425,0.8138166894664842,0.6511627906976745,0.976470588235294,0.1361765994251453,0.4761766750967566
PONE2016_h2_target_Asia,2,Asia,20260730,HistGB,0.8546006944444444,0.8322420966926936,0.5843389347222367,0.78125,0.6458333333333334,0.9166666666666666,0.1657008508261986,0.5129137304205235
PONE2016_h2_target_Asia,2,Asia,20260730,KELM_PBMSBAINGO,0.8975694444444444,0.9000702421147058,0.5958540230683373,0.7708333333333333,0.5625,0.9791666666666666,0.1900734793624405,0.5683926972785264
PONE2016_h2_target_Asia,2,Asia,20260730,KELM_score_fusion,0.8975694444444444,0.9000702421147058,0.5958540230683373,0.7708333333333333,0.5625,0.9791666666666666,0.190472197589893,0.5691830801165342
PONE2016_h2_target_Asia,2,Asia,20260730,KELM_risk_feature,0.8723958333333333,0.8768202424319855,0.4401970963427133,0.6979166666666666,0.4791666666666667,0.9166666666666666,0.1757431210004136,0.535781593956908
PONE2016_h2_target_Asia,2,Asia,20260730,Full_PBMSBAINGO,0.83984375,0.7624238522146494,0.5538186196949965,0.7708333333333333,0.6666666666666666,0.875,0.1658532111536791,0.5086040739743245
PONE2016_h2_target_Asia,2,Asia,20260730,Uncertainty_gated_fusion,0.8723958333333333,0.8768202424319855,0.4401970963427133,0.6979166666666666,0.4791666666666667,0.9166666666666666,0.1757431210004136,0.535781593956908
PONE2016_h2_target_Asia,2,Asia,20260730,Full_random_search,0.8780381944444444,0.8612535032347215,0.5594309277855158,0.7708333333333334,0.6458333333333334,0.8958333333333334,0.1476497599573391,0.4643389738631017
PONE2016_h2_target_Asia,2,Asia,20260730,Balanced_logistic,0.9144965277777776,0.9124399524683342,0.6493659782899173,0.8229166666666667,0.7708333333333334,0.875,0.2190746762317519,0.6304146150301188
PONE2016_h2_target_Europe,2,Europe,20260730,HistGB,0.7586867305061559,0.7659263943051273,0.4333687592941463,0.6971272229822161,0.4883720930232558,0.9058823529411764,0.2031484278929452,0.5928567766779367
PONE2016_h2_target_Europe,2,Europe,20260730,KELM_PBMSBAINGO,0.8027359781121751,0.782295630459814,0.4947233031672439,0.7263337893296854,0.5232558139534884,0.9294117647058824,0.1914113960371697,0.6798284233055275
PONE2016_h2_target_Europe,2,Europe,20260730,KELM_score_fusion,0.8027359781121751,0.782295630459814,0.4947233031672439,0.7263337893296854,0.5232558139534884,0.9294117647058824,0.1917345054782484,0.691254373479672
PONE2016_h2_target_Europe,2,Europe,20260730,KELM_risk_feature,0.7875512995896033,0.7884163892105376,0.4128172365608963,0.685499316005472,0.4651162790697674,0.9058823529411764,0.2009640476295627,0.626438536365597
PONE2016_h2_target_Europe,2,Europe,20260730,Full_PBMSBAINGO,0.7889192886456908,0.8029102929613552,0.4691573663761896,0.7146374829001367,0.5116279069767442,0.9176470588235294,0.195170867541903,0.57986159822703
PONE2016_h2_target_Europe,2,Europe,20260730,Uncertainty_gated_fusion,0.7875512995896033,0.7884163892105376,0.4128172365608963,0.685499316005472,0.4651162790697674,0.9058823529411764,0.2009640476295627,0.626438536365597
PONE2016_h2_target_Europe,2,Europe,20260730,Full_random_search,0.7827633378932969,0.7823369605648686,0.5092846068766841,0.7378932968536251,0.5581395348837209,0.9176470588235294,0.194601408892933,0.5825101283572246
PONE2016_h2_target_Europe,2,Europe,20260730,Balanced_logistic,0.8034199726402189,0.7869736092025974,0.4513972721892684,0.6973324213406292,0.4534883720930232,0.9411764705882352,0.1842761516432651,0.6119615702880244
PONE2016_h2_target_North_America,2,North America,20260730,HistGB,0.8588640275387264,0.8572195571594456,0.4869825130371185,0.7427567412507171,0.7023809523809523,0.7831325301204819,0.1666717408440504,0.5075168862349643
PONE2016_h2_target_North_America,2,North America,20260730,KELM_PBMSBAINGO,0.8628800917957544,0.8634424718538656,0.4697839527953726,0.7254016064257028,0.5833333333333334,0.8674698795180723,0.1587289410165613,0.4770426082092922
PONE2016_h2_target_North_America,2,North America,20260730,KELM_score_fusion,0.8628800917957544,0.8634424718538656,0.4697839527953726,0.7254016064257028,0.5833333333333334,0.8674698795180723,0.1600790473148047,0.4810387417575259
PONE2016_h2_target_North_America,2,North America,20260730,KELM_risk_feature,0.8577165806081468,0.8256723672035803,0.3861184657192625,0.6603557085484797,0.3809523809523809,0.9397590361445785,0.1563895698091635,0.4787618963249813
PONE2016_h2_target_North_America,2,North America,20260730,Full_PBMSBAINGO,0.8657487091222031,0.8703038521018427,0.5372205942285648,0.7611876075731497,0.6428571428571429,0.8795180722891566,0.1550279803130602,0.473410549190374
PONE2016_h2_target_North_America,2,North America,20260730,Uncertainty_gated_fusion,0.8577165806081468,0.8256723672035803,0.3861184657192625,0.6603557085484797,0.3809523809523809,0.9397590361445785,0.1563895698091635,0.4787618963249813
PONE2016_h2_target_North_America,2,North America,20260730,Full_random_search,0.8188468158347677,0.7809842756205421,0.3058792691521723,0.6244979919678715,0.3333333333333333,0.9156626506024096,0.1707355200328595,0.5149442793318193
PONE2016_h2_target_North_America,2,North America,20260730,Balanced_logistic,0.8073723465289729,0.8534941456966716,0.4841527384287163,0.731425702811245,0.5833333333333334,0.8795180722891566,0.1786813389158996,0.5959567668017041
PONE2016_h3_target_Asia,3,Asia,20260730,HistGB,0.833648393194707,0.8355040774194233,0.4369259473273602,0.7065217391304348,0.5434782608695652,0.8695652173913043,0.1763889987783558,0.5364223499824375
PONE2016_h3_target_Asia,3,Asia,20260730,KELM_PBMSBAINGO,0.8653119092627599,0.8479008547692395,0.5882087712829036,0.7934782608695652,0.8260869565217391,0.7608695652173914,0.1980714607120044,0.58440244089886
PONE2016_h3_target_Asia,3,Asia,20260730,KELM_score_fusion,0.8653119092627599,0.8479008547692395,0.5882087712829036,0.7934782608695652,0.8260869565217391,0.7608695652173914,0.1979638288248962,0.5838851613473165
PONE2016_h3_target_Asia,3,Asia,20260730,KELM_risk_feature,0.8936672967863895,0.8867889879857402,0.4954150840221495,0.7391304347826086,0.6086956521739131,0.8695652173913043,0.1406936700107016,0.437583699076865
PONE2016_h3_target_Asia,3,Asia,20260730,Full_PBMSBAINGO,0.8530245746691871,0.8522482282238792,0.4415107856883479,0.7173913043478262,0.6304347826086957,0.8043478260869565,0.1705434865034804,0.5227769924909977
PONE2016_h3_target_Asia,3,Asia,20260730,Uncertainty_gated_fusion,0.8936672967863895,0.8867889879857402,0.4954150840221495,0.7391304347826086,0.6086956521739131,0.8695652173913043,0.1406936700107016,0.437583699076865
PONE2016_h3_target_Asia,3,Asia,20260730,Full_random_search,0.8341209829867675,0.8275995307527628,0.4385290096535146,0.7173913043478262,0.6521739130434783,0.782608695652174,0.1765702866978642,0.536869265429101
PONE2016_h3_target_Asia,3,Asia,20260730,Balanced_logistic,0.8563327032136107,0.8712030268600253,0.5597170785495562,0.7717391304347826,0.8913043478260869,0.6521739130434783,0.1955782765100358,0.5775951833113209
PONE2016_h3_target_Europe,3,Europe,20260730,HistGB,0.7042915931804822,0.6782673122876944,0.2240249365093635,0.5875220458553791,0.2738095238095238,0.9012345679012346,0.225475287988643,0.6429027879985254
PONE2016_h3_target_Europe,3,Europe,20260730,KELM_PBMSBAINGO,0.6847442680776014,0.736902528525552,0.3019405424385589,0.6234567901234568,0.3333333333333333,0.9135802469135802,0.2310698184866185,0.6523245010356761
PONE2016_h3_target_Europe,3,Europe,20260730,KELM_score_fusion,0.6847442680776014,0.736902528525552,0.3019405424385589,0.6234567901234568,0.3333333333333333,0.9135802469135802,0.2304511834831547,0.6503730425452642
PONE2016_h3_target_Europe,3,Europe,20260730,KELM_risk_feature,0.7225161669606115,0.7095792126804821,0.351173205449172,0.6529982363315696,0.4047619047619047,0.9012345679012346,0.2118157295949853,0.6470502953629343
PONE2016_h3_target_Europe,3,Europe,20260730,Full_PBMSBAINGO,0.6697530864197532,0.687093959493696,0.1619525359652074,0.5632716049382716,0.25,0.8765432098765432,0.231077375136009,0.6552198119538618
PONE2016_h3_target_Europe,3,Europe,20260730,Uncertainty_gated_fusion,0.7225161669606115,0.7095792126804821,0.351173205449172,0.6529982363315696,0.4047619047619047,0.9012345679012346,0.2118157295949853,0.6470502953629343
PONE2016_h3_target_Europe,3,Europe,20260730,Full_random_search,0.7081128747795415,0.6968166062015267,0.2363764191134751,0.5934744268077601,0.2857142857142857,0.9012345679012346,0.2247434595872373,0.6412670253361329
PONE2016_h3_target_Europe,3,Europe,20260730,Balanced_logistic,0.7091416813639035,0.7118554167414453,0.3353540843402062,0.652336860670194,0.4404761904761904,0.8641975308641975,0.2157679125424065,0.6611578058351401
PONE2016_h3_target_North_America,3,North America,20260730,HistGB,0.7581513137068693,0.7425057484630788,0.2802966691779787,0.6096866096866097,0.2962962962962963,0.9230769230769232,0.2081986360141605,0.6053359530164972
PONE2016_h3_target_North_America,3,North America,20260730,KELM_PBMSBAINGO,0.6731560620449509,0.6989940976267199,0.2852774157763129,0.6324786324786325,0.4444444444444444,0.8205128205128205,0.2339413260616371,0.6721633566943656
PONE2016_h3_target_North_America,3,North America,20260730,KELM_score_fusion,0.7581513137068693,0.7425057484630788,0.2802966691779787,0.6096866096866097,0.2962962962962963,0.9230769230769232,0.2081986360141605,0.6053359530164972
PONE2016_h3_target_North_America,3,North America,20260730,KELM_risk_feature,0.7622665400443178,0.7772046949845317,0.3677854753607876,0.629392212725546,0.2716049382716049,0.9871794871794872,0.2082952384659139,0.6034991295895848
PONE2016_h3_target_North_America,3,North America,20260730,Full_PBMSBAINGO,0.7511870845204178,0.7316896687293313,0.2415542913535388,0.5968660968660968,0.2962962962962963,0.8974358974358975,0.212077590853919,0.6140369650201799
PONE2016_h3_target_North_America,3,North America,20260730,Uncertainty_gated_fusion,0.7622665400443178,0.7772046949845317,0.3677854753607876,0.629392212725546,0.2716049382716049,0.9871794871794872,0.2082952384659139,0.6034991295895848
PONE2016_h3_target_North_America,3,North America,20260730,Full_random_search,0.7253877809433363,0.6665504147673726,0.051225790100788,0.51661918328585,0.1358024691358024,0.8974358974358975,0.2223160215558631,0.6436318115168037
PONE2016_h3_target_North_America,3,North America,20260730,Balanced_logistic,0.7757201646090535,0.8210429428354262,0.4167300599845326,0.6837606837606838,0.4444444444444444,0.9230769230769232,0.2020315582146705,0.5888620021054498
PONE2016_h1_target_Asia,1,Asia,20260731,HistGB,0.9396701388888888,0.9494823313405836,0.6460415830634638,0.8020833333333333,0.625,0.9791666666666666,0.1031382988368946,0.3404948699175872
PONE2016_h1_target_Asia,1,Asia,20260731,KELM_PBMSBAINGO,0.935763888888889,0.9434737229671488,0.6460415830634638,0.8020833333333333,0.625,0.9791666666666666,0.1098525564492823,0.3637912338341427
PONE2016_h1_target_Asia,1,Asia,20260731,KELM_score_fusion,0.935763888888889,0.9434737229671488,0.6460415830634638,0.8020833333333333,0.625,0.9791666666666666,0.1085128949722672,0.35986997551488
PONE2016_h1_target_Asia,1,Asia,20260731,KELM_risk_feature,0.9631076388888888,0.964630347665132,0.6798834181250946,0.8229166666666666,0.6666666666666666,0.9791666666666666,0.0851496456699381,0.2874635214747983
PONE2016_h1_target_Asia,1,Asia,20260731,Full_PBMSBAINGO,0.940972222222222,0.9519137340880336,0.4803844614152614,0.6875,0.375,1.0,0.1028371029942168,0.3394492170524449
PONE2016_h1_target_Asia,1,Asia,20260731,Uncertainty_gated_fusion,0.9631076388888888,0.964630347665132,0.6798834181250946,0.8229166666666666,0.6666666666666666,0.9791666666666666,0.0851496456699381,0.2874635214747983
PONE2016_h1_target_Asia,1,Asia,20260731,Full_random_search,0.94140625,0.9520760190604451,0.7315635209502899,0.8541666666666666,0.7291666666666666,0.9791666666666666,0.1028392350937427,0.3394024607107044
PONE2016_h1_target_Asia,1,Asia,20260731,Balanced_logistic,0.9440104166666666,0.9543744904577072,0.6798834181250946,0.8229166666666666,0.6666666666666666,0.9791666666666666,0.1023206683367922,0.3235760106814021
PONE2016_h1_target_Europe,1,Europe,20260731,HistGB,0.8808481532147743,0.8607584204467822,0.5493412588939887,0.7611491108071136,0.6046511627906976,0.9176470588235294,0.1498404627628348,0.4779763713993825
PONE2016_h1_target_Europe,1,Europe,20260731,KELM_PBMSBAINGO,0.9012311901504788,0.8653814362841508,0.5429642635740107,0.7439808481532149,0.5232558139534884,0.9647058823529412,0.1224500135819176,0.4201708220009251
PONE2016_h1_target_Europe,1,Europe,20260731,KELM_score_fusion,0.8808481532147743,0.8607584204467822,0.5493412588939887,0.7611491108071136,0.6046511627906976,0.9176470588235294,0.1498404627628348,0.4779763713993825
PONE2016_h1_target_Europe,1,Europe,20260731,KELM_risk_feature,0.8336525307797538,0.8115795562779562,0.544905859505164,0.7666894664842681,0.6627906976744186,0.8705882352941177,0.1786273631768078,0.5401182980971685
PONE2016_h1_target_Europe,1,Europe,20260731,Full_PBMSBAINGO,0.8722298221614228,0.824326043890062,0.5688040133844621,0.7783857729138166,0.6744186046511628,0.8823529411764706,0.1516134336460166,0.4881473459075525
PONE2016_h1_target_Europe,1,Europe,20260731,Uncertainty_gated_fusion,0.8336525307797538,0.8115795562779562,0.544905859505164,0.7666894664842681,0.6627906976744186,0.8705882352941177,0.1786273631768078,0.5401182980971685
PONE2016_h1_target_Europe,1,Europe,20260731,Full_random_search,0.8863201094391245,0.8583967786048966,0.5996978163327356,0.790218878248974,0.6627906976744186,0.9176470588235294,0.1451722407086862,0.4633920095643029
PONE2016_h1_target_Europe,1,Europe,20260731,Balanced_logistic,0.8859097127222983,0.8789238152502963,0.5035262172575005,0.7149794801641587,0.4534883720930232,0.976470588235294,0.1335267507778348,0.4849476302041786
PONE2016_h1_target_North_America,1,North America,20260731,HistGB,0.9073871409028728,0.9192924561283295,0.6397337567110021,0.8189466484268126,0.7790697674418605,0.8588235294117647,0.1380057893140534,0.4358467176219614
PONE2016_h1_target_North_America,1,North America,20260731,KELM_PBMSBAINGO,0.8950752393980848,0.9038343175860408,0.7009081464943616,0.8482900136798905,0.7906976744186046,0.9058823529411764,0.1237287535563836,0.4096128703589874
PONE2016_h1_target_North_America,1,North America,20260731,KELM_score_fusion,0.8950752393980848,0.9038343175860408,0.7009081464943616,0.8482900136798905,0.7906976744186046,0.9058823529411764,0.1232535404893508,0.4067388752396615
PONE2016_h1_target_North_America,1,North America,20260731,KELM_risk_feature,0.8309849521203829,0.7898663117528492,0.6397337567110021,0.8189466484268126,0.7790697674418605,0.8588235294117647,0.2103079827511307,0.641065215262873
PONE2016_h1_target_North_America,1,North America,20260731,Full_PBMSBAINGO,0.9087551299589602,0.9227292555621048,0.6508581271053144,0.8247606019151846,0.7906976744186046,0.8588235294117647,0.1368824868270161,0.4318096165771851
PONE2016_h1_target_North_America,1,North America,20260731,Uncertainty_gated_fusion,0.9087551299589602,0.9227292555621048,0.6508581271053144,0.8247606019151846,0.7906976744186046,0.8588235294117647,0.1368824868270161,0.4318096165771851
PONE2016_h1_target_North_America,1,North America,20260731,Full_random_search,0.9031463748290014,0.9123558375868592,0.6274173647348408,0.8130642954856362,0.7790697674418605,0.8470588235294118,0.137109795428376,0.4324016839433675
PONE2016_h1_target_North_America,1,North America,20260731,Balanced_logistic,0.8811217510259918,0.9134370704739888,0.6628442637111425,0.8138166894664842,0.6511627906976745,0.976470588235294,0.1361765994251453,0.4761766750967566
PONE2016_h2_target_Asia,2,Asia,20260731,HistGB,0.8546006944444444,0.8322420966926936,0.5843389347222367,0.78125,0.6458333333333334,0.9166666666666666,0.1657008508261986,0.5129137304205235
PONE2016_h2_target_Asia,2,Asia,20260731,KELM_PBMSBAINGO,0.83203125,0.8504319411846936,0.3216337604513384,0.59375,0.1875,1.0,0.2051637470781469,0.5999160962816155
PONE2016_h2_target_Asia,2,Asia,20260731,KELM_score_fusion,0.83203125,0.8504319411846936,0.3216337604513384,0.59375,0.1875,1.0,0.2034961181834642,0.5962079485674053
PONE2016_h2_target_Asia,2,Asia,20260731,KELM_risk_feature,0.8975694444444444,0.8929996499652968,0.5156879540323449,0.7291666666666667,0.5,0.9583333333333334,0.1755081497778687,0.5369158983485668
PONE2016_h2_target_Asia,2,Asia,20260731,Full_PBMSBAINGO,0.8854166666666667,0.8840528935199237,0.6206848285854079,0.8020833333333333,0.6875,0.9166666666666666,0.1589151121834086,0.4995208702712594
PONE2016_h2_target_Asia,2,Asia,20260731,Uncertainty_gated_fusion,0.8975694444444444,0.8929996499652968,0.5156879540323449,0.7291666666666667,0.5,0.9583333333333334,0.1755081497778687,0.5369158983485668
PONE2016_h2_target_Asia,2,Asia,20260731,Full_random_search,0.8763020833333334,0.8566029007257868,0.5655768198008957,0.78125,0.7291666666666666,0.8333333333333334,0.1408918496277785,0.4394053086088545
PONE2016_h2_target_Asia,2,Asia,20260731,Balanced_logistic,0.9144965277777776,0.9124399524683342,0.6493659782899173,0.8229166666666667,0.7708333333333334,0.875,0.2190746762317519,0.6304146150301188
PONE2016_h2_target_Europe,2,Europe,20260731,HistGB,0.7586867305061559,0.7659263943051273,0.4333687592941463,0.6971272229822161,0.4883720930232558,0.9058823529411764,0.2031484278929452,0.5928567766779367
PONE2016_h2_target_Europe,2,Europe,20260731,KELM_PBMSBAINGO,0.8046511627906977,0.7883174048877771,0.4947233031672439,0.7263337893296854,0.5232558139534884,0.9294117647058824,0.1959116148574529,0.6966959129288366
PONE2016_h2_target_Europe,2,Europe,20260731,KELM_score_fusion,0.8046511627906977,0.7883174048877771,0.4947233031672439,0.7263337893296854,0.5232558139534884,0.9294117647058824,0.1957933982170926,0.6938680598669034
PONE2016_h2_target_Europe,2,Europe,20260731,KELM_risk_feature,0.8046511627906977,0.8288271509261003,0.4796829778446658,0.7261285909712722,0.5581395348837209,0.8941176470588236,0.1859175502346445,0.5491606666275664
PONE2016_h2_target_Europe,2,Europe,20260731,Full_PBMSBAINGO,0.8025991792065663,0.8214014752439345,0.4691573663761896,0.7146374829001367,0.5116279069767442,0.9176470588235294,0.1944951017243313,0.5671915339064411
PONE2016_h2_target_Europe,2,Europe,20260731,Uncertainty_gated_fusion,0.8046511627906977,0.8288271509261003,0.4796829778446658,0.7261285909712722,0.5581395348837209,0.8941176470588236,0.1859175502346445,0.5491606666275664
PONE2016_h2_target_Europe,2,Europe,20260731,Full_random_search,0.7582763337893297,0.7430827110987742,0.4388466419635192,0.6971956224350205,0.4767441860465116,0.9176470588235294,0.2065362694315992,0.6038434561711022
PONE2016_h2_target_Europe,2,Europe,20260731,Balanced_logistic,0.8034199726402189,0.7869736092025974,0.4513972721892684,0.6973324213406292,0.4534883720930232,0.9411764705882352,0.1842761516432651,0.6119615702880244
PONE2016_h2_target_North_America,2,North America,20260731,HistGB,0.8588640275387264,0.8572195571594456,0.4869825130371185,0.7427567412507171,0.7023809523809523,0.7831325301204819,0.1666717408440504,0.5075168862349643
PONE2016_h2_target_North_America,2,North America,20260731,KELM_PBMSBAINGO,0.8390705679862306,0.8391774480133162,0.4437944798293849,0.6843086632243258,0.4047619047619047,0.963855421686747,0.1737256967025272,0.5194924387502152
PONE2016_h2_target_North_America,2,North America,20260731,KELM_score_fusion,0.8390705679862306,0.8391774480133162,0.4437944798293849,0.6843086632243258,0.4047619047619047,0.963855421686747,0.1734377484172308,0.51810780916169
PONE2016_h2_target_North_America,2,North America,20260731,KELM_risk_feature,0.882960413080895,0.8971471896704205,0.6502530582025992,0.8208548479632818,0.7380952380952381,0.9036144578313252,0.141699081430011,0.4387113086828312
PONE2016_h2_target_North_America,2,North America,20260731,Full_PBMSBAINGO,0.8714859437751002,0.8705633792149243,0.5387427707132912,0.7554503729202524,0.5952380952380952,0.9156626506024096,0.1624401909714874,0.5129038492495439
PONE2016_h2_target_North_America,2,North America,20260731,Uncertainty_gated_fusion,0.882960413080895,0.8971471896704205,0.6502530582025992,0.8208548479632818,0.7380952380952381,0.9036144578313252,0.141699081430011,0.4387113086828312
PONE2016_h2_target_North_America,2,North America,20260731,Full_random_search,0.8346242111302352,0.8203179809426902,0.2976016332691595,0.612736660929432,0.2857142857142857,0.9397590361445785,0.1642500742666084,0.5002915203963012
PONE2016_h2_target_North_America,2,North America,20260731,Balanced_logistic,0.8073723465289729,0.8534941456966716,0.4841527384287163,0.731425702811245,0.5833333333333334,0.8795180722891566,0.1786813389158996,0.5959567668017041
PONE2016_h3_target_Asia,3,Asia,20260731,HistGB,0.833648393194707,0.8355040774194233,0.4369259473273602,0.7065217391304348,0.5434782608695652,0.8695652173913043,0.1763889987783558,0.5364223499824375
PONE2016_h3_target_Asia,3,Asia,20260731,KELM_PBMSBAINGO,0.9045368620037808,0.913093206838092,0.6119004722841044,0.7934782608695652,0.6521739130434783,0.9347826086956522,0.1416863048250336,0.4391069056167314
PONE2016_h3_target_Asia,3,Asia,20260731,KELM_score_fusion,0.9045368620037808,0.913093206838092,0.6119004722841044,0.7934782608695652,0.6521739130434783,0.9347826086956522,0.1399662230129352,0.4343632629784191
PONE2016_h3_target_Asia,3,Asia,20260731,KELM_risk_feature,0.8757088846880908,0.8833271237887915,0.6779297261030779,0.8369565217391304,0.782608695652174,0.8913043478260869,0.1771432781022645,0.534204906939423
PONE2016_h3_target_Asia,3,Asia,20260731,Full_PBMSBAINGO,0.8686200378071833,0.8495942661050477,0.5029801193667996,0.75,0.6956521739130435,0.8043478260869565,0.1506227609415051,0.4708087979485669
PONE2016_h3_target_Asia,3,Asia,20260731,Uncertainty_gated_fusion,0.8757088846880908,0.8833271237887915,0.6779297261030779,0.8369565217391304,0.782608695652174,0.8913043478260869,0.1771432781022645,0.534204906939423
PONE2016_h3_target_Asia,3,Asia,20260731,Full_random_search,0.8577504725897921,0.855438889236204,0.4415107856883479,0.7173913043478262,0.6304347826086957,0.8043478260869565,0.1606522491277381,0.495740647292597
PONE2016_h3_target_Asia,3,Asia,20260731,Balanced_logistic,0.8563327032136107,0.8712030268600253,0.5597170785495562,0.7717391304347826,0.8913043478260869,0.6521739130434783,0.1955782765100358,0.5775951833113209
PONE2016_h3_target_Europe,3,Europe,20260731,HistGB,0.7042915931804822,0.6782673122876944,0.2240249365093635,0.5875220458553791,0.2738095238095238,0.9012345679012346,0.225475287988643,0.6429027879985254
PONE2016_h3_target_Europe,3,Europe,20260731,KELM_PBMSBAINGO,0.7000293944738389,0.7467320042974827,0.3057492304804414,0.6179453262786596,0.2976190476190476,0.9382716049382716,0.2212402674454457,0.629918584671535
PONE2016_h3_target_Europe,3,Europe,20260731,KELM_score_fusion,0.7000293944738389,0.7467320042974827,0.3057492304804414,0.6179453262786596,0.2976190476190476,0.9382716049382716,0.2203114348489324,0.6271199730917393
PONE2016_h3_target_Europe,3,Europe,20260731,KELM_risk_feature,0.6959141681363904,0.6717353554037675,0.2474641128818744,0.6102292768959435,0.3809523809523809,0.8395061728395061,0.2259693013425858,0.6440875178037718
PONE2016_h3_target_Europe,3,Europe,20260731,Full_PBMSBAINGO,0.7031158142269254,0.6846606169346559,0.2057143836152649,0.5813492063492063,0.2738095238095238,0.8888888888888888,0.2256713616448394,0.6434758596477552
PONE2016_h3_target_Europe,3,Europe,20260731,Uncertainty_gated_fusion,0.6959141681363904,0.6717353554037675,0.2474641128818744,0.6102292768959435,0.3809523809523809,0.8395061728395061,0.2259693013425858,0.6440875178037718
PONE2016_h3_target_Europe,3,Europe,20260731,Full_random_search,0.699294532627866,0.6911317278439255,0.2057143836152649,0.5813492063492063,0.2738095238095238,0.8888888888888888,0.2257354855438335,0.6437394597475454
PONE2016_h3_target_Europe,3,Europe,20260731,Balanced_logistic,0.7091416813639035,0.7118554167414453,0.3353540843402062,0.652336860670194,0.4404761904761904,0.8641975308641975,0.2157679125424065,0.6611578058351401
PONE2016_h3_target_North_America,3,North America,20260731,HistGB,0.7581513137068693,0.7425057484630788,0.2802966691779787,0.6096866096866097,0.2962962962962963,0.9230769230769232,0.2081986360141605,0.6053359530164972
PONE2016_h3_target_North_America,3,North America,20260731,KELM_PBMSBAINGO,0.7780943336498892,0.8162718030634761,0.4302555847219003,0.6783000949667617,0.3950617283950617,0.9615384615384616,0.1957389506067658,0.5779545792523921
PONE2016_h3_target_North_America,3,North America,20260731,KELM_score_fusion,0.7780943336498892,0.8162718030634761,0.4302555847219003,0.6783000949667617,0.3950617283950617,0.9615384615384616,0.1945478110522028,0.5743347881005619
PONE2016_h3_target_North_America,3,North America,20260731,KELM_risk_feature,0.756093700538145,0.7757237223019812,0.3203654967988298,0.6106362773029439,0.2469135802469135,0.9743589743589745,0.2119490364383209,0.6267612646025764
PONE2016_h3_target_North_America,3,North America,20260731,Full_PBMSBAINGO,0.7546691991136435,0.6889277292879623,0.1889540056899459,0.5664767331433999,0.2098765432098765,0.9230769230769232,0.2107609815075112,0.6109776039446839
PONE2016_h3_target_North_America,3,North America,20260731,Uncertainty_gated_fusion,0.756093700538145,0.7757237223019812,0.3203654967988298,0.6106362773029439,0.2469135802469135,0.9743589743589745,0.2119490364383209,0.6267612646025764
PONE2016_h3_target_North_America,3,North America,20260731,Full_random_search,0.7606837606837605,0.705813910239594,0.1381834009797528,0.5477207977207977,0.1851851851851851,0.9102564102564102,0.2090418801274414,0.6117344787356482
PONE2016_h3_target_North_America,3,North America,20260731,Balanced_logistic,0.7757201646090535,0.8210429428354262,0.4167300599845326,0.6837606837606838,0.4444444444444444,0.9230769230769232,0.2020315582146705,0.5888620021054498
