metric,method,average_rank,n_blocks
ap,PBMSBAINGO-HGBKELM(Triad-mode),1.0,5
ap,HistGB,2.0,5
ap,PBMSBAINGO-HGBKELM(F2-mode),3.6,5
ap,PBMSBAINGO-HGBKELM(MCC-guarded),3.8,5
ap,PBMSBAINGO-HGBKELM(Sensitivity-mode),4.6,5
ap,EasyEnsemble,6.4,5
ap,RF_balanced,6.6,5
ap,BalancedRF,8.0,5
ap,ExtraTrees_balanced,9.8,5
ap,LR_balanced,10.4,5
ap,MSBAINGO-KELM,12.0,5
ap,PBMSBAINGO-KELM,12.4,5
ap,BAINGO-KELM,12.6,5
ap,TIS_NGO-KELM,13.2,5
ap,NGO-KELM,14.4,5
ap,INGO-KELM,15.2,5
f2,PBMSBAINGO-HGBKELM(Triad-mode),1.0,5
f2,PBMSBAINGO-HGBKELM(Sensitivity-mode),2.6,5
f2,PBMSBAINGO-HGBKELM(F2-mode),3.2,5
f2,PBMSBAINGO-HGBKELM(MCC-guarded),4.0,5
f2,HistGB,4.2,5
f2,EasyEnsemble,6.2,5
f2,RF_balanced,6.8,5
f2,BalancedRF,8.0,5
f2,ExtraTrees_balanced,10.6,5
f2,LR_balanced,11.2,5
f2,MSBAINGO-KELM,11.6,5
f2,BAINGO-KELM,11.8,5
f2,NGO-KELM,13.4,5
f2,PBMSBAINGO-KELM,13.4,5
f2,TIS_NGO-KELM,13.8,5
f2,INGO-KELM,14.2,5
gmean,PBMSBAINGO-HGBKELM(Triad-mode),1.0,5
gmean,PBMSBAINGO-HGBKELM(Sensitivity-mode),2.0,5
gmean,PBMSBAINGO-HGBKELM(F2-mode),3.2,5
gmean,HistGB,5.0,5
gmean,PBMSBAINGO-HGBKELM(MCC-guarded),5.4,5
gmean,EasyEnsemble,5.6,5
gmean,RF_balanced,7.0,5
gmean,BalancedRF,7.4,5
gmean,ExtraTrees_balanced,10.4,5
gmean,LR_balanced,11.0,5
gmean,NGO-KELM,11.6,5
gmean,BAINGO-KELM,12.0,5
gmean,MSBAINGO-KELM,12.4,5
gmean,INGO-KELM,13.0,5
gmean,PBMSBAINGO-KELM,14.2,5
gmean,TIS_NGO-KELM,14.8,5
mcc,PBMSBAINGO-HGBKELM(Triad-mode),1.0,5
mcc,PBMSBAINGO-HGBKELM(MCC-guarded),2.4,5
mcc,HistGB,2.6,5
mcc,PBMSBAINGO-HGBKELM(F2-mode),4.0,5
mcc,PBMSBAINGO-HGBKELM(Sensitivity-mode),5.0,5
mcc,EasyEnsemble,6.0,5
mcc,RF_balanced,7.0,5
mcc,BalancedRF,8.0,5
mcc,ExtraTrees_balanced,10.8,5
mcc,BAINGO-KELM,11.2,5
mcc,LR_balanced,11.2,5
mcc,MSBAINGO-KELM,11.6,5
mcc,PBMSBAINGO-KELM,12.2,5
mcc,TIS_NGO-KELM,13.4,5
mcc,INGO-KELM,14.8,5
mcc,NGO-KELM,14.8,5
precision,PBMSBAINGO-HGBKELM(MCC-guarded),1.6,5
precision,HistGB,2.0,5
precision,PBMSBAINGO-HGBKELM(Triad-mode),3.0,5
precision,PBMSBAINGO-HGBKELM(F2-mode),3.4,5
precision,PBMSBAINGO-HGBKELM(Sensitivity-mode),5.0,5
precision,EasyEnsemble,6.0,5
precision,RF_balanced,7.4,5
precision,BalancedRF,8.4,5
precision,PBMSBAINGO-KELM,10.4,5
precision,BAINGO-KELM,11.2,5
precision,TIS_NGO-KELM,11.2,5
precision,ExtraTrees_balanced,11.6,5
precision,MSBAINGO-KELM,11.6,5
precision,LR_balanced,12.4,5
precision,INGO-KELM,15.2,5
precision,NGO-KELM,15.6,5
sensitivity,PBMSBAINGO-HGBKELM(Triad-mode),1.2,5
sensitivity,PBMSBAINGO-HGBKELM(Sensitivity-mode),2.2,5
sensitivity,PBMSBAINGO-HGBKELM(F2-mode),5.0,5
sensitivity,BalancedRF,6.0,5
sensitivity,EasyEnsemble,6.2,5
sensitivity,RF_balanced,6.4,5
sensitivity,HistGB,7.6,5
sensitivity,LR_balanced,7.6,5
sensitivity,PBMSBAINGO-HGBKELM(MCC-guarded),9.2,5
sensitivity,ExtraTrees_balanced,9.5,5
sensitivity,NGO-KELM,10.4,5
sensitivity,INGO-KELM,11.9,5
sensitivity,BAINGO-KELM,12.0,5
sensitivity,MSBAINGO-KELM,12.4,5
sensitivity,TIS_NGO-KELM,14.0,5
sensitivity,PBMSBAINGO-KELM,14.4,5
specificity,PBMSBAINGO-HGBKELM(MCC-guarded),1.4,5
specificity,HistGB,2.2,5
specificity,PBMSBAINGO-HGBKELM(Triad-mode),3.2,5
specificity,PBMSBAINGO-HGBKELM(F2-mode),3.4,5
specificity,PBMSBAINGO-HGBKELM(Sensitivity-mode),5.6,5
specificity,EasyEnsemble,6.4,5
specificity,RF_balanced,7.8,5
specificity,TIS_NGO-KELM,8.6,5
specificity,BalancedRF,9.0,5
specificity,BAINGO-KELM,10.6,5
specificity,PBMSBAINGO-KELM,10.6,5
specificity,MSBAINGO-KELM,11.8,5
specificity,ExtraTrees_balanced,12.2,5
specificity,NGO-KELM,14.0,5
specificity,INGO-KELM,14.4,5
specificity,LR_balanced,14.8,5
triad_score,PBMSBAINGO-HGBKELM(Triad-mode),1.0,5
triad_score,PBMSBAINGO-HGBKELM(Sensitivity-mode),2.8,5
triad_score,PBMSBAINGO-HGBKELM(F2-mode),3.6,5
triad_score,HistGB,3.8,5
triad_score,PBMSBAINGO-HGBKELM(MCC-guarded),3.8,5
triad_score,EasyEnsemble,6.0,5
triad_score,RF_balanced,7.0,5
triad_score,BalancedRF,8.0,5
triad_score,ExtraTrees_balanced,10.2,5
triad_score,LR_balanced,11.2,5
triad_score,MSBAINGO-KELM,11.6,5
triad_score,BAINGO-KELM,12.0,5
triad_score,PBMSBAINGO-KELM,13.2,5
triad_score,NGO-KELM,13.8,5
triad_score,TIS_NGO-KELM,13.8,5
triad_score,INGO-KELM,14.2,5
