metric,method_a,method_b,rank_a,rank_b,rank_diff,critical_difference,significant
ap,PBMSBAINGO-HGBKELM(Triad-mode),INGO-KELM,1.0,15.2,14.2,10.316121029759566,True
ap,PBMSBAINGO-HGBKELM(Triad-mode),NGO-KELM,1.0,14.4,13.4,10.316121029759566,True
ap,HistGB,INGO-KELM,2.0,15.2,13.2,10.316121029759566,True
ap,HistGB,NGO-KELM,2.0,14.4,12.4,10.316121029759566,True
ap,PBMSBAINGO-HGBKELM(Triad-mode),TIS_NGO-KELM,1.0,13.2,12.2,10.316121029759566,True
ap,PBMSBAINGO-HGBKELM(Triad-mode),BAINGO-KELM,1.0,12.6,11.6,10.316121029759566,True
ap,PBMSBAINGO-HGBKELM(F2-mode),INGO-KELM,3.6,15.2,11.6,10.316121029759566,True
ap,PBMSBAINGO-HGBKELM(Triad-mode),PBMSBAINGO-KELM,1.0,12.4,11.4,10.316121029759566,True
ap,PBMSBAINGO-HGBKELM(MCC-guarded),INGO-KELM,3.8,15.2,11.399999999999999,10.316121029759566,True
ap,HistGB,TIS_NGO-KELM,2.0,13.2,11.2,10.316121029759566,True
ap,PBMSBAINGO-HGBKELM(Triad-mode),MSBAINGO-KELM,1.0,12.0,11.0,10.316121029759566,True
ap,PBMSBAINGO-HGBKELM(F2-mode),NGO-KELM,3.6,14.4,10.8,10.316121029759566,True
ap,PBMSBAINGO-HGBKELM(MCC-guarded),NGO-KELM,3.8,14.4,10.600000000000001,10.316121029759566,True
ap,HistGB,BAINGO-KELM,2.0,12.6,10.6,10.316121029759566,True
ap,PBMSBAINGO-HGBKELM(Sensitivity-mode),INGO-KELM,4.6,15.2,10.6,10.316121029759566,True
ap,HistGB,PBMSBAINGO-KELM,2.0,12.4,10.4,10.316121029759566,True
ap,HistGB,MSBAINGO-KELM,2.0,12.0,10.0,10.316121029759566,False
ap,PBMSBAINGO-HGBKELM(Sensitivity-mode),NGO-KELM,4.6,14.4,9.8,10.316121029759566,False
ap,PBMSBAINGO-HGBKELM(F2-mode),TIS_NGO-KELM,3.6,13.2,9.6,10.316121029759566,False
ap,PBMSBAINGO-HGBKELM(Triad-mode),LR_balanced,1.0,10.4,9.4,10.316121029759566,False
ap,PBMSBAINGO-HGBKELM(MCC-guarded),TIS_NGO-KELM,3.8,13.2,9.399999999999999,10.316121029759566,False
ap,PBMSBAINGO-HGBKELM(F2-mode),BAINGO-KELM,3.6,12.6,9.0,10.316121029759566,False
ap,PBMSBAINGO-HGBKELM(Triad-mode),ExtraTrees_balanced,1.0,9.8,8.8,10.316121029759566,False
ap,PBMSBAINGO-HGBKELM(F2-mode),PBMSBAINGO-KELM,3.6,12.4,8.8,10.316121029759566,False
ap,PBMSBAINGO-HGBKELM(MCC-guarded),BAINGO-KELM,3.8,12.6,8.8,10.316121029759566,False
ap,EasyEnsemble,INGO-KELM,6.4,15.2,8.799999999999999,10.316121029759566,False
ap,PBMSBAINGO-HGBKELM(MCC-guarded),PBMSBAINGO-KELM,3.8,12.4,8.600000000000001,10.316121029759566,False
ap,PBMSBAINGO-HGBKELM(Sensitivity-mode),TIS_NGO-KELM,4.6,13.2,8.6,10.316121029759566,False
ap,RF_balanced,INGO-KELM,6.6,15.2,8.6,10.316121029759566,False
ap,HistGB,LR_balanced,2.0,10.4,8.4,10.316121029759566,False
ap,PBMSBAINGO-HGBKELM(F2-mode),MSBAINGO-KELM,3.6,12.0,8.4,10.316121029759566,False
ap,PBMSBAINGO-HGBKELM(MCC-guarded),MSBAINGO-KELM,3.8,12.0,8.2,10.316121029759566,False
ap,PBMSBAINGO-HGBKELM(Sensitivity-mode),BAINGO-KELM,4.6,12.6,8.0,10.316121029759566,False
ap,EasyEnsemble,NGO-KELM,6.4,14.4,8.0,10.316121029759566,False
ap,HistGB,ExtraTrees_balanced,2.0,9.8,7.800000000000001,10.316121029759566,False
ap,PBMSBAINGO-HGBKELM(Sensitivity-mode),PBMSBAINGO-KELM,4.6,12.4,7.800000000000001,10.316121029759566,False
ap,RF_balanced,NGO-KELM,6.6,14.4,7.800000000000001,10.316121029759566,False
ap,PBMSBAINGO-HGBKELM(Sensitivity-mode),MSBAINGO-KELM,4.6,12.0,7.4,10.316121029759566,False
ap,BalancedRF,INGO-KELM,8.0,15.2,7.199999999999999,10.316121029759566,False
ap,PBMSBAINGO-HGBKELM(Triad-mode),BalancedRF,1.0,8.0,7.0,10.316121029759566,False
ap,PBMSBAINGO-HGBKELM(F2-mode),LR_balanced,3.6,10.4,6.800000000000001,10.316121029759566,False
ap,EasyEnsemble,TIS_NGO-KELM,6.4,13.2,6.799999999999999,10.316121029759566,False
ap,PBMSBAINGO-HGBKELM(MCC-guarded),LR_balanced,3.8,10.4,6.6000000000000005,10.316121029759566,False
ap,RF_balanced,TIS_NGO-KELM,6.6,13.2,6.6,10.316121029759566,False
ap,BalancedRF,NGO-KELM,8.0,14.4,6.4,10.316121029759566,False
ap,PBMSBAINGO-HGBKELM(F2-mode),ExtraTrees_balanced,3.6,9.8,6.200000000000001,10.316121029759566,False
ap,EasyEnsemble,BAINGO-KELM,6.4,12.6,6.199999999999999,10.316121029759566,False
ap,PBMSBAINGO-HGBKELM(MCC-guarded),ExtraTrees_balanced,3.8,9.8,6.000000000000001,10.316121029759566,False
ap,HistGB,BalancedRF,2.0,8.0,6.0,10.316121029759566,False
ap,EasyEnsemble,PBMSBAINGO-KELM,6.4,12.4,6.0,10.316121029759566,False
ap,RF_balanced,BAINGO-KELM,6.6,12.6,6.0,10.316121029759566,False
ap,PBMSBAINGO-HGBKELM(Sensitivity-mode),LR_balanced,4.6,10.4,5.800000000000001,10.316121029759566,False
ap,RF_balanced,PBMSBAINGO-KELM,6.6,12.4,5.800000000000001,10.316121029759566,False
ap,PBMSBAINGO-HGBKELM(Triad-mode),RF_balanced,1.0,6.6,5.6,10.316121029759566,False
ap,EasyEnsemble,MSBAINGO-KELM,6.4,12.0,5.6,10.316121029759566,False
ap,PBMSBAINGO-HGBKELM(Triad-mode),EasyEnsemble,1.0,6.4,5.4,10.316121029759566,False
ap,RF_balanced,MSBAINGO-KELM,6.6,12.0,5.4,10.316121029759566,False
ap,ExtraTrees_balanced,INGO-KELM,9.8,15.2,5.399999999999999,10.316121029759566,False
ap,PBMSBAINGO-HGBKELM(Sensitivity-mode),ExtraTrees_balanced,4.6,9.8,5.200000000000001,10.316121029759566,False
ap,BalancedRF,TIS_NGO-KELM,8.0,13.2,5.199999999999999,10.316121029759566,False
ap,LR_balanced,INGO-KELM,10.4,15.2,4.799999999999999,10.316121029759566,False
ap,HistGB,RF_balanced,2.0,6.6,4.6,10.316121029759566,False
ap,BalancedRF,BAINGO-KELM,8.0,12.6,4.6,10.316121029759566,False
ap,ExtraTrees_balanced,NGO-KELM,9.8,14.4,4.6,10.316121029759566,False
ap,HistGB,EasyEnsemble,2.0,6.4,4.4,10.316121029759566,False
ap,PBMSBAINGO-HGBKELM(F2-mode),BalancedRF,3.6,8.0,4.4,10.316121029759566,False
ap,BalancedRF,PBMSBAINGO-KELM,8.0,12.4,4.4,10.316121029759566,False
ap,PBMSBAINGO-HGBKELM(MCC-guarded),BalancedRF,3.8,8.0,4.2,10.316121029759566,False
ap,EasyEnsemble,LR_balanced,6.4,10.4,4.0,10.316121029759566,False
ap,BalancedRF,MSBAINGO-KELM,8.0,12.0,4.0,10.316121029759566,False
ap,LR_balanced,NGO-KELM,10.4,14.4,4.0,10.316121029759566,False
ap,RF_balanced,LR_balanced,6.6,10.4,3.8000000000000007,10.316121029759566,False
ap,PBMSBAINGO-HGBKELM(Triad-mode),PBMSBAINGO-HGBKELM(Sensitivity-mode),1.0,4.6,3.5999999999999996,10.316121029759566,False
ap,PBMSBAINGO-HGBKELM(Sensitivity-mode),BalancedRF,4.6,8.0,3.4000000000000004,10.316121029759566,False
ap,EasyEnsemble,ExtraTrees_balanced,6.4,9.8,3.4000000000000004,10.316121029759566,False
ap,ExtraTrees_balanced,TIS_NGO-KELM,9.8,13.2,3.3999999999999986,10.316121029759566,False
ap,RF_balanced,ExtraTrees_balanced,6.6,9.8,3.200000000000001,10.316121029759566,False
ap,MSBAINGO-KELM,INGO-KELM,12.0,15.2,3.1999999999999993,10.316121029759566,False
ap,PBMSBAINGO-HGBKELM(F2-mode),RF_balanced,3.6,6.6,2.9999999999999996,10.316121029759566,False
ap,PBMSBAINGO-HGBKELM(F2-mode),EasyEnsemble,3.6,6.4,2.8000000000000003,10.316121029759566,False
ap,PBMSBAINGO-HGBKELM(Triad-mode),PBMSBAINGO-HGBKELM(MCC-guarded),1.0,3.8,2.8,10.316121029759566,False
ap,PBMSBAINGO-HGBKELM(MCC-guarded),RF_balanced,3.8,6.6,2.8,10.316121029759566,False
ap,ExtraTrees_balanced,BAINGO-KELM,9.8,12.6,2.799999999999999,10.316121029759566,False
ap,LR_balanced,TIS_NGO-KELM,10.4,13.2,2.799999999999999,10.316121029759566,False
ap,PBMSBAINGO-KELM,INGO-KELM,12.4,15.2,2.799999999999999,10.316121029759566,False
ap,PBMSBAINGO-HGBKELM(MCC-guarded),EasyEnsemble,3.8,6.4,2.6000000000000005,10.316121029759566,False
ap,PBMSBAINGO-HGBKELM(Triad-mode),PBMSBAINGO-HGBKELM(F2-mode),1.0,3.6,2.6,10.316121029759566,False
ap,HistGB,PBMSBAINGO-HGBKELM(Sensitivity-mode),2.0,4.6,2.5999999999999996,10.316121029759566,False
ap,ExtraTrees_balanced,PBMSBAINGO-KELM,9.8,12.4,2.5999999999999996,10.316121029759566,False
ap,BAINGO-KELM,INGO-KELM,12.6,15.2,2.5999999999999996,10.316121029759566,False
ap,BalancedRF,LR_balanced,8.0,10.4,2.4000000000000004,10.316121029759566,False
ap,MSBAINGO-KELM,NGO-KELM,12.0,14.4,2.4000000000000004,10.316121029759566,False
ap,ExtraTrees_balanced,MSBAINGO-KELM,9.8,12.0,2.1999999999999993,10.316121029759566,False
ap,LR_balanced,BAINGO-KELM,10.4,12.6,2.1999999999999993,10.316121029759566,False
ap,PBMSBAINGO-HGBKELM(Sensitivity-mode),RF_balanced,4.6,6.6,2.0,10.316121029759566,False
ap,LR_balanced,PBMSBAINGO-KELM,10.4,12.4,2.0,10.316121029759566,False
ap,PBMSBAINGO-KELM,NGO-KELM,12.4,14.4,2.0,10.316121029759566,False
ap,TIS_NGO-KELM,INGO-KELM,13.2,15.2,2.0,10.316121029759566,False
ap,PBMSBAINGO-HGBKELM(Sensitivity-mode),EasyEnsemble,4.6,6.4,1.8000000000000007,10.316121029759566,False
ap,BalancedRF,ExtraTrees_balanced,8.0,9.8,1.8000000000000007,10.316121029759566,False
ap,BAINGO-KELM,NGO-KELM,12.6,14.4,1.8000000000000007,10.316121029759566,False
ap,HistGB,PBMSBAINGO-HGBKELM(MCC-guarded),2.0,3.8,1.7999999999999998,10.316121029759566,False
ap,HistGB,PBMSBAINGO-HGBKELM(F2-mode),2.0,3.6,1.6,10.316121029759566,False
ap,EasyEnsemble,BalancedRF,6.4,8.0,1.5999999999999996,10.316121029759566,False
ap,LR_balanced,MSBAINGO-KELM,10.4,12.0,1.5999999999999996,10.316121029759566,False
ap,RF_balanced,BalancedRF,6.6,8.0,1.4000000000000004,10.316121029759566,False
ap,TIS_NGO-KELM,NGO-KELM,13.2,14.4,1.200000000000001,10.316121029759566,False
ap,MSBAINGO-KELM,TIS_NGO-KELM,12.0,13.2,1.1999999999999993,10.316121029759566,False
ap,PBMSBAINGO-HGBKELM(Triad-mode),HistGB,1.0,2.0,1.0,10.316121029759566,False
ap,PBMSBAINGO-HGBKELM(F2-mode),PBMSBAINGO-HGBKELM(Sensitivity-mode),3.6,4.6,0.9999999999999996,10.316121029759566,False
ap,PBMSBAINGO-HGBKELM(MCC-guarded),PBMSBAINGO-HGBKELM(Sensitivity-mode),3.8,4.6,0.7999999999999998,10.316121029759566,False
ap,PBMSBAINGO-KELM,TIS_NGO-KELM,12.4,13.2,0.7999999999999989,10.316121029759566,False
ap,NGO-KELM,INGO-KELM,14.4,15.2,0.7999999999999989,10.316121029759566,False
ap,ExtraTrees_balanced,LR_balanced,9.8,10.4,0.5999999999999996,10.316121029759566,False
ap,MSBAINGO-KELM,BAINGO-KELM,12.0,12.6,0.5999999999999996,10.316121029759566,False
ap,BAINGO-KELM,TIS_NGO-KELM,12.6,13.2,0.5999999999999996,10.316121029759566,False
ap,MSBAINGO-KELM,PBMSBAINGO-KELM,12.0,12.4,0.40000000000000036,10.316121029759566,False
ap,PBMSBAINGO-HGBKELM(F2-mode),PBMSBAINGO-HGBKELM(MCC-guarded),3.6,3.8,0.19999999999999973,10.316121029759566,False
ap,EasyEnsemble,RF_balanced,6.4,6.6,0.1999999999999993,10.316121029759566,False
ap,PBMSBAINGO-KELM,BAINGO-KELM,12.4,12.6,0.1999999999999993,10.316121029759566,False
f2,PBMSBAINGO-HGBKELM(Triad-mode),INGO-KELM,1.0,14.2,13.2,10.316121029759566,True
f2,PBMSBAINGO-HGBKELM(Triad-mode),TIS_NGO-KELM,1.0,13.8,12.8,10.316121029759566,True
f2,PBMSBAINGO-HGBKELM(Triad-mode),NGO-KELM,1.0,13.4,12.4,10.316121029759566,True
f2,PBMSBAINGO-HGBKELM(Triad-mode),PBMSBAINGO-KELM,1.0,13.4,12.4,10.316121029759566,True
f2,PBMSBAINGO-HGBKELM(Sensitivity-mode),INGO-KELM,2.6,14.2,11.6,10.316121029759566,True
f2,PBMSBAINGO-HGBKELM(Sensitivity-mode),TIS_NGO-KELM,2.6,13.8,11.200000000000001,10.316121029759566,True
f2,PBMSBAINGO-HGBKELM(F2-mode),INGO-KELM,3.2,14.2,11.0,10.316121029759566,True
f2,PBMSBAINGO-HGBKELM(Triad-mode),BAINGO-KELM,1.0,11.8,10.8,10.316121029759566,True
f2,PBMSBAINGO-HGBKELM(Sensitivity-mode),NGO-KELM,2.6,13.4,10.8,10.316121029759566,True
f2,PBMSBAINGO-HGBKELM(Sensitivity-mode),PBMSBAINGO-KELM,2.6,13.4,10.8,10.316121029759566,True
f2,PBMSBAINGO-HGBKELM(F2-mode),TIS_NGO-KELM,3.2,13.8,10.600000000000001,10.316121029759566,True
f2,PBMSBAINGO-HGBKELM(Triad-mode),MSBAINGO-KELM,1.0,11.6,10.6,10.316121029759566,True
f2,PBMSBAINGO-HGBKELM(Triad-mode),LR_balanced,1.0,11.2,10.2,10.316121029759566,False
f2,PBMSBAINGO-HGBKELM(F2-mode),NGO-KELM,3.2,13.4,10.2,10.316121029759566,False
f2,PBMSBAINGO-HGBKELM(F2-mode),PBMSBAINGO-KELM,3.2,13.4,10.2,10.316121029759566,False
f2,PBMSBAINGO-HGBKELM(MCC-guarded),INGO-KELM,4.0,14.2,10.2,10.316121029759566,False
f2,HistGB,INGO-KELM,4.2,14.2,10.0,10.316121029759566,False
f2,PBMSBAINGO-HGBKELM(MCC-guarded),TIS_NGO-KELM,4.0,13.8,9.8,10.316121029759566,False
f2,HistGB,TIS_NGO-KELM,4.2,13.8,9.600000000000001,10.316121029759566,False
f2,PBMSBAINGO-HGBKELM(Triad-mode),ExtraTrees_balanced,1.0,10.6,9.6,10.316121029759566,False
f2,PBMSBAINGO-HGBKELM(MCC-guarded),NGO-KELM,4.0,13.4,9.4,10.316121029759566,False
f2,PBMSBAINGO-HGBKELM(MCC-guarded),PBMSBAINGO-KELM,4.0,13.4,9.4,10.316121029759566,False
f2,PBMSBAINGO-HGBKELM(Sensitivity-mode),BAINGO-KELM,2.6,11.8,9.200000000000001,10.316121029759566,False
f2,HistGB,NGO-KELM,4.2,13.4,9.2,10.316121029759566,False
f2,HistGB,PBMSBAINGO-KELM,4.2,13.4,9.2,10.316121029759566,False
f2,PBMSBAINGO-HGBKELM(Sensitivity-mode),MSBAINGO-KELM,2.6,11.6,9.0,10.316121029759566,False
f2,PBMSBAINGO-HGBKELM(F2-mode),BAINGO-KELM,3.2,11.8,8.600000000000001,10.316121029759566,False
f2,PBMSBAINGO-HGBKELM(Sensitivity-mode),LR_balanced,2.6,11.2,8.6,10.316121029759566,False
f2,PBMSBAINGO-HGBKELM(F2-mode),MSBAINGO-KELM,3.2,11.6,8.399999999999999,10.316121029759566,False
f2,PBMSBAINGO-HGBKELM(Sensitivity-mode),ExtraTrees_balanced,2.6,10.6,8.0,10.316121029759566,False
f2,PBMSBAINGO-HGBKELM(F2-mode),LR_balanced,3.2,11.2,7.999999999999999,10.316121029759566,False
f2,EasyEnsemble,INGO-KELM,6.2,14.2,7.999999999999999,10.316121029759566,False
f2,PBMSBAINGO-HGBKELM(MCC-guarded),BAINGO-KELM,4.0,11.8,7.800000000000001,10.316121029759566,False
f2,HistGB,BAINGO-KELM,4.2,11.8,7.6000000000000005,10.316121029759566,False
f2,EasyEnsemble,TIS_NGO-KELM,6.2,13.8,7.6000000000000005,10.316121029759566,False
f2,PBMSBAINGO-HGBKELM(MCC-guarded),MSBAINGO-KELM,4.0,11.6,7.6,10.316121029759566,False
f2,PBMSBAINGO-HGBKELM(F2-mode),ExtraTrees_balanced,3.2,10.6,7.3999999999999995,10.316121029759566,False
f2,HistGB,MSBAINGO-KELM,4.2,11.6,7.3999999999999995,10.316121029759566,False
f2,RF_balanced,INGO-KELM,6.8,14.2,7.3999999999999995,10.316121029759566,False
f2,EasyEnsemble,NGO-KELM,6.2,13.4,7.2,10.316121029759566,False
f2,EasyEnsemble,PBMSBAINGO-KELM,6.2,13.4,7.2,10.316121029759566,False
f2,PBMSBAINGO-HGBKELM(MCC-guarded),LR_balanced,4.0,11.2,7.199999999999999,10.316121029759566,False
f2,RF_balanced,TIS_NGO-KELM,6.8,13.8,7.000000000000001,10.316121029759566,False
f2,PBMSBAINGO-HGBKELM(Triad-mode),BalancedRF,1.0,8.0,7.0,10.316121029759566,False
f2,HistGB,LR_balanced,4.2,11.2,6.999999999999999,10.316121029759566,False
f2,RF_balanced,NGO-KELM,6.8,13.4,6.6000000000000005,10.316121029759566,False
f2,RF_balanced,PBMSBAINGO-KELM,6.8,13.4,6.6000000000000005,10.316121029759566,False
f2,PBMSBAINGO-HGBKELM(MCC-guarded),ExtraTrees_balanced,4.0,10.6,6.6,10.316121029759566,False
f2,HistGB,ExtraTrees_balanced,4.2,10.6,6.3999999999999995,10.316121029759566,False
f2,BalancedRF,INGO-KELM,8.0,14.2,6.199999999999999,10.316121029759566,False
f2,BalancedRF,TIS_NGO-KELM,8.0,13.8,5.800000000000001,10.316121029759566,False
f2,PBMSBAINGO-HGBKELM(Triad-mode),RF_balanced,1.0,6.8,5.8,10.316121029759566,False
f2,EasyEnsemble,BAINGO-KELM,6.2,11.8,5.6000000000000005,10.316121029759566,False
f2,PBMSBAINGO-HGBKELM(Sensitivity-mode),BalancedRF,2.6,8.0,5.4,10.316121029759566,False
f2,BalancedRF,NGO-KELM,8.0,13.4,5.4,10.316121029759566,False
f2,BalancedRF,PBMSBAINGO-KELM,8.0,13.4,5.4,10.316121029759566,False
f2,EasyEnsemble,MSBAINGO-KELM,6.2,11.6,5.3999999999999995,10.316121029759566,False
f2,PBMSBAINGO-HGBKELM(Triad-mode),EasyEnsemble,1.0,6.2,5.2,10.316121029759566,False
f2,RF_balanced,BAINGO-KELM,6.8,11.8,5.000000000000001,10.316121029759566,False
f2,EasyEnsemble,LR_balanced,6.2,11.2,4.999999999999999,10.316121029759566,False
f2,PBMSBAINGO-HGBKELM(F2-mode),BalancedRF,3.2,8.0,4.8,10.316121029759566,False
f2,RF_balanced,MSBAINGO-KELM,6.8,11.6,4.8,10.316121029759566,False
f2,EasyEnsemble,ExtraTrees_balanced,6.2,10.6,4.3999999999999995,10.316121029759566,False
f2,RF_balanced,LR_balanced,6.8,11.2,4.3999999999999995,10.316121029759566,False
f2,PBMSBAINGO-HGBKELM(Sensitivity-mode),RF_balanced,2.6,6.8,4.199999999999999,10.316121029759566,False
f2,PBMSBAINGO-HGBKELM(MCC-guarded),BalancedRF,4.0,8.0,4.0,10.316121029759566,False
f2,BalancedRF,BAINGO-KELM,8.0,11.8,3.8000000000000007,10.316121029759566,False
f2,HistGB,BalancedRF,4.2,8.0,3.8,10.316121029759566,False
f2,RF_balanced,ExtraTrees_balanced,6.8,10.6,3.8,10.316121029759566,False
f2,PBMSBAINGO-HGBKELM(Sensitivity-mode),EasyEnsemble,2.6,6.2,3.6,10.316121029759566,False
f2,PBMSBAINGO-HGBKELM(F2-mode),RF_balanced,3.2,6.8,3.5999999999999996,10.316121029759566,False
f2,BalancedRF,MSBAINGO-KELM,8.0,11.6,3.5999999999999996,10.316121029759566,False
f2,ExtraTrees_balanced,INGO-KELM,10.6,14.2,3.5999999999999996,10.316121029759566,False
f2,ExtraTrees_balanced,TIS_NGO-KELM,10.6,13.8,3.200000000000001,10.316121029759566,False
f2,PBMSBAINGO-HGBKELM(Triad-mode),HistGB,1.0,4.2,3.2,10.316121029759566,False
f2,BalancedRF,LR_balanced,8.0,11.2,3.1999999999999993,10.316121029759566,False
f2,PBMSBAINGO-HGBKELM(Triad-mode),PBMSBAINGO-HGBKELM(MCC-guarded),1.0,4.0,3.0,10.316121029759566,False
f2,PBMSBAINGO-HGBKELM(F2-mode),EasyEnsemble,3.2,6.2,3.0,10.316121029759566,False
f2,LR_balanced,INGO-KELM,11.2,14.2,3.0,10.316121029759566,False
f2,ExtraTrees_balanced,NGO-KELM,10.6,13.4,2.8000000000000007,10.316121029759566,False
f2,ExtraTrees_balanced,PBMSBAINGO-KELM,10.6,13.4,2.8000000000000007,10.316121029759566,False
f2,PBMSBAINGO-HGBKELM(MCC-guarded),RF_balanced,4.0,6.8,2.8,10.316121029759566,False
f2,LR_balanced,TIS_NGO-KELM,11.2,13.8,2.6000000000000014,10.316121029759566,False
f2,HistGB,RF_balanced,4.2,6.8,2.5999999999999996,10.316121029759566,False
f2,BalancedRF,ExtraTrees_balanced,8.0,10.6,2.5999999999999996,10.316121029759566,False
f2,MSBAINGO-KELM,INGO-KELM,11.6,14.2,2.5999999999999996,10.316121029759566,False
f2,BAINGO-KELM,INGO-KELM,11.8,14.2,2.3999999999999986,10.316121029759566,False
f2,LR_balanced,NGO-KELM,11.2,13.4,2.200000000000001,10.316121029759566,False
f2,LR_balanced,PBMSBAINGO-KELM,11.2,13.4,2.200000000000001,10.316121029759566,False
f2,MSBAINGO-KELM,TIS_NGO-KELM,11.6,13.8,2.200000000000001,10.316121029759566,False
f2,PBMSBAINGO-HGBKELM(Triad-mode),PBMSBAINGO-HGBKELM(F2-mode),1.0,3.2,2.2,10.316121029759566,False
f2,PBMSBAINGO-HGBKELM(MCC-guarded),EasyEnsemble,4.0,6.2,2.2,10.316121029759566,False
f2,HistGB,EasyEnsemble,4.2,6.2,2.0,10.316121029759566,False
f2,BAINGO-KELM,TIS_NGO-KELM,11.8,13.8,2.0,10.316121029759566,False
f2,MSBAINGO-KELM,NGO-KELM,11.6,13.4,1.8000000000000007,10.316121029759566,False
f2,MSBAINGO-KELM,PBMSBAINGO-KELM,11.6,13.4,1.8000000000000007,10.316121029759566,False
f2,EasyEnsemble,BalancedRF,6.2,8.0,1.7999999999999998,10.316121029759566,False
f2,PBMSBAINGO-HGBKELM(Triad-mode),PBMSBAINGO-HGBKELM(Sensitivity-mode),1.0,2.6,1.6,10.316121029759566,False
f2,PBMSBAINGO-HGBKELM(Sensitivity-mode),HistGB,2.6,4.2,1.6,10.316121029759566,False
f2,BAINGO-KELM,NGO-KELM,11.8,13.4,1.5999999999999996,10.316121029759566,False
f2,BAINGO-KELM,PBMSBAINGO-KELM,11.8,13.4,1.5999999999999996,10.316121029759566,False
f2,PBMSBAINGO-HGBKELM(Sensitivity-mode),PBMSBAINGO-HGBKELM(MCC-guarded),2.6,4.0,1.4,10.316121029759566,False
f2,ExtraTrees_balanced,BAINGO-KELM,10.6,11.8,1.200000000000001,10.316121029759566,False
f2,RF_balanced,BalancedRF,6.8,8.0,1.2000000000000002,10.316121029759566,False
f2,PBMSBAINGO-HGBKELM(F2-mode),HistGB,3.2,4.2,1.0,10.316121029759566,False
f2,ExtraTrees_balanced,MSBAINGO-KELM,10.6,11.6,1.0,10.316121029759566,False
f2,PBMSBAINGO-HGBKELM(F2-mode),PBMSBAINGO-HGBKELM(MCC-guarded),3.2,4.0,0.7999999999999998,10.316121029759566,False
f2,NGO-KELM,INGO-KELM,13.4,14.2,0.7999999999999989,10.316121029759566,False
f2,PBMSBAINGO-KELM,INGO-KELM,13.4,14.2,0.7999999999999989,10.316121029759566,False
f2,LR_balanced,BAINGO-KELM,11.2,11.8,0.6000000000000014,10.316121029759566,False
f2,PBMSBAINGO-HGBKELM(Sensitivity-mode),PBMSBAINGO-HGBKELM(F2-mode),2.6,3.2,0.6000000000000001,10.316121029759566,False
f2,EasyEnsemble,RF_balanced,6.2,6.8,0.5999999999999996,10.316121029759566,False
f2,ExtraTrees_balanced,LR_balanced,10.6,11.2,0.5999999999999996,10.316121029759566,False
f2,LR_balanced,MSBAINGO-KELM,11.2,11.6,0.40000000000000036,10.316121029759566,False
f2,NGO-KELM,TIS_NGO-KELM,13.4,13.8,0.40000000000000036,10.316121029759566,False
f2,PBMSBAINGO-KELM,TIS_NGO-KELM,13.4,13.8,0.40000000000000036,10.316121029759566,False
f2,TIS_NGO-KELM,INGO-KELM,13.8,14.2,0.3999999999999986,10.316121029759566,False
f2,MSBAINGO-KELM,BAINGO-KELM,11.6,11.8,0.20000000000000107,10.316121029759566,False
f2,PBMSBAINGO-HGBKELM(MCC-guarded),HistGB,4.0,4.2,0.20000000000000018,10.316121029759566,False
f2,NGO-KELM,PBMSBAINGO-KELM,13.4,13.4,0.0,10.316121029759566,False
gmean,PBMSBAINGO-HGBKELM(Triad-mode),TIS_NGO-KELM,1.0,14.8,13.8,10.316121029759566,True
gmean,PBMSBAINGO-HGBKELM(Triad-mode),PBMSBAINGO-KELM,1.0,14.2,13.2,10.316121029759566,True
gmean,PBMSBAINGO-HGBKELM(Sensitivity-mode),TIS_NGO-KELM,2.0,14.8,12.8,10.316121029759566,True
gmean,PBMSBAINGO-HGBKELM(Sensitivity-mode),PBMSBAINGO-KELM,2.0,14.2,12.2,10.316121029759566,True
gmean,PBMSBAINGO-HGBKELM(Triad-mode),INGO-KELM,1.0,13.0,12.0,10.316121029759566,True
gmean,PBMSBAINGO-HGBKELM(F2-mode),TIS_NGO-KELM,3.2,14.8,11.600000000000001,10.316121029759566,True
gmean,PBMSBAINGO-HGBKELM(Triad-mode),MSBAINGO-KELM,1.0,12.4,11.4,10.316121029759566,True
gmean,PBMSBAINGO-HGBKELM(Triad-mode),BAINGO-KELM,1.0,12.0,11.0,10.316121029759566,True
gmean,PBMSBAINGO-HGBKELM(Sensitivity-mode),INGO-KELM,2.0,13.0,11.0,10.316121029759566,True
gmean,PBMSBAINGO-HGBKELM(F2-mode),PBMSBAINGO-KELM,3.2,14.2,11.0,10.316121029759566,True
gmean,PBMSBAINGO-HGBKELM(Triad-mode),NGO-KELM,1.0,11.6,10.6,10.316121029759566,True
gmean,PBMSBAINGO-HGBKELM(Sensitivity-mode),MSBAINGO-KELM,2.0,12.4,10.4,10.316121029759566,True
gmean,PBMSBAINGO-HGBKELM(Triad-mode),LR_balanced,1.0,11.0,10.0,10.316121029759566,False
gmean,PBMSBAINGO-HGBKELM(Sensitivity-mode),BAINGO-KELM,2.0,12.0,10.0,10.316121029759566,False
gmean,PBMSBAINGO-HGBKELM(F2-mode),INGO-KELM,3.2,13.0,9.8,10.316121029759566,False
gmean,HistGB,TIS_NGO-KELM,5.0,14.8,9.8,10.316121029759566,False
gmean,PBMSBAINGO-HGBKELM(Sensitivity-mode),NGO-KELM,2.0,11.6,9.6,10.316121029759566,False
gmean,PBMSBAINGO-HGBKELM(Triad-mode),ExtraTrees_balanced,1.0,10.4,9.4,10.316121029759566,False
gmean,PBMSBAINGO-HGBKELM(MCC-guarded),TIS_NGO-KELM,5.4,14.8,9.4,10.316121029759566,False
gmean,EasyEnsemble,TIS_NGO-KELM,5.6,14.8,9.200000000000001,10.316121029759566,False
gmean,PBMSBAINGO-HGBKELM(F2-mode),MSBAINGO-KELM,3.2,12.4,9.2,10.316121029759566,False
gmean,HistGB,PBMSBAINGO-KELM,5.0,14.2,9.2,10.316121029759566,False
gmean,PBMSBAINGO-HGBKELM(Sensitivity-mode),LR_balanced,2.0,11.0,9.0,10.316121029759566,False
gmean,PBMSBAINGO-HGBKELM(F2-mode),BAINGO-KELM,3.2,12.0,8.8,10.316121029759566,False
gmean,PBMSBAINGO-HGBKELM(MCC-guarded),PBMSBAINGO-KELM,5.4,14.2,8.799999999999999,10.316121029759566,False
gmean,EasyEnsemble,PBMSBAINGO-KELM,5.6,14.2,8.6,10.316121029759566,False
gmean,PBMSBAINGO-HGBKELM(Sensitivity-mode),ExtraTrees_balanced,2.0,10.4,8.4,10.316121029759566,False
gmean,PBMSBAINGO-HGBKELM(F2-mode),NGO-KELM,3.2,11.6,8.399999999999999,10.316121029759566,False
gmean,HistGB,INGO-KELM,5.0,13.0,8.0,10.316121029759566,False
gmean,RF_balanced,TIS_NGO-KELM,7.0,14.8,7.800000000000001,10.316121029759566,False
gmean,PBMSBAINGO-HGBKELM(F2-mode),LR_balanced,3.2,11.0,7.8,10.316121029759566,False
gmean,PBMSBAINGO-HGBKELM(MCC-guarded),INGO-KELM,5.4,13.0,7.6,10.316121029759566,False
gmean,HistGB,MSBAINGO-KELM,5.0,12.4,7.4,10.316121029759566,False
gmean,EasyEnsemble,INGO-KELM,5.6,13.0,7.4,10.316121029759566,False
gmean,BalancedRF,TIS_NGO-KELM,7.4,14.8,7.4,10.316121029759566,False
gmean,PBMSBAINGO-HGBKELM(F2-mode),ExtraTrees_balanced,3.2,10.4,7.2,10.316121029759566,False
gmean,RF_balanced,PBMSBAINGO-KELM,7.0,14.2,7.199999999999999,10.316121029759566,False
gmean,HistGB,BAINGO-KELM,5.0,12.0,7.0,10.316121029759566,False
gmean,PBMSBAINGO-HGBKELM(MCC-guarded),MSBAINGO-KELM,5.4,12.4,7.0,10.316121029759566,False
gmean,EasyEnsemble,MSBAINGO-KELM,5.6,12.4,6.800000000000001,10.316121029759566,False
gmean,BalancedRF,PBMSBAINGO-KELM,7.4,14.2,6.799999999999999,10.316121029759566,False
gmean,HistGB,NGO-KELM,5.0,11.6,6.6,10.316121029759566,False
gmean,PBMSBAINGO-HGBKELM(MCC-guarded),BAINGO-KELM,5.4,12.0,6.6,10.316121029759566,False
gmean,PBMSBAINGO-HGBKELM(Triad-mode),BalancedRF,1.0,7.4,6.4,10.316121029759566,False
gmean,EasyEnsemble,BAINGO-KELM,5.6,12.0,6.4,10.316121029759566,False
gmean,PBMSBAINGO-HGBKELM(MCC-guarded),NGO-KELM,5.4,11.6,6.199999999999999,10.316121029759566,False
gmean,PBMSBAINGO-HGBKELM(Triad-mode),RF_balanced,1.0,7.0,6.0,10.316121029759566,False
gmean,HistGB,LR_balanced,5.0,11.0,6.0,10.316121029759566,False
gmean,EasyEnsemble,NGO-KELM,5.6,11.6,6.0,10.316121029759566,False
gmean,RF_balanced,INGO-KELM,7.0,13.0,6.0,10.316121029759566,False
gmean,PBMSBAINGO-HGBKELM(MCC-guarded),LR_balanced,5.4,11.0,5.6,10.316121029759566,False
gmean,BalancedRF,INGO-KELM,7.4,13.0,5.6,10.316121029759566,False
gmean,PBMSBAINGO-HGBKELM(Sensitivity-mode),BalancedRF,2.0,7.4,5.4,10.316121029759566,False
gmean,HistGB,ExtraTrees_balanced,5.0,10.4,5.4,10.316121029759566,False
gmean,EasyEnsemble,LR_balanced,5.6,11.0,5.4,10.316121029759566,False
gmean,RF_balanced,MSBAINGO-KELM,7.0,12.4,5.4,10.316121029759566,False
gmean,PBMSBAINGO-HGBKELM(Sensitivity-mode),RF_balanced,2.0,7.0,5.0,10.316121029759566,False
gmean,PBMSBAINGO-HGBKELM(MCC-guarded),ExtraTrees_balanced,5.4,10.4,5.0,10.316121029759566,False
gmean,RF_balanced,BAINGO-KELM,7.0,12.0,5.0,10.316121029759566,False
gmean,BalancedRF,MSBAINGO-KELM,7.4,12.4,5.0,10.316121029759566,False
gmean,EasyEnsemble,ExtraTrees_balanced,5.6,10.4,4.800000000000001,10.316121029759566,False
gmean,PBMSBAINGO-HGBKELM(Triad-mode),EasyEnsemble,1.0,5.6,4.6,10.316121029759566,False
gmean,RF_balanced,NGO-KELM,7.0,11.6,4.6,10.316121029759566,False
gmean,BalancedRF,BAINGO-KELM,7.4,12.0,4.6,10.316121029759566,False
gmean,PBMSBAINGO-HGBKELM(Triad-mode),PBMSBAINGO-HGBKELM(MCC-guarded),1.0,5.4,4.4,10.316121029759566,False
gmean,ExtraTrees_balanced,TIS_NGO-KELM,10.4,14.8,4.4,10.316121029759566,False
gmean,PBMSBAINGO-HGBKELM(F2-mode),BalancedRF,3.2,7.4,4.2,10.316121029759566,False
gmean,BalancedRF,NGO-KELM,7.4,11.6,4.199999999999999,10.316121029759566,False
gmean,PBMSBAINGO-HGBKELM(Triad-mode),HistGB,1.0,5.0,4.0,10.316121029759566,False
gmean,RF_balanced,LR_balanced,7.0,11.0,4.0,10.316121029759566,False
gmean,LR_balanced,TIS_NGO-KELM,11.0,14.8,3.8000000000000007,10.316121029759566,False
gmean,PBMSBAINGO-HGBKELM(F2-mode),RF_balanced,3.2,7.0,3.8,10.316121029759566,False
gmean,ExtraTrees_balanced,PBMSBAINGO-KELM,10.4,14.2,3.799999999999999,10.316121029759566,False
gmean,PBMSBAINGO-HGBKELM(Sensitivity-mode),EasyEnsemble,2.0,5.6,3.5999999999999996,10.316121029759566,False
gmean,BalancedRF,LR_balanced,7.4,11.0,3.5999999999999996,10.316121029759566,False
gmean,PBMSBAINGO-HGBKELM(Sensitivity-mode),PBMSBAINGO-HGBKELM(MCC-guarded),2.0,5.4,3.4000000000000004,10.316121029759566,False
gmean,RF_balanced,ExtraTrees_balanced,7.0,10.4,3.4000000000000004,10.316121029759566,False
gmean,NGO-KELM,TIS_NGO-KELM,11.6,14.8,3.200000000000001,10.316121029759566,False
gmean,LR_balanced,PBMSBAINGO-KELM,11.0,14.2,3.1999999999999993,10.316121029759566,False
gmean,PBMSBAINGO-HGBKELM(Sensitivity-mode),HistGB,2.0,5.0,3.0,10.316121029759566,False
gmean,BalancedRF,ExtraTrees_balanced,7.4,10.4,3.0,10.316121029759566,False
gmean,BAINGO-KELM,TIS_NGO-KELM,12.0,14.8,2.8000000000000007,10.316121029759566,False
gmean,ExtraTrees_balanced,INGO-KELM,10.4,13.0,2.5999999999999996,10.316121029759566,False
gmean,NGO-KELM,PBMSBAINGO-KELM,11.6,14.2,2.5999999999999996,10.316121029759566,False
gmean,HistGB,BalancedRF,5.0,7.4,2.4000000000000004,10.316121029759566,False
gmean,MSBAINGO-KELM,TIS_NGO-KELM,12.4,14.8,2.4000000000000004,10.316121029759566,False
gmean,PBMSBAINGO-HGBKELM(F2-mode),EasyEnsemble,3.2,5.6,2.3999999999999995,10.316121029759566,False
gmean,PBMSBAINGO-HGBKELM(Triad-mode),PBMSBAINGO-HGBKELM(F2-mode),1.0,3.2,2.2,10.316121029759566,False
gmean,PBMSBAINGO-HGBKELM(F2-mode),PBMSBAINGO-HGBKELM(MCC-guarded),3.2,5.4,2.2,10.316121029759566,False
gmean,BAINGO-KELM,PBMSBAINGO-KELM,12.0,14.2,2.1999999999999993,10.316121029759566,False
gmean,HistGB,RF_balanced,5.0,7.0,2.0,10.316121029759566,False
gmean,PBMSBAINGO-HGBKELM(MCC-guarded),BalancedRF,5.4,7.4,2.0,10.316121029759566,False
gmean,ExtraTrees_balanced,MSBAINGO-KELM,10.4,12.4,2.0,10.316121029759566,False
gmean,LR_balanced,INGO-KELM,11.0,13.0,2.0,10.316121029759566,False
gmean,EasyEnsemble,BalancedRF,5.6,7.4,1.8000000000000007,10.316121029759566,False
gmean,INGO-KELM,TIS_NGO-KELM,13.0,14.8,1.8000000000000007,10.316121029759566,False
gmean,PBMSBAINGO-HGBKELM(F2-mode),HistGB,3.2,5.0,1.7999999999999998,10.316121029759566,False
gmean,MSBAINGO-KELM,PBMSBAINGO-KELM,12.4,14.2,1.799999999999999,10.316121029759566,False
gmean,PBMSBAINGO-HGBKELM(MCC-guarded),RF_balanced,5.4,7.0,1.5999999999999996,10.316121029759566,False
gmean,ExtraTrees_balanced,BAINGO-KELM,10.4,12.0,1.5999999999999996,10.316121029759566,False
gmean,EasyEnsemble,RF_balanced,5.6,7.0,1.4000000000000004,10.316121029759566,False
gmean,LR_balanced,MSBAINGO-KELM,11.0,12.4,1.4000000000000004,10.316121029759566,False
gmean,NGO-KELM,INGO-KELM,11.6,13.0,1.4000000000000004,10.316121029759566,False
gmean,PBMSBAINGO-HGBKELM(Sensitivity-mode),PBMSBAINGO-HGBKELM(F2-mode),2.0,3.2,1.2000000000000002,10.316121029759566,False
gmean,ExtraTrees_balanced,NGO-KELM,10.4,11.6,1.1999999999999993,10.316121029759566,False
gmean,INGO-KELM,PBMSBAINGO-KELM,13.0,14.2,1.1999999999999993,10.316121029759566,False
gmean,PBMSBAINGO-HGBKELM(Triad-mode),PBMSBAINGO-HGBKELM(Sensitivity-mode),1.0,2.0,1.0,10.316121029759566,False
gmean,LR_balanced,BAINGO-KELM,11.0,12.0,1.0,10.316121029759566,False
gmean,BAINGO-KELM,INGO-KELM,12.0,13.0,1.0,10.316121029759566,False
gmean,NGO-KELM,MSBAINGO-KELM,11.6,12.4,0.8000000000000007,10.316121029759566,False
gmean,PBMSBAINGO-KELM,TIS_NGO-KELM,14.2,14.8,0.6000000000000014,10.316121029759566,False
gmean,HistGB,EasyEnsemble,5.0,5.6,0.5999999999999996,10.316121029759566,False
gmean,ExtraTrees_balanced,LR_balanced,10.4,11.0,0.5999999999999996,10.316121029759566,False
gmean,LR_balanced,NGO-KELM,11.0,11.6,0.5999999999999996,10.316121029759566,False
gmean,MSBAINGO-KELM,INGO-KELM,12.4,13.0,0.5999999999999996,10.316121029759566,False
gmean,HistGB,PBMSBAINGO-HGBKELM(MCC-guarded),5.0,5.4,0.40000000000000036,10.316121029759566,False
gmean,RF_balanced,BalancedRF,7.0,7.4,0.40000000000000036,10.316121029759566,False
gmean,NGO-KELM,BAINGO-KELM,11.6,12.0,0.40000000000000036,10.316121029759566,False
gmean,BAINGO-KELM,MSBAINGO-KELM,12.0,12.4,0.40000000000000036,10.316121029759566,False
gmean,PBMSBAINGO-HGBKELM(MCC-guarded),EasyEnsemble,5.4,5.6,0.1999999999999993,10.316121029759566,False
mcc,PBMSBAINGO-HGBKELM(Triad-mode),INGO-KELM,1.0,14.8,13.8,10.316121029759566,True
mcc,PBMSBAINGO-HGBKELM(Triad-mode),NGO-KELM,1.0,14.8,13.8,10.316121029759566,True
mcc,PBMSBAINGO-HGBKELM(Triad-mode),TIS_NGO-KELM,1.0,13.4,12.4,10.316121029759566,True
mcc,PBMSBAINGO-HGBKELM(MCC-guarded),INGO-KELM,2.4,14.8,12.4,10.316121029759566,True
mcc,PBMSBAINGO-HGBKELM(MCC-guarded),NGO-KELM,2.4,14.8,12.4,10.316121029759566,True
mcc,HistGB,INGO-KELM,2.6,14.8,12.200000000000001,10.316121029759566,True
mcc,HistGB,NGO-KELM,2.6,14.8,12.200000000000001,10.316121029759566,True
mcc,PBMSBAINGO-HGBKELM(Triad-mode),PBMSBAINGO-KELM,1.0,12.2,11.2,10.316121029759566,True
mcc,PBMSBAINGO-HGBKELM(MCC-guarded),TIS_NGO-KELM,2.4,13.4,11.0,10.316121029759566,True
mcc,HistGB,TIS_NGO-KELM,2.6,13.4,10.8,10.316121029759566,True
mcc,PBMSBAINGO-HGBKELM(F2-mode),INGO-KELM,4.0,14.8,10.8,10.316121029759566,True
mcc,PBMSBAINGO-HGBKELM(F2-mode),NGO-KELM,4.0,14.8,10.8,10.316121029759566,True
mcc,PBMSBAINGO-HGBKELM(Triad-mode),MSBAINGO-KELM,1.0,11.6,10.6,10.316121029759566,True
mcc,PBMSBAINGO-HGBKELM(Triad-mode),BAINGO-KELM,1.0,11.2,10.2,10.316121029759566,False
mcc,PBMSBAINGO-HGBKELM(Triad-mode),LR_balanced,1.0,11.2,10.2,10.316121029759566,False
mcc,PBMSBAINGO-HGBKELM(Triad-mode),ExtraTrees_balanced,1.0,10.8,9.8,10.316121029759566,False
mcc,PBMSBAINGO-HGBKELM(Sensitivity-mode),INGO-KELM,5.0,14.8,9.8,10.316121029759566,False
mcc,PBMSBAINGO-HGBKELM(Sensitivity-mode),NGO-KELM,5.0,14.8,9.8,10.316121029759566,False
mcc,PBMSBAINGO-HGBKELM(MCC-guarded),PBMSBAINGO-KELM,2.4,12.2,9.799999999999999,10.316121029759566,False
mcc,HistGB,PBMSBAINGO-KELM,2.6,12.2,9.6,10.316121029759566,False
mcc,PBMSBAINGO-HGBKELM(F2-mode),TIS_NGO-KELM,4.0,13.4,9.4,10.316121029759566,False
mcc,PBMSBAINGO-HGBKELM(MCC-guarded),MSBAINGO-KELM,2.4,11.6,9.2,10.316121029759566,False
mcc,HistGB,MSBAINGO-KELM,2.6,11.6,9.0,10.316121029759566,False
mcc,EasyEnsemble,INGO-KELM,6.0,14.8,8.8,10.316121029759566,False
mcc,EasyEnsemble,NGO-KELM,6.0,14.8,8.8,10.316121029759566,False
mcc,PBMSBAINGO-HGBKELM(MCC-guarded),BAINGO-KELM,2.4,11.2,8.799999999999999,10.316121029759566,False
mcc,PBMSBAINGO-HGBKELM(MCC-guarded),LR_balanced,2.4,11.2,8.799999999999999,10.316121029759566,False
mcc,HistGB,BAINGO-KELM,2.6,11.2,8.6,10.316121029759566,False
mcc,HistGB,LR_balanced,2.6,11.2,8.6,10.316121029759566,False
mcc,PBMSBAINGO-HGBKELM(MCC-guarded),ExtraTrees_balanced,2.4,10.8,8.4,10.316121029759566,False
mcc,PBMSBAINGO-HGBKELM(Sensitivity-mode),TIS_NGO-KELM,5.0,13.4,8.4,10.316121029759566,False
mcc,HistGB,ExtraTrees_balanced,2.6,10.8,8.200000000000001,10.316121029759566,False
mcc,PBMSBAINGO-HGBKELM(F2-mode),PBMSBAINGO-KELM,4.0,12.2,8.2,10.316121029759566,False
mcc,RF_balanced,INGO-KELM,7.0,14.8,7.800000000000001,10.316121029759566,False
mcc,RF_balanced,NGO-KELM,7.0,14.8,7.800000000000001,10.316121029759566,False
mcc,PBMSBAINGO-HGBKELM(F2-mode),MSBAINGO-KELM,4.0,11.6,7.6,10.316121029759566,False
mcc,EasyEnsemble,TIS_NGO-KELM,6.0,13.4,7.4,10.316121029759566,False
mcc,PBMSBAINGO-HGBKELM(F2-mode),BAINGO-KELM,4.0,11.2,7.199999999999999,10.316121029759566,False
mcc,PBMSBAINGO-HGBKELM(F2-mode),LR_balanced,4.0,11.2,7.199999999999999,10.316121029759566,False
mcc,PBMSBAINGO-HGBKELM(Sensitivity-mode),PBMSBAINGO-KELM,5.0,12.2,7.199999999999999,10.316121029759566,False
mcc,PBMSBAINGO-HGBKELM(Triad-mode),BalancedRF,1.0,8.0,7.0,10.316121029759566,False
mcc,PBMSBAINGO-HGBKELM(F2-mode),ExtraTrees_balanced,4.0,10.8,6.800000000000001,10.316121029759566,False
mcc,BalancedRF,INGO-KELM,8.0,14.8,6.800000000000001,10.316121029759566,False
mcc,BalancedRF,NGO-KELM,8.0,14.8,6.800000000000001,10.316121029759566,False
mcc,PBMSBAINGO-HGBKELM(Sensitivity-mode),MSBAINGO-KELM,5.0,11.6,6.6,10.316121029759566,False
mcc,RF_balanced,TIS_NGO-KELM,7.0,13.4,6.4,10.316121029759566,False
mcc,PBMSBAINGO-HGBKELM(Sensitivity-mode),BAINGO-KELM,5.0,11.2,6.199999999999999,10.316121029759566,False
mcc,PBMSBAINGO-HGBKELM(Sensitivity-mode),LR_balanced,5.0,11.2,6.199999999999999,10.316121029759566,False
mcc,EasyEnsemble,PBMSBAINGO-KELM,6.0,12.2,6.199999999999999,10.316121029759566,False
mcc,PBMSBAINGO-HGBKELM(Triad-mode),RF_balanced,1.0,7.0,6.0,10.316121029759566,False
mcc,PBMSBAINGO-HGBKELM(Sensitivity-mode),ExtraTrees_balanced,5.0,10.8,5.800000000000001,10.316121029759566,False
mcc,PBMSBAINGO-HGBKELM(MCC-guarded),BalancedRF,2.4,8.0,5.6,10.316121029759566,False
mcc,EasyEnsemble,MSBAINGO-KELM,6.0,11.6,5.6,10.316121029759566,False
mcc,HistGB,BalancedRF,2.6,8.0,5.4,10.316121029759566,False
mcc,BalancedRF,TIS_NGO-KELM,8.0,13.4,5.4,10.316121029759566,False
mcc,EasyEnsemble,BAINGO-KELM,6.0,11.2,5.199999999999999,10.316121029759566,False
mcc,EasyEnsemble,LR_balanced,6.0,11.2,5.199999999999999,10.316121029759566,False
mcc,RF_balanced,PBMSBAINGO-KELM,7.0,12.2,5.199999999999999,10.316121029759566,False
mcc,PBMSBAINGO-HGBKELM(Triad-mode),EasyEnsemble,1.0,6.0,5.0,10.316121029759566,False
mcc,EasyEnsemble,ExtraTrees_balanced,6.0,10.8,4.800000000000001,10.316121029759566,False
mcc,PBMSBAINGO-HGBKELM(MCC-guarded),RF_balanced,2.4,7.0,4.6,10.316121029759566,False
mcc,RF_balanced,MSBAINGO-KELM,7.0,11.6,4.6,10.316121029759566,False
mcc,HistGB,RF_balanced,2.6,7.0,4.4,10.316121029759566,False
mcc,RF_balanced,BAINGO-KELM,7.0,11.2,4.199999999999999,10.316121029759566,False
mcc,RF_balanced,LR_balanced,7.0,11.2,4.199999999999999,10.316121029759566,False
mcc,BalancedRF,PBMSBAINGO-KELM,8.0,12.2,4.199999999999999,10.316121029759566,False
mcc,PBMSBAINGO-HGBKELM(Triad-mode),PBMSBAINGO-HGBKELM(Sensitivity-mode),1.0,5.0,4.0,10.316121029759566,False
mcc,PBMSBAINGO-HGBKELM(F2-mode),BalancedRF,4.0,8.0,4.0,10.316121029759566,False
mcc,ExtraTrees_balanced,INGO-KELM,10.8,14.8,4.0,10.316121029759566,False
mcc,ExtraTrees_balanced,NGO-KELM,10.8,14.8,4.0,10.316121029759566,False
mcc,RF_balanced,ExtraTrees_balanced,7.0,10.8,3.8000000000000007,10.316121029759566,False
mcc,BAINGO-KELM,INGO-KELM,11.2,14.8,3.6000000000000014,10.316121029759566,False
mcc,BAINGO-KELM,NGO-KELM,11.2,14.8,3.6000000000000014,10.316121029759566,False
mcc,LR_balanced,INGO-KELM,11.2,14.8,3.6000000000000014,10.316121029759566,False
mcc,LR_balanced,NGO-KELM,11.2,14.8,3.6000000000000014,10.316121029759566,False
mcc,PBMSBAINGO-HGBKELM(MCC-guarded),EasyEnsemble,2.4,6.0,3.6,10.316121029759566,False
mcc,BalancedRF,MSBAINGO-KELM,8.0,11.6,3.5999999999999996,10.316121029759566,False
mcc,HistGB,EasyEnsemble,2.6,6.0,3.4,10.316121029759566,False
mcc,MSBAINGO-KELM,INGO-KELM,11.6,14.8,3.200000000000001,10.316121029759566,False
mcc,MSBAINGO-KELM,NGO-KELM,11.6,14.8,3.200000000000001,10.316121029759566,False
mcc,BalancedRF,BAINGO-KELM,8.0,11.2,3.1999999999999993,10.316121029759566,False
mcc,BalancedRF,LR_balanced,8.0,11.2,3.1999999999999993,10.316121029759566,False
mcc,PBMSBAINGO-HGBKELM(Triad-mode),PBMSBAINGO-HGBKELM(F2-mode),1.0,4.0,3.0,10.316121029759566,False
mcc,PBMSBAINGO-HGBKELM(F2-mode),RF_balanced,4.0,7.0,3.0,10.316121029759566,False
mcc,PBMSBAINGO-HGBKELM(Sensitivity-mode),BalancedRF,5.0,8.0,3.0,10.316121029759566,False
mcc,BalancedRF,ExtraTrees_balanced,8.0,10.8,2.8000000000000007,10.316121029759566,False
mcc,PBMSBAINGO-KELM,INGO-KELM,12.2,14.8,2.6000000000000014,10.316121029759566,False
mcc,PBMSBAINGO-KELM,NGO-KELM,12.2,14.8,2.6000000000000014,10.316121029759566,False
mcc,PBMSBAINGO-HGBKELM(MCC-guarded),PBMSBAINGO-HGBKELM(Sensitivity-mode),2.4,5.0,2.6,10.316121029759566,False
mcc,ExtraTrees_balanced,TIS_NGO-KELM,10.8,13.4,2.5999999999999996,10.316121029759566,False
mcc,HistGB,PBMSBAINGO-HGBKELM(Sensitivity-mode),2.6,5.0,2.4,10.316121029759566,False
mcc,BAINGO-KELM,TIS_NGO-KELM,11.2,13.4,2.200000000000001,10.316121029759566,False
mcc,LR_balanced,TIS_NGO-KELM,11.2,13.4,2.200000000000001,10.316121029759566,False
mcc,PBMSBAINGO-HGBKELM(F2-mode),EasyEnsemble,4.0,6.0,2.0,10.316121029759566,False
mcc,PBMSBAINGO-HGBKELM(Sensitivity-mode),RF_balanced,5.0,7.0,2.0,10.316121029759566,False
mcc,EasyEnsemble,BalancedRF,6.0,8.0,2.0,10.316121029759566,False
mcc,MSBAINGO-KELM,TIS_NGO-KELM,11.6,13.4,1.8000000000000007,10.316121029759566,False
mcc,PBMSBAINGO-HGBKELM(Triad-mode),HistGB,1.0,2.6,1.6,10.316121029759566,False
mcc,PBMSBAINGO-HGBKELM(MCC-guarded),PBMSBAINGO-HGBKELM(F2-mode),2.4,4.0,1.6,10.316121029759566,False
mcc,TIS_NGO-KELM,INGO-KELM,13.4,14.8,1.4000000000000004,10.316121029759566,False
mcc,TIS_NGO-KELM,NGO-KELM,13.4,14.8,1.4000000000000004,10.316121029759566,False
mcc,PBMSBAINGO-HGBKELM(Triad-mode),PBMSBAINGO-HGBKELM(MCC-guarded),1.0,2.4,1.4,10.316121029759566,False
mcc,HistGB,PBMSBAINGO-HGBKELM(F2-mode),2.6,4.0,1.4,10.316121029759566,False
mcc,ExtraTrees_balanced,PBMSBAINGO-KELM,10.8,12.2,1.3999999999999986,10.316121029759566,False
mcc,PBMSBAINGO-KELM,TIS_NGO-KELM,12.2,13.4,1.200000000000001,10.316121029759566,False
mcc,PBMSBAINGO-HGBKELM(F2-mode),PBMSBAINGO-HGBKELM(Sensitivity-mode),4.0,5.0,1.0,10.316121029759566,False
mcc,PBMSBAINGO-HGBKELM(Sensitivity-mode),EasyEnsemble,5.0,6.0,1.0,10.316121029759566,False
mcc,EasyEnsemble,RF_balanced,6.0,7.0,1.0,10.316121029759566,False
mcc,RF_balanced,BalancedRF,7.0,8.0,1.0,10.316121029759566,False
mcc,BAINGO-KELM,PBMSBAINGO-KELM,11.2,12.2,1.0,10.316121029759566,False
mcc,LR_balanced,PBMSBAINGO-KELM,11.2,12.2,1.0,10.316121029759566,False
mcc,ExtraTrees_balanced,MSBAINGO-KELM,10.8,11.6,0.7999999999999989,10.316121029759566,False
mcc,MSBAINGO-KELM,PBMSBAINGO-KELM,11.6,12.2,0.5999999999999996,10.316121029759566,False
mcc,BAINGO-KELM,MSBAINGO-KELM,11.2,11.6,0.40000000000000036,10.316121029759566,False
mcc,LR_balanced,MSBAINGO-KELM,11.2,11.6,0.40000000000000036,10.316121029759566,False
mcc,ExtraTrees_balanced,BAINGO-KELM,10.8,11.2,0.3999999999999986,10.316121029759566,False
mcc,ExtraTrees_balanced,LR_balanced,10.8,11.2,0.3999999999999986,10.316121029759566,False
mcc,PBMSBAINGO-HGBKELM(MCC-guarded),HistGB,2.4,2.6,0.20000000000000018,10.316121029759566,False
mcc,BAINGO-KELM,LR_balanced,11.2,11.2,0.0,10.316121029759566,False
mcc,INGO-KELM,NGO-KELM,14.8,14.8,0.0,10.316121029759566,False
precision,PBMSBAINGO-HGBKELM(MCC-guarded),NGO-KELM,1.6,15.6,14.0,10.316121029759566,True
precision,PBMSBAINGO-HGBKELM(MCC-guarded),INGO-KELM,1.6,15.2,13.6,10.316121029759566,True
precision,HistGB,NGO-KELM,2.0,15.6,13.6,10.316121029759566,True
precision,HistGB,INGO-KELM,2.0,15.2,13.2,10.316121029759566,True
precision,PBMSBAINGO-HGBKELM(Triad-mode),NGO-KELM,3.0,15.6,12.6,10.316121029759566,True
precision,PBMSBAINGO-HGBKELM(Triad-mode),INGO-KELM,3.0,15.2,12.2,10.316121029759566,True
precision,PBMSBAINGO-HGBKELM(F2-mode),NGO-KELM,3.4,15.6,12.2,10.316121029759566,True
precision,PBMSBAINGO-HGBKELM(F2-mode),INGO-KELM,3.4,15.2,11.799999999999999,10.316121029759566,True
precision,PBMSBAINGO-HGBKELM(MCC-guarded),LR_balanced,1.6,12.4,10.8,10.316121029759566,True
precision,PBMSBAINGO-HGBKELM(Sensitivity-mode),NGO-KELM,5.0,15.6,10.6,10.316121029759566,True
precision,HistGB,LR_balanced,2.0,12.4,10.4,10.316121029759566,True
precision,PBMSBAINGO-HGBKELM(Sensitivity-mode),INGO-KELM,5.0,15.2,10.2,10.316121029759566,False
precision,PBMSBAINGO-HGBKELM(MCC-guarded),ExtraTrees_balanced,1.6,11.6,10.0,10.316121029759566,False
precision,PBMSBAINGO-HGBKELM(MCC-guarded),MSBAINGO-KELM,1.6,11.6,10.0,10.316121029759566,False
precision,PBMSBAINGO-HGBKELM(MCC-guarded),BAINGO-KELM,1.6,11.2,9.6,10.316121029759566,False
precision,PBMSBAINGO-HGBKELM(MCC-guarded),TIS_NGO-KELM,1.6,11.2,9.6,10.316121029759566,False
precision,HistGB,ExtraTrees_balanced,2.0,11.6,9.6,10.316121029759566,False
precision,HistGB,MSBAINGO-KELM,2.0,11.6,9.6,10.316121029759566,False
precision,EasyEnsemble,NGO-KELM,6.0,15.6,9.6,10.316121029759566,False
precision,PBMSBAINGO-HGBKELM(Triad-mode),LR_balanced,3.0,12.4,9.4,10.316121029759566,False
precision,HistGB,BAINGO-KELM,2.0,11.2,9.2,10.316121029759566,False
precision,HistGB,TIS_NGO-KELM,2.0,11.2,9.2,10.316121029759566,False
precision,EasyEnsemble,INGO-KELM,6.0,15.2,9.2,10.316121029759566,False
precision,PBMSBAINGO-HGBKELM(F2-mode),LR_balanced,3.4,12.4,9.0,10.316121029759566,False
precision,PBMSBAINGO-HGBKELM(MCC-guarded),PBMSBAINGO-KELM,1.6,10.4,8.8,10.316121029759566,False
precision,PBMSBAINGO-HGBKELM(Triad-mode),ExtraTrees_balanced,3.0,11.6,8.6,10.316121029759566,False
precision,PBMSBAINGO-HGBKELM(Triad-mode),MSBAINGO-KELM,3.0,11.6,8.6,10.316121029759566,False
precision,HistGB,PBMSBAINGO-KELM,2.0,10.4,8.4,10.316121029759566,False
precision,PBMSBAINGO-HGBKELM(Triad-mode),BAINGO-KELM,3.0,11.2,8.2,10.316121029759566,False
precision,PBMSBAINGO-HGBKELM(Triad-mode),TIS_NGO-KELM,3.0,11.2,8.2,10.316121029759566,False
precision,PBMSBAINGO-HGBKELM(F2-mode),ExtraTrees_balanced,3.4,11.6,8.2,10.316121029759566,False
precision,PBMSBAINGO-HGBKELM(F2-mode),MSBAINGO-KELM,3.4,11.6,8.2,10.316121029759566,False
precision,RF_balanced,NGO-KELM,7.4,15.6,8.2,10.316121029759566,False
precision,PBMSBAINGO-HGBKELM(F2-mode),BAINGO-KELM,3.4,11.2,7.799999999999999,10.316121029759566,False
precision,PBMSBAINGO-HGBKELM(F2-mode),TIS_NGO-KELM,3.4,11.2,7.799999999999999,10.316121029759566,False
precision,RF_balanced,INGO-KELM,7.4,15.2,7.799999999999999,10.316121029759566,False
precision,PBMSBAINGO-HGBKELM(Triad-mode),PBMSBAINGO-KELM,3.0,10.4,7.4,10.316121029759566,False
precision,PBMSBAINGO-HGBKELM(Sensitivity-mode),LR_balanced,5.0,12.4,7.4,10.316121029759566,False
precision,BalancedRF,NGO-KELM,8.4,15.6,7.199999999999999,10.316121029759566,False
precision,PBMSBAINGO-HGBKELM(F2-mode),PBMSBAINGO-KELM,3.4,10.4,7.0,10.316121029759566,False
precision,PBMSBAINGO-HGBKELM(MCC-guarded),BalancedRF,1.6,8.4,6.800000000000001,10.316121029759566,False
precision,BalancedRF,INGO-KELM,8.4,15.2,6.799999999999999,10.316121029759566,False
precision,PBMSBAINGO-HGBKELM(Sensitivity-mode),ExtraTrees_balanced,5.0,11.6,6.6,10.316121029759566,False
precision,PBMSBAINGO-HGBKELM(Sensitivity-mode),MSBAINGO-KELM,5.0,11.6,6.6,10.316121029759566,False
precision,HistGB,BalancedRF,2.0,8.4,6.4,10.316121029759566,False
precision,EasyEnsemble,LR_balanced,6.0,12.4,6.4,10.316121029759566,False
precision,PBMSBAINGO-HGBKELM(Sensitivity-mode),BAINGO-KELM,5.0,11.2,6.199999999999999,10.316121029759566,False
precision,PBMSBAINGO-HGBKELM(Sensitivity-mode),TIS_NGO-KELM,5.0,11.2,6.199999999999999,10.316121029759566,False
precision,PBMSBAINGO-HGBKELM(MCC-guarded),RF_balanced,1.6,7.4,5.800000000000001,10.316121029759566,False
precision,EasyEnsemble,ExtraTrees_balanced,6.0,11.6,5.6,10.316121029759566,False
precision,EasyEnsemble,MSBAINGO-KELM,6.0,11.6,5.6,10.316121029759566,False
precision,HistGB,RF_balanced,2.0,7.4,5.4,10.316121029759566,False
precision,PBMSBAINGO-HGBKELM(Triad-mode),BalancedRF,3.0,8.4,5.4,10.316121029759566,False
precision,PBMSBAINGO-HGBKELM(Sensitivity-mode),PBMSBAINGO-KELM,5.0,10.4,5.4,10.316121029759566,False
precision,EasyEnsemble,BAINGO-KELM,6.0,11.2,5.199999999999999,10.316121029759566,False
precision,EasyEnsemble,TIS_NGO-KELM,6.0,11.2,5.199999999999999,10.316121029759566,False
precision,PBMSBAINGO-KELM,NGO-KELM,10.4,15.6,5.199999999999999,10.316121029759566,False
precision,PBMSBAINGO-HGBKELM(F2-mode),BalancedRF,3.4,8.4,5.0,10.316121029759566,False
precision,RF_balanced,LR_balanced,7.4,12.4,5.0,10.316121029759566,False
precision,PBMSBAINGO-KELM,INGO-KELM,10.4,15.2,4.799999999999999,10.316121029759566,False
precision,PBMSBAINGO-HGBKELM(MCC-guarded),EasyEnsemble,1.6,6.0,4.4,10.316121029759566,False
precision,PBMSBAINGO-HGBKELM(Triad-mode),RF_balanced,3.0,7.4,4.4,10.316121029759566,False
precision,EasyEnsemble,PBMSBAINGO-KELM,6.0,10.4,4.4,10.316121029759566,False
precision,BAINGO-KELM,NGO-KELM,11.2,15.6,4.4,10.316121029759566,False
precision,TIS_NGO-KELM,NGO-KELM,11.2,15.6,4.4,10.316121029759566,False
precision,RF_balanced,ExtraTrees_balanced,7.4,11.6,4.199999999999999,10.316121029759566,False
precision,RF_balanced,MSBAINGO-KELM,7.4,11.6,4.199999999999999,10.316121029759566,False
precision,HistGB,EasyEnsemble,2.0,6.0,4.0,10.316121029759566,False
precision,PBMSBAINGO-HGBKELM(F2-mode),RF_balanced,3.4,7.4,4.0,10.316121029759566,False
precision,BalancedRF,LR_balanced,8.4,12.4,4.0,10.316121029759566,False
precision,BAINGO-KELM,INGO-KELM,11.2,15.2,4.0,10.316121029759566,False
precision,TIS_NGO-KELM,INGO-KELM,11.2,15.2,4.0,10.316121029759566,False
precision,ExtraTrees_balanced,NGO-KELM,11.6,15.6,4.0,10.316121029759566,False
precision,MSBAINGO-KELM,NGO-KELM,11.6,15.6,4.0,10.316121029759566,False
precision,RF_balanced,BAINGO-KELM,7.4,11.2,3.799999999999999,10.316121029759566,False
precision,RF_balanced,TIS_NGO-KELM,7.4,11.2,3.799999999999999,10.316121029759566,False
precision,ExtraTrees_balanced,INGO-KELM,11.6,15.2,3.5999999999999996,10.316121029759566,False
precision,MSBAINGO-KELM,INGO-KELM,11.6,15.2,3.5999999999999996,10.316121029759566,False
precision,PBMSBAINGO-HGBKELM(Sensitivity-mode),BalancedRF,5.0,8.4,3.4000000000000004,10.316121029759566,False
precision,PBMSBAINGO-HGBKELM(MCC-guarded),PBMSBAINGO-HGBKELM(Sensitivity-mode),1.6,5.0,3.4,10.316121029759566,False
precision,BalancedRF,ExtraTrees_balanced,8.4,11.6,3.1999999999999993,10.316121029759566,False
precision,BalancedRF,MSBAINGO-KELM,8.4,11.6,3.1999999999999993,10.316121029759566,False
precision,LR_balanced,NGO-KELM,12.4,15.6,3.1999999999999993,10.316121029759566,False
precision,HistGB,PBMSBAINGO-HGBKELM(Sensitivity-mode),2.0,5.0,3.0,10.316121029759566,False
precision,PBMSBAINGO-HGBKELM(Triad-mode),EasyEnsemble,3.0,6.0,3.0,10.316121029759566,False
precision,RF_balanced,PBMSBAINGO-KELM,7.4,10.4,3.0,10.316121029759566,False
precision,BalancedRF,BAINGO-KELM,8.4,11.2,2.799999999999999,10.316121029759566,False
precision,BalancedRF,TIS_NGO-KELM,8.4,11.2,2.799999999999999,10.316121029759566,False
precision,LR_balanced,INGO-KELM,12.4,15.2,2.799999999999999,10.316121029759566,False
precision,PBMSBAINGO-HGBKELM(F2-mode),EasyEnsemble,3.4,6.0,2.6,10.316121029759566,False
precision,PBMSBAINGO-HGBKELM(Sensitivity-mode),RF_balanced,5.0,7.4,2.4000000000000004,10.316121029759566,False
precision,EasyEnsemble,BalancedRF,6.0,8.4,2.4000000000000004,10.316121029759566,False
precision,PBMSBAINGO-HGBKELM(Triad-mode),PBMSBAINGO-HGBKELM(Sensitivity-mode),3.0,5.0,2.0,10.316121029759566,False
precision,BalancedRF,PBMSBAINGO-KELM,8.4,10.4,2.0,10.316121029759566,False
precision,PBMSBAINGO-KELM,LR_balanced,10.4,12.4,2.0,10.316121029759566,False
precision,PBMSBAINGO-HGBKELM(MCC-guarded),PBMSBAINGO-HGBKELM(F2-mode),1.6,3.4,1.7999999999999998,10.316121029759566,False
precision,PBMSBAINGO-HGBKELM(F2-mode),PBMSBAINGO-HGBKELM(Sensitivity-mode),3.4,5.0,1.6,10.316121029759566,False
precision,EasyEnsemble,RF_balanced,6.0,7.4,1.4000000000000004,10.316121029759566,False
precision,PBMSBAINGO-HGBKELM(MCC-guarded),PBMSBAINGO-HGBKELM(Triad-mode),1.6,3.0,1.4,10.316121029759566,False
precision,HistGB,PBMSBAINGO-HGBKELM(F2-mode),2.0,3.4,1.4,10.316121029759566,False
precision,BAINGO-KELM,LR_balanced,11.2,12.4,1.200000000000001,10.316121029759566,False
precision,TIS_NGO-KELM,LR_balanced,11.2,12.4,1.200000000000001,10.316121029759566,False
precision,PBMSBAINGO-KELM,ExtraTrees_balanced,10.4,11.6,1.1999999999999993,10.316121029759566,False
precision,PBMSBAINGO-KELM,MSBAINGO-KELM,10.4,11.6,1.1999999999999993,10.316121029759566,False
precision,HistGB,PBMSBAINGO-HGBKELM(Triad-mode),2.0,3.0,1.0,10.316121029759566,False
precision,PBMSBAINGO-HGBKELM(Sensitivity-mode),EasyEnsemble,5.0,6.0,1.0,10.316121029759566,False
precision,RF_balanced,BalancedRF,7.4,8.4,1.0,10.316121029759566,False
precision,ExtraTrees_balanced,LR_balanced,11.6,12.4,0.8000000000000007,10.316121029759566,False
precision,MSBAINGO-KELM,LR_balanced,11.6,12.4,0.8000000000000007,10.316121029759566,False
precision,PBMSBAINGO-KELM,BAINGO-KELM,10.4,11.2,0.7999999999999989,10.316121029759566,False
precision,PBMSBAINGO-KELM,TIS_NGO-KELM,10.4,11.2,0.7999999999999989,10.316121029759566,False
precision,BAINGO-KELM,ExtraTrees_balanced,11.2,11.6,0.40000000000000036,10.316121029759566,False
precision,BAINGO-KELM,MSBAINGO-KELM,11.2,11.6,0.40000000000000036,10.316121029759566,False
precision,TIS_NGO-KELM,ExtraTrees_balanced,11.2,11.6,0.40000000000000036,10.316121029759566,False
precision,TIS_NGO-KELM,MSBAINGO-KELM,11.2,11.6,0.40000000000000036,10.316121029759566,False
precision,INGO-KELM,NGO-KELM,15.2,15.6,0.40000000000000036,10.316121029759566,False
precision,PBMSBAINGO-HGBKELM(MCC-guarded),HistGB,1.6,2.0,0.3999999999999999,10.316121029759566,False
precision,PBMSBAINGO-HGBKELM(Triad-mode),PBMSBAINGO-HGBKELM(F2-mode),3.0,3.4,0.3999999999999999,10.316121029759566,False
precision,BAINGO-KELM,TIS_NGO-KELM,11.2,11.2,0.0,10.316121029759566,False
precision,ExtraTrees_balanced,MSBAINGO-KELM,11.6,11.6,0.0,10.316121029759566,False
sensitivity,PBMSBAINGO-HGBKELM(Triad-mode),PBMSBAINGO-KELM,1.2,14.4,13.200000000000001,10.316121029759566,True
sensitivity,PBMSBAINGO-HGBKELM(Triad-mode),TIS_NGO-KELM,1.2,14.0,12.8,10.316121029759566,True
sensitivity,PBMSBAINGO-HGBKELM(Sensitivity-mode),PBMSBAINGO-KELM,2.2,14.4,12.2,10.316121029759566,True
sensitivity,PBMSBAINGO-HGBKELM(Sensitivity-mode),TIS_NGO-KELM,2.2,14.0,11.8,10.316121029759566,True
sensitivity,PBMSBAINGO-HGBKELM(Triad-mode),MSBAINGO-KELM,1.2,12.4,11.200000000000001,10.316121029759566,True
sensitivity,PBMSBAINGO-HGBKELM(Triad-mode),BAINGO-KELM,1.2,12.0,10.8,10.316121029759566,True
sensitivity,PBMSBAINGO-HGBKELM(Triad-mode),INGO-KELM,1.2,11.9,10.700000000000001,10.316121029759566,True
sensitivity,PBMSBAINGO-HGBKELM(Sensitivity-mode),MSBAINGO-KELM,2.2,12.4,10.2,10.316121029759566,False
sensitivity,PBMSBAINGO-HGBKELM(Sensitivity-mode),BAINGO-KELM,2.2,12.0,9.8,10.316121029759566,False
sensitivity,PBMSBAINGO-HGBKELM(Sensitivity-mode),INGO-KELM,2.2,11.9,9.7,10.316121029759566,False
sensitivity,PBMSBAINGO-HGBKELM(F2-mode),PBMSBAINGO-KELM,5.0,14.4,9.4,10.316121029759566,False
sensitivity,PBMSBAINGO-HGBKELM(Triad-mode),NGO-KELM,1.2,10.4,9.200000000000001,10.316121029759566,False
sensitivity,PBMSBAINGO-HGBKELM(F2-mode),TIS_NGO-KELM,5.0,14.0,9.0,10.316121029759566,False
sensitivity,BalancedRF,PBMSBAINGO-KELM,6.0,14.4,8.4,10.316121029759566,False
sensitivity,PBMSBAINGO-HGBKELM(Triad-mode),ExtraTrees_balanced,1.2,9.5,8.3,10.316121029759566,False
sensitivity,PBMSBAINGO-HGBKELM(Sensitivity-mode),NGO-KELM,2.2,10.4,8.2,10.316121029759566,False
sensitivity,EasyEnsemble,PBMSBAINGO-KELM,6.2,14.4,8.2,10.316121029759566,False
sensitivity,BalancedRF,TIS_NGO-KELM,6.0,14.0,8.0,10.316121029759566,False
sensitivity,RF_balanced,PBMSBAINGO-KELM,6.4,14.4,8.0,10.316121029759566,False
sensitivity,PBMSBAINGO-HGBKELM(Triad-mode),PBMSBAINGO-HGBKELM(MCC-guarded),1.2,9.2,7.999999999999999,10.316121029759566,False
sensitivity,EasyEnsemble,TIS_NGO-KELM,6.2,14.0,7.8,10.316121029759566,False
sensitivity,RF_balanced,TIS_NGO-KELM,6.4,14.0,7.6,10.316121029759566,False
sensitivity,PBMSBAINGO-HGBKELM(F2-mode),MSBAINGO-KELM,5.0,12.4,7.4,10.316121029759566,False
sensitivity,PBMSBAINGO-HGBKELM(Sensitivity-mode),ExtraTrees_balanced,2.2,9.5,7.3,10.316121029759566,False
sensitivity,PBMSBAINGO-HGBKELM(F2-mode),BAINGO-KELM,5.0,12.0,7.0,10.316121029759566,False
sensitivity,PBMSBAINGO-HGBKELM(Sensitivity-mode),PBMSBAINGO-HGBKELM(MCC-guarded),2.2,9.2,6.999999999999999,10.316121029759566,False
sensitivity,PBMSBAINGO-HGBKELM(F2-mode),INGO-KELM,5.0,11.9,6.9,10.316121029759566,False
sensitivity,HistGB,PBMSBAINGO-KELM,7.6,14.4,6.800000000000001,10.316121029759566,False
sensitivity,LR_balanced,PBMSBAINGO-KELM,7.6,14.4,6.800000000000001,10.316121029759566,False
sensitivity,BalancedRF,MSBAINGO-KELM,6.0,12.4,6.4,10.316121029759566,False
sensitivity,HistGB,TIS_NGO-KELM,7.6,14.0,6.4,10.316121029759566,False
sensitivity,LR_balanced,TIS_NGO-KELM,7.6,14.0,6.4,10.316121029759566,False
sensitivity,PBMSBAINGO-HGBKELM(Triad-mode),HistGB,1.2,7.6,6.3999999999999995,10.316121029759566,False
sensitivity,PBMSBAINGO-HGBKELM(Triad-mode),LR_balanced,1.2,7.6,6.3999999999999995,10.316121029759566,False
sensitivity,EasyEnsemble,MSBAINGO-KELM,6.2,12.4,6.2,10.316121029759566,False
sensitivity,BalancedRF,BAINGO-KELM,6.0,12.0,6.0,10.316121029759566,False
sensitivity,RF_balanced,MSBAINGO-KELM,6.4,12.4,6.0,10.316121029759566,False
sensitivity,BalancedRF,INGO-KELM,6.0,11.9,5.9,10.316121029759566,False
sensitivity,EasyEnsemble,BAINGO-KELM,6.2,12.0,5.8,10.316121029759566,False
sensitivity,EasyEnsemble,INGO-KELM,6.2,11.9,5.7,10.316121029759566,False
sensitivity,RF_balanced,BAINGO-KELM,6.4,12.0,5.6,10.316121029759566,False
sensitivity,RF_balanced,INGO-KELM,6.4,11.9,5.5,10.316121029759566,False
sensitivity,PBMSBAINGO-HGBKELM(F2-mode),NGO-KELM,5.0,10.4,5.4,10.316121029759566,False
sensitivity,PBMSBAINGO-HGBKELM(Sensitivity-mode),HistGB,2.2,7.6,5.3999999999999995,10.316121029759566,False
sensitivity,PBMSBAINGO-HGBKELM(Sensitivity-mode),LR_balanced,2.2,7.6,5.3999999999999995,10.316121029759566,False
sensitivity,PBMSBAINGO-HGBKELM(MCC-guarded),PBMSBAINGO-KELM,9.2,14.4,5.200000000000001,10.316121029759566,False
sensitivity,PBMSBAINGO-HGBKELM(Triad-mode),RF_balanced,1.2,6.4,5.2,10.316121029759566,False
sensitivity,PBMSBAINGO-HGBKELM(Triad-mode),EasyEnsemble,1.2,6.2,5.0,10.316121029759566,False
sensitivity,ExtraTrees_balanced,PBMSBAINGO-KELM,9.5,14.4,4.9,10.316121029759566,False
sensitivity,HistGB,MSBAINGO-KELM,7.6,12.4,4.800000000000001,10.316121029759566,False
sensitivity,LR_balanced,MSBAINGO-KELM,7.6,12.4,4.800000000000001,10.316121029759566,False
sensitivity,PBMSBAINGO-HGBKELM(MCC-guarded),TIS_NGO-KELM,9.2,14.0,4.800000000000001,10.316121029759566,False
sensitivity,PBMSBAINGO-HGBKELM(Triad-mode),BalancedRF,1.2,6.0,4.8,10.316121029759566,False
sensitivity,PBMSBAINGO-HGBKELM(F2-mode),ExtraTrees_balanced,5.0,9.5,4.5,10.316121029759566,False
sensitivity,ExtraTrees_balanced,TIS_NGO-KELM,9.5,14.0,4.5,10.316121029759566,False
sensitivity,BalancedRF,NGO-KELM,6.0,10.4,4.4,10.316121029759566,False
sensitivity,HistGB,BAINGO-KELM,7.6,12.0,4.4,10.316121029759566,False
sensitivity,LR_balanced,BAINGO-KELM,7.6,12.0,4.4,10.316121029759566,False
sensitivity,HistGB,INGO-KELM,7.6,11.9,4.300000000000001,10.316121029759566,False
sensitivity,LR_balanced,INGO-KELM,7.6,11.9,4.300000000000001,10.316121029759566,False
sensitivity,PBMSBAINGO-HGBKELM(Sensitivity-mode),RF_balanced,2.2,6.4,4.2,10.316121029759566,False
sensitivity,EasyEnsemble,NGO-KELM,6.2,10.4,4.2,10.316121029759566,False
sensitivity,PBMSBAINGO-HGBKELM(F2-mode),PBMSBAINGO-HGBKELM(MCC-guarded),5.0,9.2,4.199999999999999,10.316121029759566,False
sensitivity,PBMSBAINGO-HGBKELM(Sensitivity-mode),EasyEnsemble,2.2,6.2,4.0,10.316121029759566,False
sensitivity,RF_balanced,NGO-KELM,6.4,10.4,4.0,10.316121029759566,False
sensitivity,NGO-KELM,PBMSBAINGO-KELM,10.4,14.4,4.0,10.316121029759566,False
sensitivity,PBMSBAINGO-HGBKELM(Triad-mode),PBMSBAINGO-HGBKELM(F2-mode),1.2,5.0,3.8,10.316121029759566,False
sensitivity,PBMSBAINGO-HGBKELM(Sensitivity-mode),BalancedRF,2.2,6.0,3.8,10.316121029759566,False
sensitivity,NGO-KELM,TIS_NGO-KELM,10.4,14.0,3.5999999999999996,10.316121029759566,False
sensitivity,BalancedRF,ExtraTrees_balanced,6.0,9.5,3.5,10.316121029759566,False
sensitivity,EasyEnsemble,ExtraTrees_balanced,6.2,9.5,3.3,10.316121029759566,False
sensitivity,PBMSBAINGO-HGBKELM(MCC-guarded),MSBAINGO-KELM,9.2,12.4,3.200000000000001,10.316121029759566,False
sensitivity,BalancedRF,PBMSBAINGO-HGBKELM(MCC-guarded),6.0,9.2,3.1999999999999993,10.316121029759566,False
sensitivity,RF_balanced,ExtraTrees_balanced,6.4,9.5,3.0999999999999996,10.316121029759566,False
sensitivity,EasyEnsemble,PBMSBAINGO-HGBKELM(MCC-guarded),6.2,9.2,2.999999999999999,10.316121029759566,False
sensitivity,ExtraTrees_balanced,MSBAINGO-KELM,9.5,12.4,2.9000000000000004,10.316121029759566,False
sensitivity,HistGB,NGO-KELM,7.6,10.4,2.8000000000000007,10.316121029759566,False
sensitivity,LR_balanced,NGO-KELM,7.6,10.4,2.8000000000000007,10.316121029759566,False
sensitivity,PBMSBAINGO-HGBKELM(MCC-guarded),BAINGO-KELM,9.2,12.0,2.8000000000000007,10.316121029759566,False
sensitivity,PBMSBAINGO-HGBKELM(Sensitivity-mode),PBMSBAINGO-HGBKELM(F2-mode),2.2,5.0,2.8,10.316121029759566,False
sensitivity,RF_balanced,PBMSBAINGO-HGBKELM(MCC-guarded),6.4,9.2,2.799999999999999,10.316121029759566,False
sensitivity,PBMSBAINGO-HGBKELM(MCC-guarded),INGO-KELM,9.2,11.9,2.700000000000001,10.316121029759566,False
sensitivity,PBMSBAINGO-HGBKELM(F2-mode),HistGB,5.0,7.6,2.5999999999999996,10.316121029759566,False
sensitivity,PBMSBAINGO-HGBKELM(F2-mode),LR_balanced,5.0,7.6,2.5999999999999996,10.316121029759566,False
sensitivity,ExtraTrees_balanced,BAINGO-KELM,9.5,12.0,2.5,10.316121029759566,False
sensitivity,INGO-KELM,PBMSBAINGO-KELM,11.9,14.4,2.5,10.316121029759566,False
sensitivity,ExtraTrees_balanced,INGO-KELM,9.5,11.9,2.4000000000000004,10.316121029759566,False
sensitivity,BAINGO-KELM,PBMSBAINGO-KELM,12.0,14.4,2.4000000000000004,10.316121029759566,False
sensitivity,INGO-KELM,TIS_NGO-KELM,11.9,14.0,2.0999999999999996,10.316121029759566,False
sensitivity,NGO-KELM,MSBAINGO-KELM,10.4,12.4,2.0,10.316121029759566,False
sensitivity,BAINGO-KELM,TIS_NGO-KELM,12.0,14.0,2.0,10.316121029759566,False
sensitivity,MSBAINGO-KELM,PBMSBAINGO-KELM,12.4,14.4,2.0,10.316121029759566,False
sensitivity,HistGB,ExtraTrees_balanced,7.6,9.5,1.9000000000000004,10.316121029759566,False
sensitivity,LR_balanced,ExtraTrees_balanced,7.6,9.5,1.9000000000000004,10.316121029759566,False
sensitivity,BalancedRF,HistGB,6.0,7.6,1.5999999999999996,10.316121029759566,False
sensitivity,BalancedRF,LR_balanced,6.0,7.6,1.5999999999999996,10.316121029759566,False
sensitivity,HistGB,PBMSBAINGO-HGBKELM(MCC-guarded),7.6,9.2,1.5999999999999996,10.316121029759566,False
sensitivity,LR_balanced,PBMSBAINGO-HGBKELM(MCC-guarded),7.6,9.2,1.5999999999999996,10.316121029759566,False
sensitivity,NGO-KELM,BAINGO-KELM,10.4,12.0,1.5999999999999996,10.316121029759566,False
sensitivity,MSBAINGO-KELM,TIS_NGO-KELM,12.4,14.0,1.5999999999999996,10.316121029759566,False
sensitivity,NGO-KELM,INGO-KELM,10.4,11.9,1.5,10.316121029759566,False
sensitivity,PBMSBAINGO-HGBKELM(F2-mode),RF_balanced,5.0,6.4,1.4000000000000004,10.316121029759566,False
sensitivity,EasyEnsemble,HistGB,6.2,7.6,1.3999999999999995,10.316121029759566,False
sensitivity,EasyEnsemble,LR_balanced,6.2,7.6,1.3999999999999995,10.316121029759566,False
sensitivity,PBMSBAINGO-HGBKELM(MCC-guarded),NGO-KELM,9.2,10.4,1.200000000000001,10.316121029759566,False
sensitivity,PBMSBAINGO-HGBKELM(F2-mode),EasyEnsemble,5.0,6.2,1.2000000000000002,10.316121029759566,False
sensitivity,RF_balanced,HistGB,6.4,7.6,1.1999999999999993,10.316121029759566,False
sensitivity,RF_balanced,LR_balanced,6.4,7.6,1.1999999999999993,10.316121029759566,False
sensitivity,PBMSBAINGO-HGBKELM(Triad-mode),PBMSBAINGO-HGBKELM(Sensitivity-mode),1.2,2.2,1.0000000000000002,10.316121029759566,False
sensitivity,PBMSBAINGO-HGBKELM(F2-mode),BalancedRF,5.0,6.0,1.0,10.316121029759566,False
sensitivity,ExtraTrees_balanced,NGO-KELM,9.5,10.4,0.9000000000000004,10.316121029759566,False
sensitivity,INGO-KELM,MSBAINGO-KELM,11.9,12.4,0.5,10.316121029759566,False
sensitivity,BalancedRF,RF_balanced,6.0,6.4,0.40000000000000036,10.316121029759566,False
sensitivity,BAINGO-KELM,MSBAINGO-KELM,12.0,12.4,0.40000000000000036,10.316121029759566,False
sensitivity,TIS_NGO-KELM,PBMSBAINGO-KELM,14.0,14.4,0.40000000000000036,10.316121029759566,False
sensitivity,PBMSBAINGO-HGBKELM(MCC-guarded),ExtraTrees_balanced,9.2,9.5,0.3000000000000007,10.316121029759566,False
sensitivity,BalancedRF,EasyEnsemble,6.0,6.2,0.20000000000000018,10.316121029759566,False
sensitivity,EasyEnsemble,RF_balanced,6.2,6.4,0.20000000000000018,10.316121029759566,False
sensitivity,INGO-KELM,BAINGO-KELM,11.9,12.0,0.09999999999999964,10.316121029759566,False
sensitivity,HistGB,LR_balanced,7.6,7.6,0.0,10.316121029759566,False
specificity,PBMSBAINGO-HGBKELM(MCC-guarded),LR_balanced,1.4,14.8,13.4,10.316121029759566,True
specificity,PBMSBAINGO-HGBKELM(MCC-guarded),INGO-KELM,1.4,14.4,13.0,10.316121029759566,True
specificity,HistGB,LR_balanced,2.2,14.8,12.600000000000001,10.316121029759566,True
specificity,PBMSBAINGO-HGBKELM(MCC-guarded),NGO-KELM,1.4,14.0,12.6,10.316121029759566,True
specificity,HistGB,INGO-KELM,2.2,14.4,12.2,10.316121029759566,True
specificity,HistGB,NGO-KELM,2.2,14.0,11.8,10.316121029759566,True
specificity,PBMSBAINGO-HGBKELM(Triad-mode),LR_balanced,3.2,14.8,11.600000000000001,10.316121029759566,True
specificity,PBMSBAINGO-HGBKELM(F2-mode),LR_balanced,3.4,14.8,11.4,10.316121029759566,True
specificity,PBMSBAINGO-HGBKELM(Triad-mode),INGO-KELM,3.2,14.4,11.2,10.316121029759566,True
specificity,PBMSBAINGO-HGBKELM(F2-mode),INGO-KELM,3.4,14.4,11.0,10.316121029759566,True
specificity,PBMSBAINGO-HGBKELM(Triad-mode),NGO-KELM,3.2,14.0,10.8,10.316121029759566,True
specificity,PBMSBAINGO-HGBKELM(MCC-guarded),ExtraTrees_balanced,1.4,12.2,10.799999999999999,10.316121029759566,True
specificity,PBMSBAINGO-HGBKELM(F2-mode),NGO-KELM,3.4,14.0,10.6,10.316121029759566,True
specificity,PBMSBAINGO-HGBKELM(MCC-guarded),MSBAINGO-KELM,1.4,11.8,10.4,10.316121029759566,True
specificity,HistGB,ExtraTrees_balanced,2.2,12.2,10.0,10.316121029759566,False
specificity,HistGB,MSBAINGO-KELM,2.2,11.8,9.600000000000001,10.316121029759566,False
specificity,PBMSBAINGO-HGBKELM(Sensitivity-mode),LR_balanced,5.6,14.8,9.200000000000001,10.316121029759566,False
specificity,PBMSBAINGO-HGBKELM(MCC-guarded),BAINGO-KELM,1.4,10.6,9.2,10.316121029759566,False
specificity,PBMSBAINGO-HGBKELM(MCC-guarded),PBMSBAINGO-KELM,1.4,10.6,9.2,10.316121029759566,False
specificity,PBMSBAINGO-HGBKELM(Triad-mode),ExtraTrees_balanced,3.2,12.2,9.0,10.316121029759566,False
specificity,PBMSBAINGO-HGBKELM(Sensitivity-mode),INGO-KELM,5.6,14.4,8.8,10.316121029759566,False
specificity,PBMSBAINGO-HGBKELM(F2-mode),ExtraTrees_balanced,3.4,12.2,8.799999999999999,10.316121029759566,False
specificity,PBMSBAINGO-HGBKELM(Triad-mode),MSBAINGO-KELM,3.2,11.8,8.600000000000001,10.316121029759566,False
specificity,PBMSBAINGO-HGBKELM(F2-mode),MSBAINGO-KELM,3.4,11.8,8.4,10.316121029759566,False
specificity,PBMSBAINGO-HGBKELM(Sensitivity-mode),NGO-KELM,5.6,14.0,8.4,10.316121029759566,False
specificity,EasyEnsemble,LR_balanced,6.4,14.8,8.4,10.316121029759566,False
specificity,HistGB,BAINGO-KELM,2.2,10.6,8.399999999999999,10.316121029759566,False
specificity,HistGB,PBMSBAINGO-KELM,2.2,10.6,8.399999999999999,10.316121029759566,False
specificity,EasyEnsemble,INGO-KELM,6.4,14.4,8.0,10.316121029759566,False
specificity,PBMSBAINGO-HGBKELM(MCC-guarded),BalancedRF,1.4,9.0,7.6,10.316121029759566,False
specificity,EasyEnsemble,NGO-KELM,6.4,14.0,7.6,10.316121029759566,False
specificity,PBMSBAINGO-HGBKELM(Triad-mode),BAINGO-KELM,3.2,10.6,7.3999999999999995,10.316121029759566,False
specificity,PBMSBAINGO-HGBKELM(Triad-mode),PBMSBAINGO-KELM,3.2,10.6,7.3999999999999995,10.316121029759566,False
specificity,PBMSBAINGO-HGBKELM(MCC-guarded),TIS_NGO-KELM,1.4,8.6,7.199999999999999,10.316121029759566,False
specificity,PBMSBAINGO-HGBKELM(F2-mode),BAINGO-KELM,3.4,10.6,7.199999999999999,10.316121029759566,False
specificity,PBMSBAINGO-HGBKELM(F2-mode),PBMSBAINGO-KELM,3.4,10.6,7.199999999999999,10.316121029759566,False
specificity,RF_balanced,LR_balanced,7.8,14.8,7.000000000000001,10.316121029759566,False
specificity,HistGB,BalancedRF,2.2,9.0,6.8,10.316121029759566,False
specificity,RF_balanced,INGO-KELM,7.8,14.4,6.6000000000000005,10.316121029759566,False
specificity,PBMSBAINGO-HGBKELM(Sensitivity-mode),ExtraTrees_balanced,5.6,12.2,6.6,10.316121029759566,False
specificity,PBMSBAINGO-HGBKELM(MCC-guarded),RF_balanced,1.4,7.8,6.4,10.316121029759566,False
specificity,HistGB,TIS_NGO-KELM,2.2,8.6,6.3999999999999995,10.316121029759566,False
specificity,PBMSBAINGO-HGBKELM(Sensitivity-mode),MSBAINGO-KELM,5.6,11.8,6.200000000000001,10.316121029759566,False
specificity,TIS_NGO-KELM,LR_balanced,8.6,14.8,6.200000000000001,10.316121029759566,False
specificity,RF_balanced,NGO-KELM,7.8,14.0,6.2,10.316121029759566,False
specificity,TIS_NGO-KELM,INGO-KELM,8.6,14.4,5.800000000000001,10.316121029759566,False
specificity,BalancedRF,LR_balanced,9.0,14.8,5.800000000000001,10.316121029759566,False
specificity,PBMSBAINGO-HGBKELM(Triad-mode),BalancedRF,3.2,9.0,5.8,10.316121029759566,False
specificity,EasyEnsemble,ExtraTrees_balanced,6.4,12.2,5.799999999999999,10.316121029759566,False
specificity,HistGB,RF_balanced,2.2,7.8,5.6,10.316121029759566,False
specificity,PBMSBAINGO-HGBKELM(F2-mode),BalancedRF,3.4,9.0,5.6,10.316121029759566,False
specificity,EasyEnsemble,MSBAINGO-KELM,6.4,11.8,5.4,10.316121029759566,False
specificity,TIS_NGO-KELM,NGO-KELM,8.6,14.0,5.4,10.316121029759566,False
specificity,BalancedRF,INGO-KELM,9.0,14.4,5.4,10.316121029759566,False
specificity,PBMSBAINGO-HGBKELM(Triad-mode),TIS_NGO-KELM,3.2,8.6,5.3999999999999995,10.316121029759566,False
specificity,PBMSBAINGO-HGBKELM(F2-mode),TIS_NGO-KELM,3.4,8.6,5.199999999999999,10.316121029759566,False
specificity,PBMSBAINGO-HGBKELM(MCC-guarded),EasyEnsemble,1.4,6.4,5.0,10.316121029759566,False
specificity,PBMSBAINGO-HGBKELM(Sensitivity-mode),BAINGO-KELM,5.6,10.6,5.0,10.316121029759566,False
specificity,PBMSBAINGO-HGBKELM(Sensitivity-mode),PBMSBAINGO-KELM,5.6,10.6,5.0,10.316121029759566,False
specificity,BalancedRF,NGO-KELM,9.0,14.0,5.0,10.316121029759566,False
specificity,PBMSBAINGO-HGBKELM(Triad-mode),RF_balanced,3.2,7.8,4.6,10.316121029759566,False
specificity,PBMSBAINGO-HGBKELM(F2-mode),RF_balanced,3.4,7.8,4.4,10.316121029759566,False
specificity,RF_balanced,ExtraTrees_balanced,7.8,12.2,4.3999999999999995,10.316121029759566,False
specificity,BAINGO-KELM,LR_balanced,10.6,14.8,4.200000000000001,10.316121029759566,False
specificity,PBMSBAINGO-KELM,LR_balanced,10.6,14.8,4.200000000000001,10.316121029759566,False
specificity,HistGB,EasyEnsemble,2.2,6.4,4.2,10.316121029759566,False
specificity,PBMSBAINGO-HGBKELM(MCC-guarded),PBMSBAINGO-HGBKELM(Sensitivity-mode),1.4,5.6,4.199999999999999,10.316121029759566,False
specificity,EasyEnsemble,BAINGO-KELM,6.4,10.6,4.199999999999999,10.316121029759566,False
specificity,EasyEnsemble,PBMSBAINGO-KELM,6.4,10.6,4.199999999999999,10.316121029759566,False
specificity,RF_balanced,MSBAINGO-KELM,7.8,11.8,4.000000000000001,10.316121029759566,False
specificity,BAINGO-KELM,INGO-KELM,10.6,14.4,3.8000000000000007,10.316121029759566,False
specificity,PBMSBAINGO-KELM,INGO-KELM,10.6,14.4,3.8000000000000007,10.316121029759566,False
specificity,TIS_NGO-KELM,ExtraTrees_balanced,8.6,12.2,3.5999999999999996,10.316121029759566,False
specificity,PBMSBAINGO-HGBKELM(Sensitivity-mode),BalancedRF,5.6,9.0,3.4000000000000004,10.316121029759566,False
specificity,BAINGO-KELM,NGO-KELM,10.6,14.0,3.4000000000000004,10.316121029759566,False
specificity,PBMSBAINGO-KELM,NGO-KELM,10.6,14.0,3.4000000000000004,10.316121029759566,False
specificity,HistGB,PBMSBAINGO-HGBKELM(Sensitivity-mode),2.2,5.6,3.3999999999999995,10.316121029759566,False
specificity,TIS_NGO-KELM,MSBAINGO-KELM,8.6,11.8,3.200000000000001,10.316121029759566,False
specificity,PBMSBAINGO-HGBKELM(Triad-mode),EasyEnsemble,3.2,6.4,3.2,10.316121029759566,False
specificity,BalancedRF,ExtraTrees_balanced,9.0,12.2,3.1999999999999993,10.316121029759566,False
specificity,PBMSBAINGO-HGBKELM(F2-mode),EasyEnsemble,3.4,6.4,3.0000000000000004,10.316121029759566,False
specificity,PBMSBAINGO-HGBKELM(Sensitivity-mode),TIS_NGO-KELM,5.6,8.6,3.0,10.316121029759566,False
specificity,MSBAINGO-KELM,LR_balanced,11.8,14.8,3.0,10.316121029759566,False
specificity,BalancedRF,MSBAINGO-KELM,9.0,11.8,2.8000000000000007,10.316121029759566,False
specificity,RF_balanced,BAINGO-KELM,7.8,10.6,2.8,10.316121029759566,False
specificity,RF_balanced,PBMSBAINGO-KELM,7.8,10.6,2.8,10.316121029759566,False
specificity,ExtraTrees_balanced,LR_balanced,12.2,14.8,2.6000000000000014,10.316121029759566,False
specificity,EasyEnsemble,BalancedRF,6.4,9.0,2.5999999999999996,10.316121029759566,False
specificity,MSBAINGO-KELM,INGO-KELM,11.8,14.4,2.5999999999999996,10.316121029759566,False
specificity,PBMSBAINGO-HGBKELM(Triad-mode),PBMSBAINGO-HGBKELM(Sensitivity-mode),3.2,5.6,2.3999999999999995,10.316121029759566,False
specificity,ExtraTrees_balanced,INGO-KELM,12.2,14.4,2.200000000000001,10.316121029759566,False
specificity,PBMSBAINGO-HGBKELM(Sensitivity-mode),RF_balanced,5.6,7.8,2.2,10.316121029759566,False
specificity,PBMSBAINGO-HGBKELM(F2-mode),PBMSBAINGO-HGBKELM(Sensitivity-mode),3.4,5.6,2.1999999999999997,10.316121029759566,False
specificity,EasyEnsemble,TIS_NGO-KELM,6.4,8.6,2.1999999999999993,10.316121029759566,False
specificity,MSBAINGO-KELM,NGO-KELM,11.8,14.0,2.1999999999999993,10.316121029759566,False
specificity,PBMSBAINGO-HGBKELM(MCC-guarded),PBMSBAINGO-HGBKELM(F2-mode),1.4,3.4,2.0,10.316121029759566,False
specificity,TIS_NGO-KELM,BAINGO-KELM,8.6,10.6,2.0,10.316121029759566,False
specificity,TIS_NGO-KELM,PBMSBAINGO-KELM,8.6,10.6,2.0,10.316121029759566,False
specificity,ExtraTrees_balanced,NGO-KELM,12.2,14.0,1.8000000000000007,10.316121029759566,False
specificity,PBMSBAINGO-HGBKELM(MCC-guarded),PBMSBAINGO-HGBKELM(Triad-mode),1.4,3.2,1.8000000000000003,10.316121029759566,False
specificity,BalancedRF,BAINGO-KELM,9.0,10.6,1.5999999999999996,10.316121029759566,False
specificity,BalancedRF,PBMSBAINGO-KELM,9.0,10.6,1.5999999999999996,10.316121029759566,False
specificity,BAINGO-KELM,ExtraTrees_balanced,10.6,12.2,1.5999999999999996,10.316121029759566,False
specificity,PBMSBAINGO-KELM,ExtraTrees_balanced,10.6,12.2,1.5999999999999996,10.316121029759566,False
specificity,EasyEnsemble,RF_balanced,6.4,7.8,1.3999999999999995,10.316121029759566,False
specificity,BAINGO-KELM,MSBAINGO-KELM,10.6,11.8,1.200000000000001,10.316121029759566,False
specificity,PBMSBAINGO-KELM,MSBAINGO-KELM,10.6,11.8,1.200000000000001,10.316121029759566,False
specificity,RF_balanced,BalancedRF,7.8,9.0,1.2000000000000002,10.316121029759566,False
specificity,HistGB,PBMSBAINGO-HGBKELM(F2-mode),2.2,3.4,1.1999999999999997,10.316121029759566,False
specificity,HistGB,PBMSBAINGO-HGBKELM(Triad-mode),2.2,3.2,1.0,10.316121029759566,False
specificity,PBMSBAINGO-HGBKELM(Sensitivity-mode),EasyEnsemble,5.6,6.4,0.8000000000000007,10.316121029759566,False
specificity,NGO-KELM,LR_balanced,14.0,14.8,0.8000000000000007,10.316121029759566,False
specificity,PBMSBAINGO-HGBKELM(MCC-guarded),HistGB,1.4,2.2,0.8000000000000003,10.316121029759566,False
specificity,RF_balanced,TIS_NGO-KELM,7.8,8.6,0.7999999999999998,10.316121029759566,False
specificity,TIS_NGO-KELM,BalancedRF,8.6,9.0,0.40000000000000036,10.316121029759566,False
specificity,NGO-KELM,INGO-KELM,14.0,14.4,0.40000000000000036,10.316121029759566,False
specificity,INGO-KELM,LR_balanced,14.4,14.8,0.40000000000000036,10.316121029759566,False
specificity,MSBAINGO-KELM,ExtraTrees_balanced,11.8,12.2,0.3999999999999986,10.316121029759566,False
specificity,PBMSBAINGO-HGBKELM(Triad-mode),PBMSBAINGO-HGBKELM(F2-mode),3.2,3.4,0.19999999999999973,10.316121029759566,False
specificity,BAINGO-KELM,PBMSBAINGO-KELM,10.6,10.6,0.0,10.316121029759566,False
triad_score,PBMSBAINGO-HGBKELM(Triad-mode),INGO-KELM,1.0,14.2,13.2,10.316121029759566,True
triad_score,PBMSBAINGO-HGBKELM(Triad-mode),NGO-KELM,1.0,13.8,12.8,10.316121029759566,True
triad_score,PBMSBAINGO-HGBKELM(Triad-mode),TIS_NGO-KELM,1.0,13.8,12.8,10.316121029759566,True
triad_score,PBMSBAINGO-HGBKELM(Triad-mode),PBMSBAINGO-KELM,1.0,13.2,12.2,10.316121029759566,True
triad_score,PBMSBAINGO-HGBKELM(Sensitivity-mode),INGO-KELM,2.8,14.2,11.399999999999999,10.316121029759566,True
triad_score,PBMSBAINGO-HGBKELM(Triad-mode),BAINGO-KELM,1.0,12.0,11.0,10.316121029759566,True
triad_score,PBMSBAINGO-HGBKELM(Sensitivity-mode),NGO-KELM,2.8,13.8,11.0,10.316121029759566,True
triad_score,PBMSBAINGO-HGBKELM(Sensitivity-mode),TIS_NGO-KELM,2.8,13.8,11.0,10.316121029759566,True
triad_score,PBMSBAINGO-HGBKELM(Triad-mode),MSBAINGO-KELM,1.0,11.6,10.6,10.316121029759566,True
triad_score,PBMSBAINGO-HGBKELM(F2-mode),INGO-KELM,3.6,14.2,10.6,10.316121029759566,True
triad_score,PBMSBAINGO-HGBKELM(Sensitivity-mode),PBMSBAINGO-KELM,2.8,13.2,10.399999999999999,10.316121029759566,True
triad_score,HistGB,INGO-KELM,3.8,14.2,10.399999999999999,10.316121029759566,True
triad_score,PBMSBAINGO-HGBKELM(MCC-guarded),INGO-KELM,3.8,14.2,10.399999999999999,10.316121029759566,True
triad_score,PBMSBAINGO-HGBKELM(F2-mode),NGO-KELM,3.6,13.8,10.200000000000001,10.316121029759566,False
triad_score,PBMSBAINGO-HGBKELM(F2-mode),TIS_NGO-KELM,3.6,13.8,10.200000000000001,10.316121029759566,False
triad_score,PBMSBAINGO-HGBKELM(Triad-mode),LR_balanced,1.0,11.2,10.2,10.316121029759566,False
triad_score,HistGB,NGO-KELM,3.8,13.8,10.0,10.316121029759566,False
triad_score,HistGB,TIS_NGO-KELM,3.8,13.8,10.0,10.316121029759566,False
triad_score,PBMSBAINGO-HGBKELM(MCC-guarded),NGO-KELM,3.8,13.8,10.0,10.316121029759566,False
triad_score,PBMSBAINGO-HGBKELM(MCC-guarded),TIS_NGO-KELM,3.8,13.8,10.0,10.316121029759566,False
triad_score,PBMSBAINGO-HGBKELM(F2-mode),PBMSBAINGO-KELM,3.6,13.2,9.6,10.316121029759566,False
triad_score,HistGB,PBMSBAINGO-KELM,3.8,13.2,9.399999999999999,10.316121029759566,False
triad_score,PBMSBAINGO-HGBKELM(MCC-guarded),PBMSBAINGO-KELM,3.8,13.2,9.399999999999999,10.316121029759566,False
triad_score,PBMSBAINGO-HGBKELM(Triad-mode),ExtraTrees_balanced,1.0,10.2,9.2,10.316121029759566,False
triad_score,PBMSBAINGO-HGBKELM(Sensitivity-mode),BAINGO-KELM,2.8,12.0,9.2,10.316121029759566,False
triad_score,PBMSBAINGO-HGBKELM(Sensitivity-mode),MSBAINGO-KELM,2.8,11.6,8.8,10.316121029759566,False
triad_score,PBMSBAINGO-HGBKELM(F2-mode),BAINGO-KELM,3.6,12.0,8.4,10.316121029759566,False
triad_score,PBMSBAINGO-HGBKELM(Sensitivity-mode),LR_balanced,2.8,11.2,8.399999999999999,10.316121029759566,False
triad_score,HistGB,BAINGO-KELM,3.8,12.0,8.2,10.316121029759566,False
triad_score,PBMSBAINGO-HGBKELM(MCC-guarded),BAINGO-KELM,3.8,12.0,8.2,10.316121029759566,False
triad_score,EasyEnsemble,INGO-KELM,6.0,14.2,8.2,10.316121029759566,False
triad_score,PBMSBAINGO-HGBKELM(F2-mode),MSBAINGO-KELM,3.6,11.6,8.0,10.316121029759566,False
triad_score,EasyEnsemble,NGO-KELM,6.0,13.8,7.800000000000001,10.316121029759566,False
triad_score,EasyEnsemble,TIS_NGO-KELM,6.0,13.8,7.800000000000001,10.316121029759566,False
triad_score,HistGB,MSBAINGO-KELM,3.8,11.6,7.8,10.316121029759566,False
triad_score,PBMSBAINGO-HGBKELM(MCC-guarded),MSBAINGO-KELM,3.8,11.6,7.8,10.316121029759566,False
triad_score,PBMSBAINGO-HGBKELM(F2-mode),LR_balanced,3.6,11.2,7.6,10.316121029759566,False
triad_score,PBMSBAINGO-HGBKELM(Sensitivity-mode),ExtraTrees_balanced,2.8,10.2,7.3999999999999995,10.316121029759566,False
triad_score,HistGB,LR_balanced,3.8,11.2,7.3999999999999995,10.316121029759566,False
triad_score,PBMSBAINGO-HGBKELM(MCC-guarded),LR_balanced,3.8,11.2,7.3999999999999995,10.316121029759566,False
triad_score,EasyEnsemble,PBMSBAINGO-KELM,6.0,13.2,7.199999999999999,10.316121029759566,False
triad_score,RF_balanced,INGO-KELM,7.0,14.2,7.199999999999999,10.316121029759566,False
triad_score,PBMSBAINGO-HGBKELM(Triad-mode),BalancedRF,1.0,8.0,7.0,10.316121029759566,False
triad_score,RF_balanced,NGO-KELM,7.0,13.8,6.800000000000001,10.316121029759566,False
triad_score,RF_balanced,TIS_NGO-KELM,7.0,13.8,6.800000000000001,10.316121029759566,False
triad_score,PBMSBAINGO-HGBKELM(F2-mode),ExtraTrees_balanced,3.6,10.2,6.6,10.316121029759566,False
triad_score,HistGB,ExtraTrees_balanced,3.8,10.2,6.3999999999999995,10.316121029759566,False
triad_score,PBMSBAINGO-HGBKELM(MCC-guarded),ExtraTrees_balanced,3.8,10.2,6.3999999999999995,10.316121029759566,False
triad_score,RF_balanced,PBMSBAINGO-KELM,7.0,13.2,6.199999999999999,10.316121029759566,False
triad_score,BalancedRF,INGO-KELM,8.0,14.2,6.199999999999999,10.316121029759566,False
triad_score,PBMSBAINGO-HGBKELM(Triad-mode),RF_balanced,1.0,7.0,6.0,10.316121029759566,False
triad_score,EasyEnsemble,BAINGO-KELM,6.0,12.0,6.0,10.316121029759566,False
triad_score,BalancedRF,NGO-KELM,8.0,13.8,5.800000000000001,10.316121029759566,False
triad_score,BalancedRF,TIS_NGO-KELM,8.0,13.8,5.800000000000001,10.316121029759566,False
triad_score,EasyEnsemble,MSBAINGO-KELM,6.0,11.6,5.6,10.316121029759566,False
triad_score,PBMSBAINGO-HGBKELM(Sensitivity-mode),BalancedRF,2.8,8.0,5.2,10.316121029759566,False
triad_score,EasyEnsemble,LR_balanced,6.0,11.2,5.199999999999999,10.316121029759566,False
triad_score,BalancedRF,PBMSBAINGO-KELM,8.0,13.2,5.199999999999999,10.316121029759566,False
triad_score,PBMSBAINGO-HGBKELM(Triad-mode),EasyEnsemble,1.0,6.0,5.0,10.316121029759566,False
triad_score,RF_balanced,BAINGO-KELM,7.0,12.0,5.0,10.316121029759566,False
triad_score,RF_balanced,MSBAINGO-KELM,7.0,11.6,4.6,10.316121029759566,False
triad_score,PBMSBAINGO-HGBKELM(F2-mode),BalancedRF,3.6,8.0,4.4,10.316121029759566,False
triad_score,PBMSBAINGO-HGBKELM(Sensitivity-mode),RF_balanced,2.8,7.0,4.2,10.316121029759566,False
triad_score,HistGB,BalancedRF,3.8,8.0,4.2,10.316121029759566,False
triad_score,PBMSBAINGO-HGBKELM(MCC-guarded),BalancedRF,3.8,8.0,4.2,10.316121029759566,False
triad_score,EasyEnsemble,ExtraTrees_balanced,6.0,10.2,4.199999999999999,10.316121029759566,False
triad_score,RF_balanced,LR_balanced,7.0,11.2,4.199999999999999,10.316121029759566,False
triad_score,BalancedRF,BAINGO-KELM,8.0,12.0,4.0,10.316121029759566,False
triad_score,ExtraTrees_balanced,INGO-KELM,10.2,14.2,4.0,10.316121029759566,False
triad_score,ExtraTrees_balanced,NGO-KELM,10.2,13.8,3.6000000000000014,10.316121029759566,False
triad_score,ExtraTrees_balanced,TIS_NGO-KELM,10.2,13.8,3.6000000000000014,10.316121029759566,False
triad_score,BalancedRF,MSBAINGO-KELM,8.0,11.6,3.5999999999999996,10.316121029759566,False
triad_score,PBMSBAINGO-HGBKELM(F2-mode),RF_balanced,3.6,7.0,3.4,10.316121029759566,False
triad_score,PBMSBAINGO-HGBKELM(Sensitivity-mode),EasyEnsemble,2.8,6.0,3.2,10.316121029759566,False
triad_score,HistGB,RF_balanced,3.8,7.0,3.2,10.316121029759566,False
triad_score,PBMSBAINGO-HGBKELM(MCC-guarded),RF_balanced,3.8,7.0,3.2,10.316121029759566,False
triad_score,RF_balanced,ExtraTrees_balanced,7.0,10.2,3.1999999999999993,10.316121029759566,False
triad_score,BalancedRF,LR_balanced,8.0,11.2,3.1999999999999993,10.316121029759566,False
triad_score,ExtraTrees_balanced,PBMSBAINGO-KELM,10.2,13.2,3.0,10.316121029759566,False
triad_score,LR_balanced,INGO-KELM,11.2,14.2,3.0,10.316121029759566,False
triad_score,PBMSBAINGO-HGBKELM(Triad-mode),HistGB,1.0,3.8,2.8,10.316121029759566,False
triad_score,PBMSBAINGO-HGBKELM(Triad-mode),PBMSBAINGO-HGBKELM(MCC-guarded),1.0,3.8,2.8,10.316121029759566,False
triad_score,LR_balanced,NGO-KELM,11.2,13.8,2.6000000000000014,10.316121029759566,False
triad_score,LR_balanced,TIS_NGO-KELM,11.2,13.8,2.6000000000000014,10.316121029759566,False
triad_score,PBMSBAINGO-HGBKELM(Triad-mode),PBMSBAINGO-HGBKELM(F2-mode),1.0,3.6,2.6,10.316121029759566,False
triad_score,MSBAINGO-KELM,INGO-KELM,11.6,14.2,2.5999999999999996,10.316121029759566,False
triad_score,PBMSBAINGO-HGBKELM(F2-mode),EasyEnsemble,3.6,6.0,2.4,10.316121029759566,False
triad_score,MSBAINGO-KELM,NGO-KELM,11.6,13.8,2.200000000000001,10.316121029759566,False
triad_score,MSBAINGO-KELM,TIS_NGO-KELM,11.6,13.8,2.200000000000001,10.316121029759566,False
triad_score,HistGB,EasyEnsemble,3.8,6.0,2.2,10.316121029759566,False
triad_score,PBMSBAINGO-HGBKELM(MCC-guarded),EasyEnsemble,3.8,6.0,2.2,10.316121029759566,False
triad_score,BalancedRF,ExtraTrees_balanced,8.0,10.2,2.1999999999999993,10.316121029759566,False
triad_score,BAINGO-KELM,INGO-KELM,12.0,14.2,2.1999999999999993,10.316121029759566,False
triad_score,EasyEnsemble,BalancedRF,6.0,8.0,2.0,10.316121029759566,False
triad_score,LR_balanced,PBMSBAINGO-KELM,11.2,13.2,2.0,10.316121029759566,False
triad_score,ExtraTrees_balanced,BAINGO-KELM,10.2,12.0,1.8000000000000007,10.316121029759566,False
triad_score,BAINGO-KELM,NGO-KELM,12.0,13.8,1.8000000000000007,10.316121029759566,False
triad_score,BAINGO-KELM,TIS_NGO-KELM,12.0,13.8,1.8000000000000007,10.316121029759566,False
triad_score,PBMSBAINGO-HGBKELM(Triad-mode),PBMSBAINGO-HGBKELM(Sensitivity-mode),1.0,2.8,1.7999999999999998,10.316121029759566,False
triad_score,MSBAINGO-KELM,PBMSBAINGO-KELM,11.6,13.2,1.5999999999999996,10.316121029759566,False
triad_score,ExtraTrees_balanced,MSBAINGO-KELM,10.2,11.6,1.4000000000000004,10.316121029759566,False
triad_score,BAINGO-KELM,PBMSBAINGO-KELM,12.0,13.2,1.1999999999999993,10.316121029759566,False
triad_score,PBMSBAINGO-HGBKELM(Sensitivity-mode),HistGB,2.8,3.8,1.0,10.316121029759566,False
triad_score,PBMSBAINGO-HGBKELM(Sensitivity-mode),PBMSBAINGO-HGBKELM(MCC-guarded),2.8,3.8,1.0,10.316121029759566,False
triad_score,EasyEnsemble,RF_balanced,6.0,7.0,1.0,10.316121029759566,False
triad_score,RF_balanced,BalancedRF,7.0,8.0,1.0,10.316121029759566,False
triad_score,ExtraTrees_balanced,LR_balanced,10.2,11.2,1.0,10.316121029759566,False
triad_score,PBMSBAINGO-KELM,INGO-KELM,13.2,14.2,1.0,10.316121029759566,False
triad_score,LR_balanced,BAINGO-KELM,11.2,12.0,0.8000000000000007,10.316121029759566,False
triad_score,PBMSBAINGO-HGBKELM(Sensitivity-mode),PBMSBAINGO-HGBKELM(F2-mode),2.8,3.6,0.8000000000000003,10.316121029759566,False
triad_score,PBMSBAINGO-KELM,NGO-KELM,13.2,13.8,0.6000000000000014,10.316121029759566,False
triad_score,PBMSBAINGO-KELM,TIS_NGO-KELM,13.2,13.8,0.6000000000000014,10.316121029759566,False
triad_score,LR_balanced,MSBAINGO-KELM,11.2,11.6,0.40000000000000036,10.316121029759566,False
triad_score,MSBAINGO-KELM,BAINGO-KELM,11.6,12.0,0.40000000000000036,10.316121029759566,False
triad_score,NGO-KELM,INGO-KELM,13.8,14.2,0.3999999999999986,10.316121029759566,False
triad_score,TIS_NGO-KELM,INGO-KELM,13.8,14.2,0.3999999999999986,10.316121029759566,False
triad_score,PBMSBAINGO-HGBKELM(F2-mode),HistGB,3.6,3.8,0.19999999999999973,10.316121029759566,False
triad_score,PBMSBAINGO-HGBKELM(F2-mode),PBMSBAINGO-HGBKELM(MCC-guarded),3.6,3.8,0.19999999999999973,10.316121029759566,False
triad_score,HistGB,PBMSBAINGO-HGBKELM(MCC-guarded),3.8,3.8,0.0,10.316121029759566,False
triad_score,NGO-KELM,TIS_NGO-KELM,13.8,13.8,0.0,10.316121029759566,False
