metric,control,method,n_pairs,control_mean,method_mean,mean_diff_control_minus_method,median_diff_control_minus_method,wins,losses,ties,matched_pairs_rank_biserial,statistic,p_value_two_sided,p_value_control_greater,note,holm_p_two_sided,holm_reject_two_sided,holm_p_control_greater,holm_reject_control_greater
ap,PBMSBAINGO-HGBKELM(Triad-mode),BAINGO-KELM,5,0.5941811701204577,0.16620910530330604,0.42797206481715167,0.40516260982563584,5,0,0,1.0,0.0,0.0625,0.03125,,0.9375,False,0.46875,False
ap,PBMSBAINGO-HGBKELM(Triad-mode),BalancedRF,5,0.5941811701204577,0.22068313617662075,0.37349803394383707,0.35084124832782526,5,0,0,1.0,0.0,0.0625,0.03125,,0.9375,False,0.46875,False
ap,PBMSBAINGO-HGBKELM(Triad-mode),EasyEnsemble,5,0.5941811701204577,0.28973387690411634,0.30444729321634145,0.3112123288625565,5,0,0,1.0,0.0,0.0625,0.03125,,0.9375,False,0.46875,False
ap,PBMSBAINGO-HGBKELM(Triad-mode),ExtraTrees_balanced,5,0.5941811701204577,0.17769698442708978,0.416484185693368,0.4065504527983823,5,0,0,1.0,0.0,0.0625,0.03125,,0.9375,False,0.46875,False
ap,PBMSBAINGO-HGBKELM(Triad-mode),HistGB,5,0.5941811701204577,0.4864065160074952,0.10777465411296258,0.10655311749337548,5,0,0,1.0,0.0,0.0625,0.03125,,0.9375,False,0.46875,False
ap,PBMSBAINGO-HGBKELM(Triad-mode),INGO-KELM,5,0.5941811701204577,0.15201907668445544,0.4421620934360023,0.42579087465020604,5,0,0,1.0,0.0,0.0625,0.03125,,0.9375,False,0.46875,False
ap,PBMSBAINGO-HGBKELM(Triad-mode),LR_balanced,5,0.5941811701204577,0.17939522937751834,0.4147859407429394,0.39082258391016705,5,0,0,1.0,0.0,0.0625,0.03125,,0.9375,False,0.46875,False
ap,PBMSBAINGO-HGBKELM(Triad-mode),MSBAINGO-KELM,5,0.5941811701204577,0.16629769533065164,0.42788347478980615,0.4200034629466907,5,0,0,1.0,0.0,0.0625,0.03125,,0.9375,False,0.46875,False
ap,PBMSBAINGO-HGBKELM(Triad-mode),NGO-KELM,5,0.5941811701204577,0.1565556899276271,0.43762548019283054,0.431784867417818,5,0,0,1.0,0.0,0.0625,0.03125,,0.9375,False,0.46875,False
ap,PBMSBAINGO-HGBKELM(Triad-mode),PBMSBAINGO-HGBKELM(F2-mode),5,0.5941811701204577,0.4796661553278387,0.1145150147926191,0.11825300719095144,5,0,0,1.0,0.0,0.0625,0.03125,,0.9375,False,0.46875,False
ap,PBMSBAINGO-HGBKELM(Triad-mode),PBMSBAINGO-HGBKELM(MCC-guarded),5,0.5941811701204577,0.4796584219680389,0.11452274815241884,0.11862838639439155,5,0,0,1.0,0.0,0.0625,0.03125,,0.9375,False,0.46875,False
ap,PBMSBAINGO-HGBKELM(Triad-mode),PBMSBAINGO-HGBKELM(Sensitivity-mode),5,0.5941811701204577,0.47784118348563104,0.11633998663482661,0.11892403136053026,5,0,0,1.0,0.0,0.0625,0.03125,,0.9375,False,0.46875,False
ap,PBMSBAINGO-HGBKELM(Triad-mode),PBMSBAINGO-KELM,5,0.5941811701204577,0.16462432304304758,0.42955684707741015,0.42192278296869024,5,0,0,1.0,0.0,0.0625,0.03125,,0.9375,False,0.46875,False
ap,PBMSBAINGO-HGBKELM(Triad-mode),RF_balanced,5,0.5941811701204577,0.26715293175737187,0.3270282383630859,0.3043159895684964,5,0,0,1.0,0.0,0.0625,0.03125,,0.9375,False,0.46875,False
ap,PBMSBAINGO-HGBKELM(Triad-mode),TIS_NGO-KELM,5,0.5941811701204577,0.16111959961757694,0.43306157050288074,0.4205523251796751,5,0,0,1.0,0.0,0.0625,0.03125,,0.9375,False,0.46875,False
f2,PBMSBAINGO-HGBKELM(Triad-mode),BAINGO-KELM,5,0.5691205157098087,0.30852593308931525,0.2605945826204934,0.24365954905123688,5,0,0,1.0,0.0,0.0625,0.03125,,0.9375,False,0.46875,False
f2,PBMSBAINGO-HGBKELM(Triad-mode),BalancedRF,5,0.5691205157098087,0.3548271847504301,0.21429333095937855,0.2192070260268995,5,0,0,1.0,0.0,0.0625,0.03125,,0.9375,False,0.46875,False
f2,PBMSBAINGO-HGBKELM(Triad-mode),EasyEnsemble,5,0.5691205157098087,0.3955976250663193,0.17352289064348933,0.1737350736956097,5,0,0,1.0,0.0,0.0625,0.03125,,0.9375,False,0.46875,False
f2,PBMSBAINGO-HGBKELM(Triad-mode),ExtraTrees_balanced,5,0.5691205157098087,0.31688953337201314,0.2522309823377955,0.24675460736558946,5,0,0,1.0,0.0,0.0625,0.03125,,0.9375,False,0.46875,False
f2,PBMSBAINGO-HGBKELM(Triad-mode),HistGB,5,0.5691205157098087,0.4749188683596266,0.09420164735018204,0.09566384959850721,5,0,0,1.0,0.0,0.0625,0.03125,,0.9375,False,0.46875,False
f2,PBMSBAINGO-HGBKELM(Triad-mode),INGO-KELM,5,0.5691205157098087,0.2918014687314899,0.2773190469783188,0.2631782816412748,5,0,0,1.0,0.0,0.0625,0.03125,,0.9375,False,0.46875,False
f2,PBMSBAINGO-HGBKELM(Triad-mode),LR_balanced,5,0.5691205157098087,0.31615176166492115,0.2529687540448875,0.23544854345340221,5,0,0,1.0,0.0,0.0625,0.03125,,0.9375,False,0.46875,False
f2,PBMSBAINGO-HGBKELM(Triad-mode),MSBAINGO-KELM,5,0.5691205157098087,0.3035642493497613,0.2655562663600475,0.25940769569976163,5,0,0,1.0,0.0,0.0625,0.03125,,0.9375,False,0.46875,False
f2,PBMSBAINGO-HGBKELM(Triad-mode),NGO-KELM,5,0.5691205157098087,0.29750210341201366,0.271618412297795,0.26224105296224975,5,0,0,1.0,0.0,0.0625,0.03125,,0.9375,False,0.46875,False
f2,PBMSBAINGO-HGBKELM(Triad-mode),PBMSBAINGO-HGBKELM(F2-mode),5,0.5691205157098087,0.4798968686124045,0.08922364709740413,0.09232623152358604,5,0,0,1.0,0.0,0.0625,0.03125,,0.9375,False,0.46875,False
f2,PBMSBAINGO-HGBKELM(Triad-mode),PBMSBAINGO-HGBKELM(MCC-guarded),5,0.5691205157098087,0.47740463341773876,0.09171588229206994,0.08947983656302572,5,0,0,1.0,0.0,0.0625,0.03125,,0.9375,False,0.46875,False
f2,PBMSBAINGO-HGBKELM(Triad-mode),PBMSBAINGO-HGBKELM(Sensitivity-mode),5,0.5691205157098087,0.5011196878723032,0.06800082783750548,0.07856983828146413,5,0,0,1.0,0.0,0.0625,0.03125,,0.9375,False,0.46875,False
f2,PBMSBAINGO-HGBKELM(Triad-mode),PBMSBAINGO-KELM,5,0.5691205157098087,0.29452495247354665,0.27459556323626205,0.26261076754385637,5,0,0,1.0,0.0,0.0625,0.03125,,0.9375,False,0.46875,False
f2,PBMSBAINGO-HGBKELM(Triad-mode),RF_balanced,5,0.5691205157098087,0.3810562011150441,0.1880643145947646,0.17754072451068054,5,0,0,1.0,0.0,0.0625,0.03125,,0.9375,False,0.46875,False
f2,PBMSBAINGO-HGBKELM(Triad-mode),TIS_NGO-KELM,5,0.5691205157098087,0.2857461166084935,0.2833743991013152,0.2643185415437057,5,0,0,1.0,0.0,0.0625,0.03125,,0.9375,False,0.46875,False
gmean,PBMSBAINGO-HGBKELM(Triad-mode),BAINGO-KELM,5,0.7751407484598738,0.617098849935031,0.15804189852484293,0.16352817262958175,5,0,0,1.0,0.0,0.0625,0.03125,,0.9375,False,0.46875,False
gmean,PBMSBAINGO-HGBKELM(Triad-mode),BalancedRF,5,0.7751407484598738,0.6608302348571653,0.11431051360270846,0.11636152427670121,5,0,0,1.0,0.0,0.0625,0.03125,,0.9375,False,0.46875,False
gmean,PBMSBAINGO-HGBKELM(Triad-mode),EasyEnsemble,5,0.7751407484598738,0.6764055042947458,0.09873524416512802,0.09026255559517993,5,0,0,1.0,0.0,0.0625,0.03125,,0.9375,False,0.46875,False
gmean,PBMSBAINGO-HGBKELM(Triad-mode),ExtraTrees_balanced,5,0.7751407484598738,0.6336604682420421,0.1414802802178316,0.15126492872175468,5,0,0,1.0,0.0,0.0625,0.03125,,0.9375,False,0.46875,False
gmean,PBMSBAINGO-HGBKELM(Triad-mode),HistGB,5,0.7751407484598738,0.6950681858569758,0.080072562602898,0.08145239328459353,5,0,0,1.0,0.0,0.0625,0.03125,,0.9375,False,0.46875,False
gmean,PBMSBAINGO-HGBKELM(Triad-mode),INGO-KELM,5,0.7751407484598738,0.6066615911087558,0.16847915735111782,0.17157579934338862,5,0,0,1.0,0.0,0.0625,0.03125,,0.9375,False,0.46875,False
gmean,PBMSBAINGO-HGBKELM(Triad-mode),LR_balanced,5,0.7751407484598738,0.638716958281451,0.13642379017842274,0.12923034339630224,5,0,0,1.0,0.0,0.0625,0.03125,,0.9375,False,0.46875,False
gmean,PBMSBAINGO-HGBKELM(Triad-mode),MSBAINGO-KELM,5,0.7751407484598738,0.604963179592622,0.1701775688672517,0.17154286286532594,5,0,0,1.0,0.0,0.0625,0.03125,,0.9375,False,0.46875,False
gmean,PBMSBAINGO-HGBKELM(Triad-mode),NGO-KELM,5,0.7751407484598738,0.6088514930375822,0.1662892554222915,0.14610583764497453,5,0,0,1.0,0.0,0.0625,0.03125,,0.9375,False,0.46875,False
gmean,PBMSBAINGO-HGBKELM(Triad-mode),PBMSBAINGO-HGBKELM(F2-mode),5,0.7751407484598738,0.7031533758935191,0.07198737256635468,0.06989901117851216,5,0,0,1.0,0.0,0.0625,0.03125,,0.9375,False,0.46875,False
gmean,PBMSBAINGO-HGBKELM(Triad-mode),PBMSBAINGO-HGBKELM(MCC-guarded),5,0.7751407484598738,0.6932322354897815,0.08190851297009225,0.08018903338797878,5,0,0,1.0,0.0,0.0625,0.03125,,0.9375,False,0.46875,False
gmean,PBMSBAINGO-HGBKELM(Triad-mode),PBMSBAINGO-HGBKELM(Sensitivity-mode),5,0.7751407484598738,0.7445913551789153,0.03054939328095847,0.0397903115462922,5,0,0,1.0,0.0,0.0625,0.03125,,0.9375,False,0.46875,False
gmean,PBMSBAINGO-HGBKELM(Triad-mode),PBMSBAINGO-KELM,5,0.7751407484598738,0.5931896610744991,0.18195108738537472,0.16501950572242174,5,0,0,1.0,0.0,0.0625,0.03125,,0.9375,False,0.46875,False
gmean,PBMSBAINGO-HGBKELM(Triad-mode),RF_balanced,5,0.7751407484598738,0.6702625170624872,0.10487823139738657,0.1054195340772155,5,0,0,1.0,0.0,0.0625,0.03125,,0.9375,False,0.46875,False
gmean,PBMSBAINGO-HGBKELM(Triad-mode),TIS_NGO-KELM,5,0.7751407484598738,0.5809165187140551,0.19422422974581868,0.18704525756947965,5,0,0,1.0,0.0,0.0625,0.03125,,0.9375,False,0.46875,False
mcc,PBMSBAINGO-HGBKELM(Triad-mode),BAINGO-KELM,5,0.49334212080002854,0.19832995835115125,0.29501216244887724,0.2679818645358385,5,0,0,1.0,0.0,0.0625,0.03125,,0.9375,False,0.46875,False
mcc,PBMSBAINGO-HGBKELM(Triad-mode),BalancedRF,5,0.49334212080002854,0.23953651093023778,0.2538056098697908,0.23447604331656013,5,0,0,1.0,0.0,0.0625,0.03125,,0.9375,False,0.46875,False
mcc,PBMSBAINGO-HGBKELM(Triad-mode),EasyEnsemble,5,0.49334212080002854,0.2956341560251203,0.1977079647749082,0.1804533302148575,5,0,0,1.0,0.0,0.0625,0.03125,,0.9375,False,0.46875,False
mcc,PBMSBAINGO-HGBKELM(Triad-mode),ExtraTrees_balanced,5,0.49334212080002854,0.20027149757546212,0.2930706232245664,0.2610987240118332,5,0,0,1.0,0.0,0.0625,0.03125,,0.9375,False,0.46875,False
mcc,PBMSBAINGO-HGBKELM(Triad-mode),HistGB,5,0.49334212080002854,0.4379373386395523,0.0554047821604763,0.057360634493134555,5,0,0,1.0,0.0,0.0625,0.03125,,0.9375,False,0.46875,False
mcc,PBMSBAINGO-HGBKELM(Triad-mode),INGO-KELM,5,0.49334212080002854,0.17492688764920533,0.31841523315082315,0.2789675132622036,5,0,0,1.0,0.0,0.0625,0.03125,,0.9375,False,0.46875,False
mcc,PBMSBAINGO-HGBKELM(Triad-mode),LR_balanced,5,0.49334212080002854,0.19961355105168935,0.29372856974833916,0.2746797762695034,5,0,0,1.0,0.0,0.0625,0.03125,,0.9375,False,0.46875,False
mcc,PBMSBAINGO-HGBKELM(Triad-mode),MSBAINGO-KELM,5,0.49334212080002854,0.19430839459312005,0.29903372620690843,0.26958897920712643,5,0,0,1.0,0.0,0.0625,0.03125,,0.9375,False,0.46875,False
mcc,PBMSBAINGO-HGBKELM(Triad-mode),NGO-KELM,5,0.49334212080002854,0.1791855949757085,0.31415652582432,0.27391127251072894,5,0,0,1.0,0.0,0.0625,0.03125,,0.9375,False,0.46875,False
mcc,PBMSBAINGO-HGBKELM(Triad-mode),PBMSBAINGO-HGBKELM(F2-mode),5,0.49334212080002854,0.43248236509275256,0.060859755707275975,0.06154212379516166,5,0,0,1.0,0.0,0.0625,0.03125,,0.9375,False,0.46875,False
mcc,PBMSBAINGO-HGBKELM(Triad-mode),PBMSBAINGO-HGBKELM(MCC-guarded),5,0.49334212080002854,0.4413290158526978,0.052013104947330746,0.05345409007688856,5,0,0,1.0,0.0,0.0625,0.03125,,0.9375,False,0.46875,False
mcc,PBMSBAINGO-HGBKELM(Triad-mode),PBMSBAINGO-HGBKELM(Sensitivity-mode),5,0.49334212080002854,0.40163828779142935,0.09170383300859918,0.09936832427279951,5,0,0,1.0,0.0,0.0625,0.03125,,0.9375,False,0.46875,False
mcc,PBMSBAINGO-HGBKELM(Triad-mode),PBMSBAINGO-KELM,5,0.49334212080002854,0.19030903148692996,0.3030330893130985,0.2712345895290511,5,0,0,1.0,0.0,0.0625,0.03125,,0.9375,False,0.46875,False
mcc,PBMSBAINGO-HGBKELM(Triad-mode),RF_balanced,5,0.49334212080002854,0.2723503346699956,0.22099178613003292,0.19617200319865602,5,0,0,1.0,0.0,0.0625,0.03125,,0.9375,False,0.46875,False
mcc,PBMSBAINGO-HGBKELM(Triad-mode),TIS_NGO-KELM,5,0.49334212080002854,0.18368353593510173,0.3096585848649268,0.2732563495272194,5,0,0,1.0,0.0,0.0625,0.03125,,0.9375,False,0.46875,False
precision,PBMSBAINGO-HGBKELM(Triad-mode),BAINGO-KELM,5,0.44961963439574004,0.17284135576040177,0.27677827863533827,0.23001269657682122,5,0,0,1.0,0.0,0.0625,0.03125,,0.9375,False,0.46875,False
precision,PBMSBAINGO-HGBKELM(Triad-mode),BalancedRF,5,0.44961963439574004,0.1917346330528198,0.25788500134292025,0.200490100386859,5,0,0,1.0,0.0,0.0625,0.03125,,0.9375,False,0.46875,False
precision,PBMSBAINGO-HGBKELM(Triad-mode),EasyEnsemble,5,0.44961963439574004,0.2525344359355148,0.19708519846022526,0.16268493043690635,5,0,0,1.0,0.0,0.0625,0.03125,,0.9375,False,0.46875,False
precision,PBMSBAINGO-HGBKELM(Triad-mode),ExtraTrees_balanced,5,0.44961963439574004,0.16588743318322496,0.28373220121251513,0.22024133566506196,5,0,0,1.0,0.0,0.0625,0.03125,,0.9375,False,0.46875,False
precision,PBMSBAINGO-HGBKELM(Triad-mode),INGO-KELM,5,0.44961963439574004,0.14966544294344258,0.2999541914522975,0.2366172472937086,5,0,0,1.0,0.0,0.0625,0.03125,,0.9375,False,0.46875,False
precision,PBMSBAINGO-HGBKELM(Triad-mode),LR_balanced,5,0.44961963439574004,0.16384461104103668,0.28577502335470345,0.2271998280690935,5,0,0,1.0,0.0,0.0625,0.03125,,0.9375,False,0.46875,False
precision,PBMSBAINGO-HGBKELM(Triad-mode),MSBAINGO-KELM,5,0.44961963439574004,0.16721523293065127,0.28240440146508883,0.22125826748356378,5,0,0,1.0,0.0,0.0625,0.03125,,0.9375,False,0.46875,False
precision,PBMSBAINGO-HGBKELM(Triad-mode),NGO-KELM,5,0.44961963439574004,0.14974878636723338,0.2998708480285067,0.2346690279082454,5,0,0,1.0,0.0,0.0625,0.03125,,0.9375,False,0.46875,False
precision,PBMSBAINGO-HGBKELM(Triad-mode),PBMSBAINGO-HGBKELM(Sensitivity-mode),5,0.44961963439574004,0.3387886832491332,0.11083095114660686,0.09540484458165949,5,0,0,1.0,0.0,0.0625,0.03125,,0.9375,False,0.46875,False
precision,PBMSBAINGO-HGBKELM(Triad-mode),PBMSBAINGO-KELM,5,0.44961963439574004,0.17398842110679755,0.2756312132889426,0.22727534112674314,5,0,0,1.0,0.0,0.0625,0.03125,,0.9375,False,0.46875,False
precision,PBMSBAINGO-HGBKELM(Triad-mode),RF_balanced,5,0.44961963439574004,0.22312603597232533,0.2264935984234148,0.17823459302551486,5,0,0,1.0,0.0,0.0625,0.03125,,0.9375,False,0.46875,False
precision,PBMSBAINGO-HGBKELM(Triad-mode),TIS_NGO-KELM,5,0.44961963439574004,0.169067081837405,0.2805525525583351,0.22586527446546018,5,0,0,1.0,0.0,0.0625,0.03125,,0.9375,False,0.46875,False
precision,PBMSBAINGO-HGBKELM(Triad-mode),PBMSBAINGO-HGBKELM(F2-mode),5,0.44961963439574004,0.4425003714298919,0.007119262965848227,-0.009987968143615245,2,3,0,0.06666666666666667,7.0,1.0,0.5,,1.0,False,1.0,False
precision,PBMSBAINGO-HGBKELM(Triad-mode),HistGB,5,0.44961963439574004,0.462646760818093,-0.013027126422352875,-0.03111006564878288,2,3,0,-0.3333333333333333,5.0,0.625,0.78125,,1.0,False,1.0,False
precision,PBMSBAINGO-HGBKELM(Triad-mode),PBMSBAINGO-HGBKELM(MCC-guarded),5,0.44961963439574004,0.46702120444196493,-0.01740157004622489,-0.033609502934058066,1,4,0,-0.4666666666666667,4.0,0.4375,0.84375,,1.0,False,1.0,False
sensitivity,PBMSBAINGO-HGBKELM(Triad-mode),BAINGO-KELM,5,0.6362001733867138,0.4585916789175589,0.17760849446915486,0.1703703703703704,5,0,0,1.0,0.0,0.0625,0.03125,,0.9375,False,0.46875,False
sensitivity,PBMSBAINGO-HGBKELM(Triad-mode),BalancedRF,5,0.6362001733867138,0.5155650120970431,0.12063516128967074,0.11604938271604948,5,0,0,1.0,0.0,0.0625,0.03125,,0.9375,False,0.46875,False
sensitivity,PBMSBAINGO-HGBKELM(Triad-mode),EasyEnsemble,5,0.6362001733867138,0.520372456819394,0.11582771656731991,0.09225806451612906,5,0,0,1.0,0.0,0.0625,0.03125,,0.9375,False,0.46875,False
sensitivity,PBMSBAINGO-HGBKELM(Triad-mode),ExtraTrees_balanced,5,0.6362001733867138,0.48669378356120285,0.14950638982551095,0.16049382716049393,5,0,0,1.0,0.0,0.0625,0.03125,,0.9375,False,0.46875,False
sensitivity,PBMSBAINGO-HGBKELM(Triad-mode),HistGB,5,0.6362001733867138,0.5137118063398767,0.12248836704683712,0.11476510067114093,5,0,0,1.0,0.0,0.0625,0.03125,,0.9375,False,0.46875,False
sensitivity,PBMSBAINGO-HGBKELM(Triad-mode),INGO-KELM,5,0.6362001733867138,0.45392936670400114,0.18227080668271264,0.1916666666666667,5,0,0,1.0,0.0,0.0625,0.03125,,0.9375,False,0.46875,False
sensitivity,PBMSBAINGO-HGBKELM(Triad-mode),LR_balanced,5,0.6362001733867138,0.5058768916847717,0.13032328170194218,0.09382716049382722,5,0,0,1.0,0.0,0.0625,0.03125,,0.9375,False,0.46875,False
sensitivity,PBMSBAINGO-HGBKELM(Triad-mode),MSBAINGO-KELM,5,0.6362001733867138,0.45132885048787463,0.18487132289883917,0.2065040650406504,5,0,0,1.0,0.0,0.0625,0.03125,,0.9375,False,0.46875,False
sensitivity,PBMSBAINGO-HGBKELM(Triad-mode),NGO-KELM,5,0.6362001733867138,0.4665194631263624,0.1696807102603513,0.1796747967479675,5,0,0,1.0,0.0,0.0625,0.03125,,0.9375,False,0.46875,False
sensitivity,PBMSBAINGO-HGBKELM(Triad-mode),PBMSBAINGO-HGBKELM(F2-mode),5,0.6362001733867138,0.5283430857085266,0.10785708767818716,0.09060402684563756,5,0,0,1.0,0.0,0.0625,0.03125,,0.9375,False,0.46875,False
sensitivity,PBMSBAINGO-HGBKELM(Triad-mode),PBMSBAINGO-HGBKELM(MCC-guarded),5,0.6362001733867138,0.5062976857303393,0.12990248765637452,0.1181208053691275,5,0,0,1.0,0.0,0.0625,0.03125,,0.9375,False,0.46875,False
sensitivity,PBMSBAINGO-HGBKELM(Triad-mode),PBMSBAINGO-KELM,5,0.6362001733867138,0.43467325251949207,0.20152692086722174,0.2251612903225807,5,0,0,1.0,0.0,0.0625,0.03125,,0.9375,False,0.46875,False
sensitivity,PBMSBAINGO-HGBKELM(Triad-mode),RF_balanced,5,0.6362001733867138,0.5157616780485719,0.12043849533814192,0.12193548387096786,5,0,0,1.0,0.0,0.0625,0.03125,,0.9375,False,0.46875,False
sensitivity,PBMSBAINGO-HGBKELM(Triad-mode),TIS_NGO-KELM,5,0.6362001733867138,0.41802735034109856,0.2181728230456152,0.23096774193548397,5,0,0,1.0,0.0,0.0625,0.03125,,0.9375,False,0.46875,False
sensitivity,PBMSBAINGO-HGBKELM(Triad-mode),PBMSBAINGO-HGBKELM(Sensitivity-mode),5,0.6362001733867138,0.6040832987009719,0.03211687468574189,0.037583892617449655,4,1,0,0.7333333333333333,2.0,0.1875,0.09375,,0.9375,False,0.46875,False
specificity,PBMSBAINGO-HGBKELM(Triad-mode),BAINGO-KELM,5,0.9497079758913352,0.8475269703346505,0.10218100555668459,0.1266712141882672,5,0,0,1.0,0.0,0.0625,0.03125,,0.9375,False,0.46875,False
specificity,PBMSBAINGO-HGBKELM(Triad-mode),BalancedRF,5,0.9497079758913352,0.8604064001964588,0.08930157569487629,0.10167652859960552,5,0,0,1.0,0.0,0.0625,0.03125,,0.9375,False,0.46875,False
specificity,PBMSBAINGO-HGBKELM(Triad-mode),ExtraTrees_balanced,5,0.9497079758913352,0.8362324327802829,0.11347554311105212,0.14649901380670616,5,0,0,1.0,0.0,0.0625,0.03125,,0.9375,False,0.46875,False
specificity,PBMSBAINGO-HGBKELM(Triad-mode),INGO-KELM,5,0.9497079758913352,0.8307977267953772,0.11891024909595775,0.15149900066622246,5,0,0,1.0,0.0,0.0625,0.03125,,0.9375,False,0.46875,False
specificity,PBMSBAINGO-HGBKELM(Triad-mode),LR_balanced,5,0.9497079758913352,0.8230487766277423,0.12665919926359254,0.16525649566955358,5,0,0,1.0,0.0,0.0625,0.03125,,0.9375,False,0.46875,False
specificity,PBMSBAINGO-HGBKELM(Triad-mode),MSBAINGO-KELM,5,0.9497079758913352,0.850732684233906,0.09897529165742895,0.09761255115961798,5,0,0,1.0,0.0,0.0625,0.03125,,0.9375,False,0.46875,False
specificity,PBMSBAINGO-HGBKELM(Triad-mode),NGO-KELM,5,0.9497079758913352,0.8282106704270898,0.1214973054642452,0.14478171896316494,5,0,0,1.0,0.0,0.0625,0.03125,,0.9375,False,0.46875,False
specificity,PBMSBAINGO-HGBKELM(Triad-mode),PBMSBAINGO-HGBKELM(Sensitivity-mode),5,0.9497079758913352,0.9260929110125018,0.023615064878833268,0.031360946745562224,5,0,0,1.0,0.0,0.0625,0.03125,,0.9375,False,0.46875,False
specificity,PBMSBAINGO-HGBKELM(Triad-mode),PBMSBAINGO-KELM,5,0.9497079758913352,0.8547379577778556,0.09497001811347953,0.09863574351978166,5,0,0,1.0,0.0,0.0625,0.03125,,0.9375,False,0.46875,False
specificity,PBMSBAINGO-HGBKELM(Triad-mode),RF_balanced,5,0.9497079758913352,0.8865144664449476,0.06319350944638744,0.06978081207330222,5,0,0,1.0,0.0,0.0625,0.03125,,0.9375,False,0.46875,False
specificity,PBMSBAINGO-HGBKELM(Triad-mode),TIS_NGO-KELM,5,0.9497079758913352,0.8617269894152031,0.08798098647613191,0.09358799454297417,5,0,0,1.0,0.0,0.0625,0.03125,,0.9375,False,0.46875,False
specificity,PBMSBAINGO-HGBKELM(Triad-mode),EasyEnsemble,5,0.9497079758913352,0.8951879906693634,0.05451998522197177,0.06409060626249163,4,1,0,0.8666666666666667,1.0,0.125,0.0625,,0.9375,False,0.46875,False
specificity,PBMSBAINGO-HGBKELM(Triad-mode),PBMSBAINGO-HGBKELM(F2-mode),5,0.9497079758913352,0.9485011716246758,0.0012068042666592005,-0.0062130177514791995,2,3,0,0.2,6.0,0.8125,0.40625,,1.0,False,1.0,False
specificity,PBMSBAINGO-HGBKELM(Triad-mode),HistGB,5,0.9497079758913352,0.9533425951384409,-0.0036346192471058193,-0.006755424063116244,2,3,0,-0.2,6.0,0.8125,0.6875,,1.0,False,1.0,False
specificity,PBMSBAINGO-HGBKELM(Triad-mode),PBMSBAINGO-HGBKELM(MCC-guarded),5,0.9497079758913352,0.9590528960988156,-0.009344920207480567,-0.008727810650887569,1,4,0,-0.6,3.0,0.3125,0.90625,,0.9375,False,1.0,False
triad_score,PBMSBAINGO-HGBKELM(Triad-mode),BAINGO-KELM,5,0.6638875440153333,0.41419709192678855,0.24969045208854485,0.23882336293229034,5,0,0,1.0,0.0,0.0625,0.03125,,0.9375,False,0.46875,False
triad_score,PBMSBAINGO-HGBKELM(Triad-mode),BalancedRF,5,0.6638875440153333,0.46562018790687115,0.1982673561084622,0.208251045641822,5,0,0,1.0,0.0,0.0625,0.03125,,0.9375,False,0.46875,False
triad_score,PBMSBAINGO-HGBKELM(Triad-mode),EasyEnsemble,5,0.6638875440153333,0.5086931386747731,0.15519440534056025,0.14583854587502065,5,0,0,1.0,0.0,0.0625,0.03125,,0.9375,False,0.46875,False
triad_score,PBMSBAINGO-HGBKELM(Triad-mode),ExtraTrees_balanced,5,0.6638875440153333,0.4243718166288918,0.23951572738644158,0.23697450085065863,5,0,0,1.0,0.0,0.0625,0.03125,,0.9375,False,0.46875,False
triad_score,PBMSBAINGO-HGBKELM(Triad-mode),HistGB,5,0.6638875440153333,0.5910638539877683,0.07282369002756509,0.07933721607986455,5,0,0,1.0,0.0,0.0625,0.03125,,0.9375,False,0.46875,False
triad_score,PBMSBAINGO-HGBKELM(Triad-mode),INGO-KELM,5,0.6638875440153333,0.3919631877832185,0.27192435623211486,0.25547573811675617,5,0,0,1.0,0.0,0.0625,0.03125,,0.9375,False,0.46875,False
triad_score,PBMSBAINGO-HGBKELM(Triad-mode),LR_balanced,5,0.6638875440153333,0.42605841349969464,0.23782913051563873,0.2270493298238323,5,0,0,1.0,0.0,0.0625,0.03125,,0.9375,False,0.46875,False
triad_score,PBMSBAINGO-HGBKELM(Triad-mode),MSBAINGO-KELM,5,0.6638875440153333,0.4057450315030616,0.25814251251227177,0.247619311270742,5,0,0,1.0,0.0,0.0625,0.03125,,0.9375,False,0.46875,False
triad_score,PBMSBAINGO-HGBKELM(Triad-mode),NGO-KELM,5,0.6638875440153333,0.3963269738632991,0.2675605701520343,0.25388197319322703,5,0,0,1.0,0.0,0.0625,0.03125,,0.9375,False,0.46875,False
triad_score,PBMSBAINGO-HGBKELM(Triad-mode),PBMSBAINGO-HGBKELM(F2-mode),5,0.6638875440153333,0.5930819525471664,0.07080559146816681,0.0770721388718959,5,0,0,1.0,0.0,0.0625,0.03125,,0.9375,False,0.46875,False
triad_score,PBMSBAINGO-HGBKELM(Triad-mode),PBMSBAINGO-HGBKELM(MCC-guarded),5,0.6638875440153333,0.5922616697307408,0.07162587428459259,0.07698604612179294,5,0,0,1.0,0.0,0.0625,0.03125,,0.9375,False,0.46875,False
triad_score,PBMSBAINGO-HGBKELM(Triad-mode),PBMSBAINGO-HGBKELM(Sensitivity-mode),5,0.6638875440153333,0.6022616464144275,0.061625897600906,0.0690461091062532,5,0,0,1.0,0.0,0.0625,0.03125,,0.9375,False,0.46875,False
triad_score,PBMSBAINGO-HGBKELM(Triad-mode),PBMSBAINGO-KELM,5,0.6638875440153333,0.3971634919318572,0.26672405208347616,0.2522688801654661,5,0,0,1.0,0.0,0.0625,0.03125,,0.9375,False,0.46875,False
triad_score,PBMSBAINGO-HGBKELM(Triad-mode),RF_balanced,5,0.6638875440153333,0.49232601808440657,0.17156152593092672,0.16298448075865007,5,0,0,1.0,0.0,0.0625,0.03125,,0.9375,False,0.46875,False
triad_score,PBMSBAINGO-HGBKELM(Triad-mode),TIS_NGO-KELM,5,0.6638875440153333,0.38853390894381346,0.2753536350715199,0.25639970884197705,5,0,0,1.0,0.0,0.0625,0.03125,,0.9375,False,0.46875,False
